numero,variable,region,model,langue,surprisal
13,ORCsgGap,1,BERT,Français,19.02019201849633
13,ORCsgGap,2,BERT,Français,10.549500297302027
13,ORCsgGap,3,BERT,Français,7.729130254994781
13,ORCsgGap,4,BERT,Français,8.579308314603516
13,ORCsgGap,5,BERT,Français,6.04010495807307
13,ORCsgGap,6,BERT,Français,14.906070074030895
13,ORCsgGap,8,BERT,Français,10.691866122314098
13,ORCsgGap,9,BERT,Français,14.030254188253707
14,ORCsgGap,1,BERT,Français,16.62671942738866
14,ORCsgGap,2,BERT,Français,11.607204118937243
14,ORCsgGap,3,BERT,Français,6.956713164953871
14,ORCsgGap,4,BERT,Français,10.081026516109265
14,ORCsgGap,5,BERT,Français,12.646780201005686
14,ORCsgGap,6,BERT,Français,15.62477160732057
14,ORCsgGap,8,BERT,Français,12.186581837215016
14,ORCsgGap,9,BERT,Français,14.115979881280332
15,ORCsgGap,1,BERT,Français,18.96747295175372
15,ORCsgGap,2,BERT,Français,11.326204196020583
15,ORCsgGap,3,BERT,Français,18.959145431945455
15,ORCsgGap,4,BERT,Français,6.623862552059896
15,ORCsgGap,5,BERT,Français,14.803816186543791
15,ORCsgGap,6,BERT,Français,12.66987693013985
15,ORCsgGap,8,BERT,Français,14.25961178340321
15,ORCsgGap,9,BERT,Français,15.011669743940764
16,ORCsgGap,1,BERT,Français,15.960174796408847
16,ORCsgGap,2,BERT,Français,9.97188214690334
16,ORCsgGap,3,BERT,Français,15.081762562788688
16,ORCsgGap,4,BERT,Français,8.4455718110191
16,ORCsgGap,5,BERT,Français,20.39771049362413
16,ORCsgGap,6,BERT,Français,16.920655688013852
16,ORCsgGap,8,BERT,Français,16.58448077176055
16,ORCsgGap,9,BERT,Français,12.326250554301613
17,ORCsgGap,1,BERT,Français,20.851673933979235
17,ORCsgGap,2,BERT,Français,14.781833823975086
17,ORCsgGap,3,BERT,Français,6.664436953113503
17,ORCsgGap,4,BERT,Français,8.080877441880816
17,ORCsgGap,5,BERT,Français,13.56250608495179
17,ORCsgGap,6,BERT,Français,17.52182164954838
17,ORCsgGap,8,BERT,Français,14.609652582469327
17,ORCsgGap,9,BERT,Français,13.581405901495739
18,ORCsgGap,1,BERT,Français,15.746797387002633
18,ORCsgGap,2,BERT,Français,9.437558883072954
18,ORCsgGap,3,BERT,Français,12.946079585683147
18,ORCsgGap,4,BERT,Français,8.67045313863775
18,ORCsgGap,5,BERT,Français,9.77820094253837
18,ORCsgGap,6,BERT,Français,15.610539070419016
18,ORCsgGap,8,BERT,Français,18.46605211299837
18,ORCsgGap,9,BERT,Français,12.534431353336458
19,ORCplGap,1,BERT,Français,19.2806994457842
19,ORCplGap,2,BERT,Français,12.996927536262005
19,ORCplGap,3,BERT,Français,18.420341436331885
19,ORCplGap,4,BERT,Français,5.500772212226067
19,ORCplGap,5,BERT,Français,8.271865653814992
19,ORCplGap,6,BERT,Français,10.085354923358613
19,ORCplGap,8,BERT,Français,7.380599196443617
19,ORCplGap,9,BERT,Français,13.81133751281791
20,ORCplGap,1,BERT,Français,18.386976880361434
20,ORCplGap,2,BERT,Français,11.742715323608788
20,ORCplGap,3,BERT,Français,15.085781680342299
20,ORCplGap,4,BERT,Français,5.938194901378759
20,ORCplGap,5,BERT,Français,19.43477098836178
20,ORCplGap,6,BERT,Français,7.4253761011842645
20,ORCplGap,8,BERT,Français,11.666940626133583
20,ORCplGap,9,BERT,Français,16.973307211173136
21,ORCplGap,1,BERT,Français,17.549806661068782
21,ORCplGap,2,BERT,Français,14.549717161886058
21,ORCplGap,3,BERT,Français,9.240665441315803
21,ORCplGap,4,BERT,Français,14.035787121899011
21,ORCplGap,5,BERT,Français,8.455679208603975
21,ORCplGap,6,BERT,Français,14.341156358997484
21,ORCplGap,8,BERT,Français,18.681628208021827
21,ORCplGap,9,BERT,Français,15.319948943838906
22,ORCplGap,1,BERT,Français,16.36410091035759
22,ORCplGap,2,BERT,Français,11.831308909213135
22,ORCplGap,3,BERT,Français,12.91508685797722
22,ORCplGap,4,BERT,Français,8.661729602838546
22,ORCplGap,5,BERT,Français,12.817762972233044
22,ORCplGap,6,BERT,Français,20.506263998012656
22,ORCplGap,8,BERT,Français,15.026482258049361
22,ORCplGap,9,BERT,Français,15.929809759857935
23,ORCplGap,1,BERT,Français,18.858906321996276
23,ORCplGap,2,BERT,Français,20.96802761214646
23,ORCplGap,3,BERT,Français,11.606122931885716
23,ORCplGap,4,BERT,Français,5.939147094695996
23,ORCplGap,5,BERT,Français,15.17746767848309
23,ORCplGap,6,BERT,Français,16.477747740270708
23,ORCplGap,8,BERT,Français,11.986116132291338
23,ORCplGap,9,BERT,Français,18.008992823212868
24,ORCplGap,1,BERT,Français,16.06514672977902
24,ORCplGap,2,BERT,Français,11.623561250698804
24,ORCplGap,3,BERT,Français,24.940744834944493
24,ORCplGap,4,BERT,Français,7.689271572632687
24,ORCplGap,5,BERT,Français,13.84407390342456
24,ORCplGap,6,BERT,Français,10.385599842128705
24,ORCplGap,8,BERT,Français,10.988463731515493
24,ORCplGap,9,BERT,Français,13.763374516769279
1,ORCplGap,1,BERT,Français,14.46070343181794
1,ORCplGap,2,BERT,Français,11.538028152600724
1,ORCplGap,3,BERT,Français,8.85278498059111
1,ORCplGap,4,BERT,Français,6.512668028183017
1,ORCplGap,5,BERT,Français,13.846884367107835
1,ORCplGap,6,BERT,Français,24.641432229216182
1,ORCplGap,8,BERT,Français,12.353112727317376
1,ORCplGap,9,BERT,Français,14.111023721094506
2,ORCplGap,1,BERT,Français,17.916727312653727
2,ORCplGap,2,BERT,Français,8.885500822164811
2,ORCplGap,3,BERT,Français,8.323476963355953
2,ORCplGap,4,BERT,Français,10.900425206659156
2,ORCplGap,5,BERT,Français,11.487879129838626
2,ORCplGap,6,BERT,Français,19.925449849493383
2,ORCplGap,8,BERT,Français,10.860874153951388
2,ORCplGap,9,BERT,Français,14.158183553541459
3,ORCplGap,1,BERT,Français,15.864032128975593
3,ORCplGap,2,BERT,Français,11.04466350696008
3,ORCplGap,3,BERT,Français,13.954416626235219
3,ORCplGap,4,BERT,Français,7.095250732092969
3,ORCplGap,5,BERT,Français,13.424924646239909
3,ORCplGap,6,BERT,Français,15.734144914206006
3,ORCplGap,8,BERT,Français,13.843077981581187
3,ORCplGap,9,BERT,Français,11.433643957418735
4,ORCplGap,1,BERT,Français,18.149187086097793
4,ORCplGap,2,BERT,Français,13.671270706851086
4,ORCplGap,3,BERT,Français,21.191653717528606
4,ORCplGap,4,BERT,Français,5.670326957895654
4,ORCplGap,5,BERT,Français,14.231159046598506
4,ORCplGap,6,BERT,Français,10.411486761671108
4,ORCplGap,8,BERT,Français,9.948397064164972
4,ORCplGap,9,BERT,Français,14.07294238925042
5,ORCplGap,1,BERT,Français,19.652538937143664
5,ORCplGap,2,BERT,Français,11.446238775905865
5,ORCplGap,3,BERT,Français,9.692814619699408
5,ORCplGap,4,BERT,Français,11.119308354831539
5,ORCplGap,5,BERT,Français,10.664783994068099
5,ORCplGap,6,BERT,Français,9.793492495489744
5,ORCplGap,8,BERT,Français,2.871164089290602
5,ORCplGap,9,BERT,Français,11.451545994871353
6,ORCplGap,1,BERT,Français,19.18242012667936
6,ORCplGap,2,BERT,Français,9.022890431278368
6,ORCplGap,3,BERT,Français,12.642829797046891
6,ORCplGap,4,BERT,Français,5.818917521486705
6,ORCplGap,5,BERT,Français,12.044975481406407
6,ORCplGap,6,BERT,Français,17.512314622798883
6,ORCplGap,8,BERT,Français,8.532855320427863
6,ORCplGap,9,BERT,Français,16.099063836465355
7,ORCsgGap,1,BERT,Français,14.357084215100423
7,ORCsgGap,2,BERT,Français,10.869221136290921
7,ORCsgGap,3,BERT,Français,13.313066956207246
7,ORCsgGap,4,BERT,Français,5.035545167473155
7,ORCsgGap,5,BERT,Français,13.636727714390112
7,ORCsgGap,6,BERT,Français,14.891642570476712
7,ORCsgGap,8,BERT,Français,11.286341216432918
7,ORCsgGap,9,BERT,Français,11.596591847819305
8,ORCsgGap,1,BERT,Français,17.692571669373997
8,ORCsgGap,2,BERT,Français,15.350372898237739
8,ORCsgGap,3,BERT,Français,10.521936351706753
8,ORCsgGap,4,BERT,Français,7.973683582062507
8,ORCsgGap,5,BERT,Français,11.600129251557007
8,ORCsgGap,6,BERT,Français,9.579125238723313
8,ORCsgGap,8,BERT,Français,18.396765542187808
8,ORCsgGap,9,BERT,Français,13.402097599013933
9,ORCsgGap,1,BERT,Français,18.48590806328599
9,ORCsgGap,2,BERT,Français,18.7028850178381
9,ORCsgGap,3,BERT,Français,9.587712112170431
9,ORCsgGap,4,BERT,Français,5.179611434877705
9,ORCsgGap,5,BERT,Français,8.814903628446151
9,ORCsgGap,6,BERT,Français,14.860807938479871
9,ORCsgGap,8,BERT,Français,13.97406731465767
9,ORCsgGap,9,BERT,Français,21.405898683767223
10,ORCsgGap,1,BERT,Français,18.10918467186055
10,ORCsgGap,2,BERT,Français,9.785983767228645
10,ORCsgGap,3,BERT,Français,11.668151323895621
10,ORCsgGap,4,BERT,Français,5.859906055343332
10,ORCsgGap,5,BERT,Français,13.177790089443302
10,ORCsgGap,6,BERT,Français,13.619859086783933
10,ORCsgGap,8,BERT,Français,17.72348550648908
10,ORCsgGap,9,BERT,Français,13.813099298757487
11,ORCsgGap,1,BERT,Français,19.74127842243514
11,ORCsgGap,2,BERT,Français,12.38245171234909
11,ORCsgGap,3,BERT,Français,13.284534805706986
11,ORCsgGap,4,BERT,Français,10.748147790838587
11,ORCsgGap,5,BERT,Français,8.39105511731907
11,ORCsgGap,6,BERT,Français,15.832014584474791
11,ORCsgGap,8,BERT,Français,8.04764496751103
11,ORCsgGap,9,BERT,Français,13.32889662983087
12,ORCsgGap,1,BERT,Français,16.715554568824125
12,ORCsgGap,2,BERT,Français,9.150118000732874
12,ORCsgGap,3,BERT,Français,12.406171916437058
12,ORCsgGap,4,BERT,Français,11.268155634568329
12,ORCsgGap,5,BERT,Français,11.306469121957367
12,ORCsgGap,6,BERT,Français,16.15956915325831
12,ORCsgGap,8,BERT,Français,7.007353770240368
12,ORCsgGap,9,BERT,Français,14.925115896105549
13,ORCplGap,1,BERT,Français,18.896930104434666
13,ORCplGap,2,BERT,Français,11.846430496530699
13,ORCplGap,3,BERT,Français,5.904304071514618
13,ORCplGap,4,BERT,Français,9.709363492853553
13,ORCplGap,5,BERT,Français,7.438283323341797
13,ORCplGap,6,BERT,Français,14.111172228096018
13,ORCplGap,8,BERT,Français,9.602688468754565
13,ORCplGap,9,BERT,Français,10.85292118419404
14,ORCplGap,1,BERT,Français,17.418281641152607
14,ORCplGap,2,BERT,Français,11.00037092826679
14,ORCplGap,3,BERT,Français,4.826359610975408
14,ORCplGap,4,BERT,Français,12.510344940926075
14,ORCplGap,5,BERT,Français,13.948331021629402
14,ORCplGap,6,BERT,Français,12.952044880669593
14,ORCplGap,8,BERT,Français,11.850592273673145
14,ORCplGap,9,BERT,Français,14.051421023875449
15,ORCplGap,1,BERT,Français,16.93599195490556
15,ORCplGap,2,BERT,Français,13.238951925939325
15,ORCplGap,3,BERT,Français,14.506670290403383
15,ORCplGap,4,BERT,Français,7.32272209926722
15,ORCplGap,5,BERT,Français,12.317959662270365
15,ORCplGap,6,BERT,Français,13.27974780790033
15,ORCplGap,8,BERT,Français,14.141854480231013
15,ORCplGap,9,BERT,Français,16.957710564890263
16,ORCplGap,1,BERT,Français,17.142903053008347
16,ORCplGap,2,BERT,Français,12.369368922696546
16,ORCplGap,3,BERT,Français,17.55031934283658
16,ORCplGap,4,BERT,Français,6.69094101422783
16,ORCplGap,5,BERT,Français,19.434699622357577
16,ORCplGap,6,BERT,Français,16.504387449960895
16,ORCplGap,8,BERT,Français,14.825938521908501
16,ORCplGap,9,BERT,Français,13.422215768124351
17,ORCplGap,1,BERT,Français,19.032210421559828
17,ORCplGap,2,BERT,Français,12.448333977295048
17,ORCplGap,3,BERT,Français,10.672896129919113
17,ORCplGap,4,BERT,Français,5.38143940639694
17,ORCplGap,5,BERT,Français,7.688915264648585
17,ORCplGap,6,BERT,Français,13.378844654497783
17,ORCplGap,8,BERT,Français,5.768079968672559
17,ORCplGap,9,BERT,Français,17.39883484511888
18,ORCplGap,1,BERT,Français,14.998690087056339
18,ORCplGap,2,BERT,Français,10.266703260499959
18,ORCplGap,3,BERT,Français,20.058606574674666
18,ORCplGap,4,BERT,Français,8.5296094738878
18,ORCplGap,5,BERT,Français,11.835441040381836
18,ORCplGap,6,BERT,Français,14.384966050624245
18,ORCplGap,8,BERT,Français,17.541999861881347
18,ORCplGap,9,BERT,Français,15.101257380761686
19,ORCsgGap,1,BERT,Français,20.53060957780394
19,ORCsgGap,2,BERT,Français,15.260418274614821
19,ORCsgGap,3,BERT,Français,17.062063562993703
19,ORCsgGap,4,BERT,Français,5.341175313179267
19,ORCsgGap,5,BERT,Français,7.484863968972942
19,ORCsgGap,6,BERT,Français,12.158481719987245
19,ORCsgGap,8,BERT,Français,6.989865997788514
19,ORCsgGap,9,BERT,Français,10.765937921427803
20,ORCsgGap,1,BERT,Français,16.33631323898699
20,ORCsgGap,2,BERT,Français,10.806511787054673
20,ORCsgGap,3,BERT,Français,11.145142171981416
20,ORCsgGap,4,BERT,Français,4.54631716112368
20,ORCsgGap,5,BERT,Français,16.821038117011934
20,ORCsgGap,6,BERT,Français,7.763459471788422
20,ORCsgGap,8,BERT,Français,10.83582024819454
20,ORCsgGap,9,BERT,Français,15.621888543261607
21,ORCsgGap,1,BERT,Français,17.273798994364046
21,ORCsgGap,2,BERT,Français,11.520255747756813
21,ORCsgGap,3,BERT,Français,8.148981886827542
21,ORCsgGap,4,BERT,Français,12.735301561492413
21,ORCsgGap,5,BERT,Français,7.134697442417821
21,ORCsgGap,6,BERT,Français,14.76555763743541
21,ORCsgGap,8,BERT,Français,17.181304905757887
21,ORCsgGap,9,BERT,Français,14.802471172516945
22,ORCsgGap,1,BERT,Français,14.524227117912337
22,ORCsgGap,2,BERT,Français,10.071977963270852
22,ORCsgGap,3,BERT,Français,11.560631083123422
22,ORCsgGap,4,BERT,Français,8.099349385372127
22,ORCsgGap,5,BERT,Français,11.47769062124053
22,ORCsgGap,6,BERT,Français,16.689881104872345
22,ORCsgGap,8,BERT,Français,15.14796480783301
22,ORCsgGap,9,BERT,Français,14.297925203956035
23,ORCsgGap,1,BERT,Français,18.59305803756892
23,ORCsgGap,2,BERT,Français,22.12520358932287
23,ORCsgGap,3,BERT,Français,8.674832227680405
23,ORCsgGap,4,BERT,Français,6.505836573917309
23,ORCsgGap,5,BERT,Français,18.739179935448607
23,ORCsgGap,6,BERT,Français,17.054097921129916
23,ORCsgGap,8,BERT,Français,13.951758104667505
23,ORCsgGap,9,BERT,Français,14.879508976517345
24,ORCsgGap,1,BERT,Français,16.24225425316108
24,ORCsgGap,2,BERT,Français,9.44008965894924
24,ORCsgGap,3,BERT,Français,24.00166032963796
24,ORCsgGap,4,BERT,Français,6.532284385219032
24,ORCsgGap,5,BERT,Français,14.887814578865894
24,ORCsgGap,6,BERT,Français,7.903944082628564
24,ORCsgGap,8,BERT,Français,11.24276311597647
24,ORCsgGap,9,BERT,Français,13.774238150404855
1,ORCsgGap,1,BERT,Français,13.692208848930036
1,ORCsgGap,2,BERT,Français,9.171407425589102
1,ORCsgGap,3,BERT,Français,9.40557937021038
1,ORCsgGap,4,BERT,Français,5.016335726533859
1,ORCsgGap,5,BERT,Français,14.451677705668697
1,ORCsgGap,6,BERT,Français,23.16465098074877
1,ORCsgGap,8,BERT,Français,11.019589482156007
1,ORCsgGap,9,BERT,Français,12.306389153844831
2,ORCsgGap,1,BERT,Français,18.176880618494412
2,ORCsgGap,2,BERT,Français,8.543873480759839
2,ORCsgGap,3,BERT,Français,10.28849622904998
2,ORCsgGap,4,BERT,Français,8.934904564583954
2,ORCsgGap,5,BERT,Français,11.02709407698254
2,ORCsgGap,6,BERT,Français,18.241770989509302
2,ORCsgGap,8,BERT,Français,9.057032493574546
2,ORCsgGap,9,BERT,Français,18.846563318148895
3,ORCsgGap,1,BERT,Français,17.45068934499529
3,ORCsgGap,2,BERT,Français,9.083730715480968
3,ORCsgGap,3,BERT,Français,11.288096656928277
3,ORCsgGap,4,BERT,Français,7.886731565600673
3,ORCsgGap,5,BERT,Français,14.52349567439109
3,ORCsgGap,6,BERT,Français,15.038515949500745
3,ORCsgGap,8,BERT,Français,12.673102196022253
3,ORCsgGap,9,BERT,Français,13.410203835538697
4,ORCsgGap,1,BERT,Français,17.748615399609804
4,ORCsgGap,2,BERT,Français,10.469035790682119
4,ORCsgGap,3,BERT,Français,16.108277751293436
4,ORCsgGap,4,BERT,Français,8.60711897733126
4,ORCsgGap,5,BERT,Français,17.749325986991938
4,ORCsgGap,6,BERT,Français,10.76827108994608
4,ORCsgGap,8,BERT,Français,8.185154419475795
4,ORCsgGap,9,BERT,Français,13.77403594357861
5,ORCsgGap,1,BERT,Français,21.170221723524513
5,ORCsgGap,2,BERT,Français,12.036784190632082
5,ORCsgGap,3,BERT,Français,10.98405467251762
5,ORCsgGap,4,BERT,Français,9.108005814061672
5,ORCsgGap,5,BERT,Français,7.920433348396315
5,ORCsgGap,6,BERT,Français,8.406910746911256
5,ORCsgGap,8,BERT,Français,2.7084137516212548
5,ORCsgGap,9,BERT,Français,10.457953647620705
6,ORCsgGap,1,BERT,Français,18.808581529168183
6,ORCsgGap,2,BERT,Français,9.659064528340405
6,ORCsgGap,3,BERT,Français,11.2665503660414
6,ORCsgGap,4,BERT,Français,5.152530737149036
6,ORCsgGap,5,BERT,Français,10.699824538390045
6,ORCsgGap,6,BERT,Français,16.644354923542707
6,ORCsgGap,8,BERT,Français,7.609631063623877
6,ORCsgGap,9,BERT,Français,20.188591692073413
7,ORCplGap,1,BERT,Français,13.990633511134135
7,ORCplGap,2,BERT,Français,10.753269402863483
7,ORCplGap,3,BERT,Français,13.978628739262428
7,ORCplGap,4,BERT,Français,4.48699099709672
7,ORCplGap,5,BERT,Français,13.003871532038906
7,ORCplGap,6,BERT,Français,15.096375724685615
7,ORCplGap,8,BERT,Français,12.129619757963408
7,ORCplGap,9,BERT,Français,11.291742479921592
8,ORCplGap,1,BERT,Français,18.4377190230615
8,ORCplGap,2,BERT,Français,18.349024975761203
8,ORCplGap,3,BERT,Français,18.04093957465649
8,ORCplGap,4,BERT,Français,7.012312431254266
8,ORCplGap,5,BERT,Français,7.782663775356549
8,ORCplGap,6,BERT,Français,8.473439392229348
8,ORCplGap,8,BERT,Français,18.153429859751025
8,ORCplGap,9,BERT,Français,16.975787765090057
9,ORCplGap,1,BERT,Français,18.613752524785202
9,ORCplGap,2,BERT,Français,20.77365337227748
9,ORCplGap,3,BERT,Français,9.777272005835243
9,ORCplGap,4,BERT,Français,4.4938934249879186
9,ORCplGap,5,BERT,Français,8.265964386211985
9,ORCplGap,6,BERT,Français,12.14049014224589
9,ORCplGap,8,BERT,Français,11.948311773620162
9,ORCplGap,9,BERT,Français,20.613305856508067
10,ORCplGap,1,BERT,Français,19.74016135838889
10,ORCplGap,2,BERT,Français,10.249003784519779
10,ORCplGap,3,BERT,Français,12.74445414507242
10,ORCplGap,4,BERT,Français,8.330852713217576
10,ORCplGap,5,BERT,Français,14.05359930580763
10,ORCplGap,6,BERT,Français,16.252859895455693
10,ORCplGap,8,BERT,Français,18.618763888178478
10,ORCplGap,9,BERT,Français,13.726850377746864
11,ORCplGap,1,BERT,Français,17.414553621254417
11,ORCplGap,2,BERT,Français,11.374517888812383
11,ORCplGap,3,BERT,Français,11.798302910420448
11,ORCplGap,4,BERT,Français,23.422938883512206
11,ORCplGap,5,BERT,Français,10.024922523231423
11,ORCplGap,6,BERT,Français,16.623695331308802
11,ORCplGap,8,BERT,Français,8.912116368458209
11,ORCplGap,9,BERT,Français,12.783523067956905
12,ORCplGap,1,BERT,Français,15.795020576576787
12,ORCplGap,2,BERT,Français,9.843475249441195
12,ORCplGap,3,BERT,Français,16.429753294584927
12,ORCplGap,4,BERT,Français,11.626120338660966
12,ORCplGap,5,BERT,Français,12.653871136612242
12,ORCplGap,6,BERT,Français,17.270512434290467
12,ORCplGap,8,BERT,Français,7.923384497618775
12,ORCplGap,9,BERT,Français,14.563790065325007
13,ORCsgNoGap,1,BERT,Français,20.069071498060342
13,ORCsgNoGap,2,BERT,Français,9.605878183072708
13,ORCsgNoGap,3,BERT,Français,7.279302123005249
13,ORCsgNoGap,4,BERT,Français,7.341621026085962
13,ORCsgNoGap,5,BERT,Français,4.985782313328342
13,ORCsgNoGap,6,BERT,Français,11.748055356012099
13,ORCsgNoGap,7,BERT,Français,7.093891655937599
13,ORCsgNoGap,8,BERT,Français,14.740597505324802
13,ORCsgNoGap,9,BERT,Français,13.500279755039713
14,ORCsgNoGap,1,BERT,Français,17.030012808705948
14,ORCsgNoGap,2,BERT,Français,12.65413458471314
14,ORCsgNoGap,3,BERT,Français,7.356420439881802
14,ORCsgNoGap,4,BERT,Français,4.936979407295888
14,ORCsgNoGap,5,BERT,Français,12.750704081417386
14,ORCsgNoGap,6,BERT,Français,13.364355712813017
14,ORCsgNoGap,7,BERT,Français,10.079411714044628
14,ORCsgNoGap,8,BERT,Français,15.446836424672915
14,ORCsgNoGap,9,BERT,Français,14.506109011614226
15,ORCsgNoGap,1,BERT,Français,16.31135291037285
15,ORCsgNoGap,2,BERT,Français,12.212586109728994
15,ORCsgNoGap,3,BERT,Français,17.719647623123006
15,ORCsgNoGap,4,BERT,Français,8.074565446830148
15,ORCsgNoGap,5,BERT,Français,15.875930922528243
15,ORCsgNoGap,6,BERT,Français,17.327320658641717
15,ORCsgNoGap,7,BERT,Français,9.172457743814642
15,ORCsgNoGap,8,BERT,Français,15.01353156617999
15,ORCsgNoGap,9,BERT,Français,16.018449615023574
16,ORCsgNoGap,1,BERT,Français,16.00724106892717
16,ORCsgNoGap,2,BERT,Français,10.939910357883411
16,ORCsgNoGap,3,BERT,Français,16.098766465122047
16,ORCsgNoGap,4,BERT,Français,8.511029305803516
16,ORCsgNoGap,5,BERT,Français,19.34053057512178
16,ORCsgNoGap,6,BERT,Français,17.146955205409107
16,ORCsgNoGap,7,BERT,Français,9.391686513409644
16,ORCsgNoGap,8,BERT,Français,18.465220166850536
16,ORCsgNoGap,9,BERT,Français,12.429980456258642
17,ORCsgNoGap,1,BERT,Français,21.026580531056464
17,ORCsgNoGap,2,BERT,Français,15.36386208775216
17,ORCsgNoGap,3,BERT,Français,6.770106263648323
17,ORCsgNoGap,4,BERT,Français,7.658260631662301
17,ORCsgNoGap,5,BERT,Français,13.639230058183166
17,ORCsgNoGap,6,BERT,Français,16.924952948384014
17,ORCsgNoGap,7,BERT,Français,11.77947037010453
17,ORCsgNoGap,8,BERT,Français,14.971756666943715
17,ORCsgNoGap,9,BERT,Français,11.582329142413533
18,ORCsgNoGap,1,BERT,Français,16.32012284803522
18,ORCsgNoGap,2,BERT,Français,10.926476852592359
18,ORCsgNoGap,3,BERT,Français,12.71870679804565
18,ORCsgNoGap,4,BERT,Français,10.920533771344939
18,ORCsgNoGap,5,BERT,Français,11.425871940690637
18,ORCsgNoGap,6,BERT,Français,15.703538419539223
18,ORCsgNoGap,7,BERT,Français,5.7845665378155005
18,ORCsgNoGap,8,BERT,Français,19.588616768680925
18,ORCsgNoGap,9,BERT,Français,14.344783208656917
19,ORCplNoGap,1,BERT,Français,19.04955463215414
19,ORCplNoGap,2,BERT,Français,11.371198723225836
19,ORCplNoGap,3,BERT,Français,19.022268078630916
19,ORCplNoGap,4,BERT,Français,7.857681625892997
19,ORCplNoGap,5,BERT,Français,8.525431914774167
19,ORCplNoGap,6,BERT,Français,13.927431644029692
19,ORCplNoGap,7,BERT,Français,13.550180704377071
19,ORCplNoGap,8,BERT,Français,9.331073152298918
19,ORCplNoGap,9,BERT,Français,14.184206001654442
20,ORCplNoGap,1,BERT,Français,18.060831618607583
20,ORCplNoGap,2,BERT,Français,11.419629398072894
20,ORCplNoGap,3,BERT,Français,14.949066952767966
20,ORCplNoGap,4,BERT,Français,7.365167573083979
20,ORCplNoGap,5,BERT,Français,20.480197603675652
20,ORCplNoGap,6,BERT,Français,13.86382304092289
20,ORCplNoGap,7,BERT,Français,15.230026902788453
20,ORCplNoGap,8,BERT,Français,15.932848296776353
20,ORCplNoGap,9,BERT,Français,19.32016267719337
21,ORCplNoGap,1,BERT,Français,16.8431103760285
21,ORCplNoGap,2,BERT,Français,10.540535861373424
21,ORCplNoGap,3,BERT,Français,8.050888413458805
21,ORCplNoGap,4,BERT,Français,10.90738801217966
21,ORCplNoGap,5,BERT,Français,10.176315465976044
21,ORCplNoGap,6,BERT,Français,16.855279373177673
21,ORCplNoGap,7,BERT,Français,15.946580172081983
21,ORCplNoGap,8,BERT,Français,21.830346680288642
21,ORCplNoGap,9,BERT,Français,15.70764129183552
22,ORCplNoGap,1,BERT,Français,16.37694304860123
22,ORCplNoGap,2,BERT,Français,12.028863539136152
22,ORCplNoGap,3,BERT,Français,14.770150112428514
22,ORCplNoGap,4,BERT,Français,6.091593543368866
22,ORCplNoGap,5,BERT,Français,11.355445151999028
22,ORCplNoGap,6,BERT,Français,19.734397256963753
22,ORCplNoGap,7,BERT,Français,12.781118425920663
22,ORCplNoGap,8,BERT,Français,14.747590094370228
22,ORCplNoGap,9,BERT,Français,16.064347446673583
23,ORCplNoGap,1,BERT,Français,17.496896349096694
23,ORCplNoGap,2,BERT,Français,20.21850971064825
23,ORCplNoGap,3,BERT,Français,13.135657405380305
23,ORCplNoGap,4,BERT,Français,6.509330752196167
23,ORCplNoGap,5,BERT,Français,17.05545244297815
23,ORCplNoGap,6,BERT,Français,14.596661546083878
23,ORCplNoGap,7,BERT,Français,9.930563508509515
23,ORCplNoGap,8,BERT,Français,16.969090942922016
23,ORCplNoGap,9,BERT,Français,15.733079095740418
24,ORCplNoGap,1,BERT,Français,16.08803919498171
24,ORCplNoGap,2,BERT,Français,12.235440482009997
24,ORCplNoGap,3,BERT,Français,24.754302815152315
24,ORCplNoGap,4,BERT,Français,8.928933776181138
24,ORCplNoGap,5,BERT,Français,13.832048415359528
24,ORCplNoGap,6,BERT,Français,12.008057834147376
24,ORCplNoGap,7,BERT,Français,11.374000492868907
24,ORCplNoGap,8,BERT,Français,20.612762673226857
24,ORCplNoGap,9,BERT,Français,15.076152529929919
1,ORCplNoGap,1,BERT,Français,15.797189539579833
1,ORCplNoGap,2,BERT,Français,14.497122075451228
1,ORCplNoGap,3,BERT,Français,9.6245834662052
1,ORCplNoGap,4,BERT,Français,8.909546709970776
1,ORCplNoGap,5,BERT,Français,11.705314192743451
1,ORCplNoGap,6,BERT,Français,16.350512024769092
1,ORCplNoGap,7,BERT,Français,7.2134882660254975
1,ORCplNoGap,8,BERT,Français,15.775917193685906
1,ORCplNoGap,9,BERT,Français,13.844499084706502
2,ORCplNoGap,1,BERT,Français,18.44114981920003
2,ORCplNoGap,2,BERT,Français,9.610031182947873
2,ORCplNoGap,3,BERT,Français,9.822160018274339
2,ORCplNoGap,4,BERT,Français,7.43053744909947
2,ORCplNoGap,5,BERT,Français,10.839085771845363
2,ORCplNoGap,6,BERT,Français,23.929300383259456
2,ORCplNoGap,7,BERT,Français,13.373063700480612
2,ORCplNoGap,8,BERT,Français,15.231544163835164
2,ORCplNoGap,9,BERT,Français,14.0706808120342
3,ORCplNoGap,1,BERT,Français,16.40818800799281
3,ORCplNoGap,2,BERT,Français,14.148210838790755
3,ORCplNoGap,3,BERT,Français,21.246324478046166
3,ORCplNoGap,4,BERT,Français,9.102125007989162
3,ORCplNoGap,5,BERT,Français,13.960384438596371
3,ORCplNoGap,6,BERT,Français,17.87812204963063
3,ORCplNoGap,7,BERT,Français,15.448575114786573
3,ORCplNoGap,8,BERT,Français,15.505005901634403
3,ORCplNoGap,9,BERT,Français,11.219830421881401
4,ORCplNoGap,1,BERT,Français,18.274392429892444
4,ORCplNoGap,2,BERT,Français,13.01692515933418
4,ORCplNoGap,3,BERT,Français,21.91233726805803
4,ORCplNoGap,4,BERT,Français,9.628888075695624
4,ORCplNoGap,5,BERT,Français,17.7627839111471
4,ORCplNoGap,6,BERT,Français,10.661258585713874
4,ORCplNoGap,7,BERT,Français,11.721025000926875
4,ORCplNoGap,8,BERT,Français,15.703509852404821
4,ORCplNoGap,9,BERT,Français,13.985760685886431
5,ORCplNoGap,1,BERT,Français,19.301188844509028
5,ORCplNoGap,2,BERT,Français,14.208394617869828
5,ORCplNoGap,3,BERT,Français,10.191002939765156
5,ORCplNoGap,4,BERT,Français,9.066172857068963
5,ORCplNoGap,5,BERT,Français,9.960801303791817
5,ORCplNoGap,6,BERT,Français,13.663507060535128
5,ORCplNoGap,7,BERT,Français,12.54006152809237
5,ORCplNoGap,8,BERT,Français,13.057365945105385
5,ORCplNoGap,9,BERT,Français,11.547928091765941
6,ORCplNoGap,1,BERT,Français,20.85479486120681
6,ORCplNoGap,2,BERT,Français,9.926576716419806
6,ORCplNoGap,3,BERT,Français,12.731719011966796
6,ORCplNoGap,4,BERT,Français,5.94714144630758
6,ORCplNoGap,5,BERT,Français,12.271726745077215
6,ORCplNoGap,6,BERT,Français,16.626929625370504
6,ORCplNoGap,7,BERT,Français,11.361178551129866
6,ORCplNoGap,8,BERT,Français,12.223930378737988
6,ORCplNoGap,9,BERT,Français,18.090687720925548
7,ORCsgNoGap,1,BERT,Français,14.317888272904748
7,ORCsgNoGap,2,BERT,Français,11.617238785458207
7,ORCsgNoGap,3,BERT,Français,14.142512311723
7,ORCsgNoGap,4,BERT,Français,7.350269521332206
7,ORCsgNoGap,5,BERT,Français,15.4616357973929
7,ORCsgNoGap,6,BERT,Français,14.923853450821186
7,ORCsgNoGap,7,BERT,Français,7.331594206011806
7,ORCsgNoGap,8,BERT,Français,13.802062395133428
7,ORCsgNoGap,9,BERT,Français,13.499407540346757
8,ORCsgNoGap,1,BERT,Français,18.298152510395056
8,ORCsgNoGap,2,BERT,Français,14.05940366832653
8,ORCsgNoGap,3,BERT,Français,9.079929784668277
8,ORCsgNoGap,4,BERT,Français,5.843041577260811
8,ORCsgNoGap,5,BERT,Français,11.250767450857829
8,ORCsgNoGap,6,BERT,Français,10.577664547499184
8,ORCsgNoGap,7,BERT,Français,9.916445036522521
8,ORCsgNoGap,8,BERT,Français,19.963283063901642
8,ORCsgNoGap,9,BERT,Français,15.495980578005693
9,ORCsgNoGap,1,BERT,Français,17.824171806383035
9,ORCsgNoGap,2,BERT,Français,21.15289236489192
9,ORCsgNoGap,3,BERT,Français,8.646648669542833
9,ORCsgNoGap,4,BERT,Français,4.27310500427349
9,ORCsgNoGap,5,BERT,Français,7.410297884129526
9,ORCsgNoGap,6,BERT,Français,14.250150924626302
9,ORCsgNoGap,7,BERT,Français,8.259265517726226
9,ORCsgNoGap,8,BERT,Français,17.713464234713914
9,ORCsgNoGap,9,BERT,Français,18.10282979122531
10,ORCsgNoGap,1,BERT,Français,18.027412090518713
10,ORCsgNoGap,2,BERT,Français,11.326957756657093
10,ORCsgNoGap,3,BERT,Français,12.439504943559895
10,ORCsgNoGap,4,BERT,Français,7.167465146567044
10,ORCsgNoGap,5,BERT,Français,16.24565876718589
10,ORCsgNoGap,6,BERT,Français,15.055084591089404
10,ORCsgNoGap,7,BERT,Français,11.28739449725299
10,ORCsgNoGap,8,BERT,Français,18.96887144791828
10,ORCsgNoGap,9,BERT,Français,14.312543045420256
11,ORCsgNoGap,1,BERT,Français,20.212323074587417
11,ORCsgNoGap,2,BERT,Français,12.489716080966716
11,ORCsgNoGap,3,BERT,Français,9.414245449993857
11,ORCsgNoGap,4,BERT,Français,9.10842903509134
11,ORCsgNoGap,5,BERT,Français,8.368760651919839
11,ORCsgNoGap,6,BERT,Français,17.1406959383687
11,ORCsgNoGap,7,BERT,Français,8.659304616770712
11,ORCsgNoGap,8,BERT,Français,14.82731918344702
11,ORCsgNoGap,9,BERT,Français,11.665352034602458
12,ORCsgNoGap,1,BERT,Français,16.700071507282114
12,ORCsgNoGap,2,BERT,Français,10.121569592495698
12,ORCsgNoGap,3,BERT,Français,12.311465914466686
12,ORCsgNoGap,4,BERT,Français,10.614257511982764
12,ORCsgNoGap,5,BERT,Français,16.386550658303488
12,ORCsgNoGap,6,BERT,Français,15.018947989151743
12,ORCsgNoGap,7,BERT,Français,10.374846010857622
12,ORCsgNoGap,8,BERT,Français,10.399922631215247
12,ORCsgNoGap,9,BERT,Français,14.637057186818739
13,ORCplNoGap,1,BERT,Français,18.2146732590735
13,ORCplNoGap,2,BERT,Français,10.094365194823915
13,ORCplNoGap,3,BERT,Français,7.0997614122977035
13,ORCplNoGap,4,BERT,Français,6.397073398821547
13,ORCplNoGap,5,BERT,Français,8.663922134122085
13,ORCplNoGap,6,BERT,Français,15.521530922282622
13,ORCplNoGap,7,BERT,Français,9.742747699492005
13,ORCplNoGap,8,BERT,Français,15.58610354077199
13,ORCplNoGap,9,BERT,Français,10.46737226507401
14,ORCplNoGap,1,BERT,Français,17.377130215046716
14,ORCplNoGap,2,BERT,Français,12.758171154972453
14,ORCplNoGap,3,BERT,Français,9.198156678880663
14,ORCplNoGap,4,BERT,Français,5.673284704952558
14,ORCplNoGap,5,BERT,Français,12.160075320606932
14,ORCplNoGap,6,BERT,Français,13.915391736599457
14,ORCplNoGap,7,BERT,Français,12.617348007127074
14,ORCplNoGap,8,BERT,Français,17.234811040901103
14,ORCplNoGap,9,BERT,Français,16.149460126474807
15,ORCplNoGap,1,BERT,Français,15.979597831902316
15,ORCplNoGap,2,BERT,Français,15.143713352472552
15,ORCplNoGap,3,BERT,Français,14.028906877938555
15,ORCplNoGap,4,BERT,Français,8.220850962036817
15,ORCplNoGap,5,BERT,Français,13.96821837849122
15,ORCplNoGap,6,BERT,Français,16.53294763661907
15,ORCplNoGap,7,BERT,Français,12.270824371640519
15,ORCplNoGap,8,BERT,Français,16.946640665153698
15,ORCplNoGap,9,BERT,Français,15.846796056056217
16,ORCplNoGap,1,BERT,Français,17.099682443639924
16,ORCplNoGap,2,BERT,Français,12.745184738214052
16,ORCplNoGap,3,BERT,Français,18.66776044046991
16,ORCplNoGap,4,BERT,Français,7.157990406820058
16,ORCplNoGap,5,BERT,Français,21.152296391894758
16,ORCplNoGap,6,BERT,Français,17.71143803310849
16,ORCplNoGap,7,BERT,Français,10.235124664395968
16,ORCplNoGap,8,BERT,Français,19.22161821989256
16,ORCplNoGap,9,BERT,Français,15.278106343083165
17,ORCplNoGap,1,BERT,Français,19.245690475303636
17,ORCplNoGap,2,BERT,Français,10.809368243771312
17,ORCplNoGap,3,BERT,Français,9.5422107182306
17,ORCplNoGap,4,BERT,Français,5.208217578960111
17,ORCplNoGap,5,BERT,Français,8.189269031557144
17,ORCplNoGap,6,BERT,Français,16.210160632198622
17,ORCplNoGap,7,BERT,Français,10.605381614549321
17,ORCplNoGap,8,BERT,Français,8.598231168616206
17,ORCplNoGap,9,BERT,Français,17.00463739016382
18,ORCplNoGap,1,BERT,Français,16.217265480782615
18,ORCplNoGap,2,BERT,Français,13.089389472904093
18,ORCplNoGap,3,BERT,Français,22.436228952375426
18,ORCplNoGap,4,BERT,Français,8.378149112175981
18,ORCplNoGap,5,BERT,Français,12.624412184990536
18,ORCplNoGap,6,BERT,Français,14.523722881674086
18,ORCplNoGap,7,BERT,Français,11.389934669353071
18,ORCplNoGap,8,BERT,Français,19.281187151503197
18,ORCplNoGap,9,BERT,Français,15.337190938711972
19,ORCsgNoGap,1,BERT,Français,19.958463830011006
19,ORCsgNoGap,2,BERT,Français,14.69970176811835
19,ORCsgNoGap,3,BERT,Français,18.464988219447065
19,ORCsgNoGap,4,BERT,Français,5.513346622726621
19,ORCsgNoGap,5,BERT,Français,7.5621805070928
19,ORCsgNoGap,6,BERT,Français,14.08687300760398
19,ORCsgNoGap,7,BERT,Français,8.439150823682855
19,ORCsgNoGap,8,BERT,Français,9.995012706276112
19,ORCsgNoGap,9,BERT,Français,12.87381528773483
20,ORCsgNoGap,1,BERT,Français,17.429336480502272
20,ORCsgNoGap,2,BERT,Français,12.031714653643387
20,ORCsgNoGap,3,BERT,Français,12.544608056873061
20,ORCsgNoGap,4,BERT,Français,5.537367803590422
20,ORCsgNoGap,5,BERT,Français,18.664165893958486
20,ORCsgNoGap,6,BERT,Français,14.345365063967698
20,ORCsgNoGap,7,BERT,Français,9.498017076058176
20,ORCsgNoGap,8,BERT,Français,15.624865355568843
20,ORCsgNoGap,9,BERT,Français,18.287618156120008
21,ORCsgNoGap,1,BERT,Français,17.545175358392306
21,ORCsgNoGap,2,BERT,Français,12.41913673389481
21,ORCsgNoGap,3,BERT,Français,7.500125653394416
21,ORCsgNoGap,4,BERT,Français,10.629136759701439
21,ORCsgNoGap,5,BERT,Français,8.346573652224949
21,ORCsgNoGap,6,BERT,Français,16.660564241762337
21,ORCsgNoGap,7,BERT,Français,12.765448000921822
21,ORCsgNoGap,8,BERT,Français,23.779469336875763
21,ORCsgNoGap,9,BERT,Français,15.095986261448179
22,ORCsgNoGap,1,BERT,Français,14.535002516008563
22,ORCsgNoGap,2,BERT,Français,10.092984298170311
22,ORCsgNoGap,3,BERT,Français,12.452614492742237
22,ORCsgNoGap,4,BERT,Français,6.470602213691794
22,ORCsgNoGap,5,BERT,Français,10.994728571054468
22,ORCsgNoGap,6,BERT,Français,20.67299045326488
22,ORCsgNoGap,7,BERT,Français,9.964099635771175
22,ORCsgNoGap,8,BERT,Français,14.612354039610548
22,ORCsgNoGap,9,BERT,Français,15.597989446888558
23,ORCsgNoGap,1,BERT,Français,17.834985693031268
23,ORCsgNoGap,2,BERT,Français,20.904844625837168
23,ORCsgNoGap,3,BERT,Français,9.329317928814465
23,ORCsgNoGap,4,BERT,Français,6.259852077220191
23,ORCsgNoGap,5,BERT,Français,19.038960522356703
23,ORCsgNoGap,6,BERT,Français,16.865636823887325
23,ORCsgNoGap,7,BERT,Français,8.107552143336301
23,ORCsgNoGap,8,BERT,Français,16.163736941039705
23,ORCsgNoGap,9,BERT,Français,16.48802035076178
24,ORCsgNoGap,1,BERT,Français,17.229340441800733
24,ORCsgNoGap,2,BERT,Français,10.769420988017735
24,ORCsgNoGap,3,BERT,Français,21.692128543294956
24,ORCsgNoGap,4,BERT,Français,7.693052328091045
24,ORCsgNoGap,5,BERT,Français,15.099159350889561
24,ORCsgNoGap,6,BERT,Français,11.545454825730948
24,ORCsgNoGap,7,BERT,Français,8.944893354408432
24,ORCsgNoGap,8,BERT,Français,14.722346944298646
24,ORCsgNoGap,9,BERT,Français,14.140326644834758
1,ORCsgNoGap,1,BERT,Français,14.65925287487972
1,ORCsgNoGap,2,BERT,Français,9.547320247626999
1,ORCsgNoGap,3,BERT,Français,8.531047512220749
1,ORCsgNoGap,4,BERT,Français,4.502841565794724
1,ORCsgNoGap,5,BERT,Français,17.050511303784653
1,ORCsgNoGap,6,BERT,Français,16.614721856078486
1,ORCsgNoGap,7,BERT,Français,6.403719461203458
1,ORCsgNoGap,8,BERT,Français,13.172777873799479
1,ORCsgNoGap,9,BERT,Français,13.920408284439233
2,ORCsgNoGap,1,BERT,Français,18.32271672186069
2,ORCsgNoGap,2,BERT,Français,8.580274697765528
2,ORCsgNoGap,3,BERT,Français,9.163778458224083
2,ORCsgNoGap,4,BERT,Français,9.16889662158068
2,ORCsgNoGap,5,BERT,Français,9.86292443255291
2,ORCsgNoGap,6,BERT,Français,21.113014372286134
2,ORCsgNoGap,7,BERT,Français,7.092069078153964
2,ORCsgNoGap,8,BERT,Français,13.897512113875772
2,ORCsgNoGap,9,BERT,Français,17.206383296483246
3,ORCsgNoGap,1,BERT,Français,17.846640790187028
3,ORCsgNoGap,2,BERT,Français,10.582820027635245
3,ORCsgNoGap,3,BERT,Français,11.841091741077847
3,ORCsgNoGap,4,BERT,Français,8.611256508455467
3,ORCsgNoGap,5,BERT,Français,12.984343518131789
3,ORCsgNoGap,6,BERT,Français,15.587704228975493
3,ORCsgNoGap,7,BERT,Français,13.212263699046373
3,ORCsgNoGap,8,BERT,Français,15.532304407663549
3,ORCsgNoGap,9,BERT,Français,12.791064199753524
4,ORCsgNoGap,1,BERT,Français,18.54781231014182
4,ORCsgNoGap,2,BERT,Français,9.97863534797479
4,ORCsgNoGap,3,BERT,Français,14.94145626240863
4,ORCsgNoGap,4,BERT,Français,10.194000249580341
4,ORCsgNoGap,5,BERT,Français,17.55958549648649
4,ORCsgNoGap,6,BERT,Français,9.140708167620629
4,ORCsgNoGap,7,BERT,Français,9.926084165496494
4,ORCsgNoGap,8,BERT,Français,15.803217947610415
4,ORCsgNoGap,9,BERT,Français,14.570054939244091
5,ORCsgNoGap,1,BERT,Français,19.160475749941817
5,ORCsgNoGap,2,BERT,Français,10.455693596250164
5,ORCsgNoGap,3,BERT,Français,11.193706453810435
5,ORCsgNoGap,4,BERT,Français,7.964260354782321
5,ORCsgNoGap,5,BERT,Français,9.950707634117261
5,ORCsgNoGap,6,BERT,Français,14.017359385035356
5,ORCsgNoGap,7,BERT,Français,8.573662806424158
5,ORCsgNoGap,8,BERT,Français,11.972857180914268
5,ORCsgNoGap,9,BERT,Français,12.170330969858655
6,ORCsgNoGap,1,BERT,Français,19.101867793406416
6,ORCsgNoGap,2,BERT,Français,10.560671035073533
6,ORCsgNoGap,3,BERT,Français,12.520018111241756
6,ORCsgNoGap,4,BERT,Français,5.022519869828131
6,ORCsgNoGap,5,BERT,Français,11.177160992967726
6,ORCsgNoGap,6,BERT,Français,16.878748065189278
6,ORCsgNoGap,7,BERT,Français,6.980848256704706
6,ORCsgNoGap,8,BERT,Français,12.906088766631047
6,ORCsgNoGap,9,BERT,Français,19.950978741237645
7,ORCplNoGap,1,BERT,Français,14.75817202761882
7,ORCplNoGap,2,BERT,Français,12.265326656458125
7,ORCplNoGap,3,BERT,Français,14.418152139775216
7,ORCplNoGap,4,BERT,Français,5.252538705277319
7,ORCplNoGap,5,BERT,Français,14.310902049198543
7,ORCplNoGap,6,BERT,Français,15.1280830154413
7,ORCplNoGap,7,BERT,Français,8.827812411899549
7,ORCplNoGap,8,BERT,Français,13.096357154544611
7,ORCplNoGap,9,BERT,Français,12.73254062354434
8,ORCplNoGap,1,BERT,Français,18.49812164232695
8,ORCplNoGap,2,BERT,Français,15.441845461963608
8,ORCplNoGap,3,BERT,Français,10.780911263225954
8,ORCplNoGap,4,BERT,Français,6.112858143475769
8,ORCplNoGap,5,BERT,Français,10.147519733724582
8,ORCplNoGap,6,BERT,Français,11.1955191646571
8,ORCplNoGap,7,BERT,Français,9.792043306237593
8,ORCplNoGap,8,BERT,Français,18.5552549034162
8,ORCplNoGap,9,BERT,Français,16.3008347862961
9,ORCplNoGap,1,BERT,Français,19.55654053777348
9,ORCplNoGap,2,BERT,Français,21.252616358102664
9,ORCplNoGap,3,BERT,Français,10.46206193136877
9,ORCplNoGap,4,BERT,Français,4.845498151618696
9,ORCplNoGap,5,BERT,Français,8.920718359469676
9,ORCplNoGap,6,BERT,Français,13.20536054254305
9,ORCplNoGap,7,BERT,Français,10.993278776351124
9,ORCplNoGap,8,BERT,Français,17.566425764750317
9,ORCplNoGap,9,BERT,Français,20.76475295311379
10,ORCplNoGap,1,BERT,Français,19.404725214998855
10,ORCplNoGap,2,BERT,Français,8.987676226708015
10,ORCplNoGap,3,BERT,Français,12.42152054072124
10,ORCplNoGap,4,BERT,Français,7.457968057967324
10,ORCplNoGap,5,BERT,Français,15.343380599313363
10,ORCplNoGap,6,BERT,Français,15.959341046647562
10,ORCplNoGap,7,BERT,Français,9.146823056937823
10,ORCplNoGap,8,BERT,Français,17.012918095667857
10,ORCplNoGap,9,BERT,Français,14.365203348850127
11,ORCplNoGap,1,BERT,Français,18.18486828424699
11,ORCplNoGap,2,BERT,Français,13.327163684778856
11,ORCplNoGap,3,BERT,Français,11.850208078499278
11,ORCplNoGap,4,BERT,Français,18.67782716016489
11,ORCplNoGap,5,BERT,Français,8.575239109212152
11,ORCplNoGap,6,BERT,Français,18.28399633860273
11,ORCplNoGap,7,BERT,Français,11.192063402481145
11,ORCplNoGap,8,BERT,Français,16.240487547221843
11,ORCplNoGap,9,BERT,Français,12.732488330423857
12,ORCplNoGap,1,BERT,Français,18.03127239557034
12,ORCplNoGap,2,BERT,Français,11.955339738587027
12,ORCplNoGap,3,BERT,Français,14.476788153368444
12,ORCplNoGap,4,BERT,Français,8.68882793409624
12,ORCplNoGap,5,BERT,Français,16.28499541632692
12,ORCplNoGap,6,BERT,Français,15.876296773844103
12,ORCplNoGap,7,BERT,Français,12.55261000118625
12,ORCplNoGap,8,BERT,Français,9.82224941883695
12,ORCplNoGap,9,BERT,Français,14.634693178346883
