numero,variable,region,model,langue,surprisal
1,ORCplGap,1,BERT,Anglais,13.073391914367676
1,ORCplGap,2,BERT,Anglais,7.319977760314941
1,ORCplGap,3,BERT,Anglais,18.11511993408203
1,ORCplGap,4,BERT,Anglais,1.590019702911377
1,ORCplGap,5,BERT,Anglais,8.435934066772461
1,ORCplGap,6,BERT,Anglais,7.1301398277282715
1,ORCplGap,8,BERT,Anglais,16.40351104736328
1,ORCplGap,9,BERT,Anglais,8.724682807922363
1,ORCsgGap,1,BERT,Anglais,14.77307415008545
1,ORCsgGap,2,BERT,Anglais,7.096548080444336
1,ORCsgGap,3,BERT,Anglais,18.705137252807617
1,ORCsgGap,4,BERT,Anglais,2.0658552646636963
1,ORCsgGap,5,BERT,Anglais,7.157957553863525
1,ORCsgGap,6,BERT,Anglais,6.150057792663574
1,ORCsgGap,8,BERT,Anglais,15.152132034301758
1,ORCsgGap,9,BERT,Anglais,9.20954418182373
2,ORCplGap,1,BERT,Anglais,10.377106666564941
2,ORCplGap,2,BERT,Anglais,2.38573956489563
2,ORCplGap,3,BERT,Anglais,8.502240180969238
2,ORCplGap,4,BERT,Anglais,1.8624998331069946
2,ORCplGap,5,BERT,Anglais,9.638955116271973
2,ORCplGap,6,BERT,Anglais,6.333439350128174
2,ORCplGap,8,BERT,Anglais,13.357704162597656
2,ORCplGap,9,BERT,Anglais,7.497695446014404
2,ORCsgGap,1,BERT,Anglais,9.873297691345215
2,ORCsgGap,2,BERT,Anglais,4.050417900085449
2,ORCsgGap,3,BERT,Anglais,11.479642868041992
2,ORCsgGap,4,BERT,Anglais,2.80892276763916
2,ORCsgGap,5,BERT,Anglais,10.284080505371094
2,ORCsgGap,6,BERT,Anglais,5.712080478668213
2,ORCsgGap,8,BERT,Anglais,12.805188179016113
2,ORCsgGap,9,BERT,Anglais,7.4913482666015625
3,ORCplGap,1,BERT,Anglais,10.676666259765625
3,ORCplGap,2,BERT,Anglais,2.3701577186584473
3,ORCplGap,3,BERT,Anglais,9.341552734375
3,ORCplGap,4,BERT,Anglais,1.260169506072998
3,ORCplGap,5,BERT,Anglais,11.717693328857422
3,ORCplGap,6,BERT,Anglais,4.850064277648926
3,ORCplGap,8,BERT,Anglais,9.103246688842773
3,ORCplGap,9,BERT,Anglais,16.401958465576172
3,ORCsgGap,1,BERT,Anglais,10.65986156463623
3,ORCsgGap,2,BERT,Anglais,1.270288348197937
3,ORCsgGap,3,BERT,Anglais,15.4823579788208
3,ORCsgGap,4,BERT,Anglais,1.6372720003128052
3,ORCsgGap,5,BERT,Anglais,8.131400108337402
3,ORCsgGap,6,BERT,Anglais,5.581794738769531
3,ORCsgGap,8,BERT,Anglais,6.700516223907471
3,ORCsgGap,9,BERT,Anglais,16.531370162963867
4,ORCplGap,1,BERT,Anglais,10.92846965789795
4,ORCplGap,2,BERT,Anglais,3.095797538757324
4,ORCplGap,3,BERT,Anglais,6.414161682128906
4,ORCplGap,4,BERT,Anglais,1.5174038410186768
4,ORCplGap,5,BERT,Anglais,6.987692356109619
4,ORCplGap,6,BERT,Anglais,19.015743255615234
4,ORCplGap,8,BERT,Anglais,7.893945693969727
4,ORCplGap,9,BERT,Anglais,23.061620712280273
4,ORCsgGap,1,BERT,Anglais,12.71364974975586
4,ORCsgGap,2,BERT,Anglais,3.724003553390503
4,ORCsgGap,3,BERT,Anglais,5.800848960876465
4,ORCsgGap,4,BERT,Anglais,1.7081812620162964
4,ORCsgGap,5,BERT,Anglais,6.358351230621338
4,ORCsgGap,6,BERT,Anglais,18.27994155883789
4,ORCsgGap,8,BERT,Anglais,7.26507043838501
4,ORCsgGap,9,BERT,Anglais,29.758604049682617
5,ORCplGap,1,BERT,Anglais,11.034597396850586
5,ORCplGap,2,BERT,Anglais,2.8324191570281982
5,ORCplGap,3,BERT,Anglais,15.032326698303223
5,ORCplGap,4,BERT,Anglais,2.9849700927734375
5,ORCplGap,5,BERT,Anglais,0.5765962600708008
5,ORCplGap,6,BERT,Anglais,7.2585225105285645
5,ORCplGap,8,BERT,Anglais,22.015413284301758
5,ORCplGap,9,BERT,Anglais,22.008316040039062
5,ORCsgGap,1,BERT,Anglais,11.302172660827637
5,ORCsgGap,2,BERT,Anglais,3.0362799167633057
5,ORCsgGap,3,BERT,Anglais,15.032326698303223
5,ORCsgGap,4,BERT,Anglais,2.5974111557006836
5,ORCsgGap,5,BERT,Anglais,0.9965932369232178
5,ORCsgGap,6,BERT,Anglais,6.996467113494873
5,ORCsgGap,8,BERT,Anglais,22.464893341064453
5,ORCsgGap,9,BERT,Anglais,21.87215232849121
6,ORCplGap,1,BERT,Anglais,9.961910247802734
6,ORCplGap,2,BERT,Anglais,12.321343421936035
6,ORCplGap,3,BERT,Anglais,15.793658256530762
6,ORCplGap,4,BERT,Anglais,2.824296236038208
6,ORCplGap,5,BERT,Anglais,7.342426776885986
6,ORCplGap,6,BERT,Anglais,0.6694366335868835
6,ORCplGap,8,BERT,Anglais,12.383439064025879
6,ORCplGap,9,BERT,Anglais,19.1190242767334
6,ORCsgGap,1,BERT,Anglais,10.302074432373047
6,ORCsgGap,2,BERT,Anglais,12.421626091003418
6,ORCsgGap,3,BERT,Anglais,12.563533782958984
6,ORCsgGap,4,BERT,Anglais,3.349222183227539
6,ORCsgGap,5,BERT,Anglais,7.145796775817871
6,ORCsgGap,6,BERT,Anglais,1.1572232246398926
6,ORCsgGap,8,BERT,Anglais,12.74534797668457
6,ORCsgGap,9,BERT,Anglais,19.52245330810547
7,ORCplGap,1,BERT,Anglais,12.869290351867676
7,ORCplGap,2,BERT,Anglais,1.6946628093719482
7,ORCplGap,3,BERT,Anglais,12.684821128845215
7,ORCplGap,4,BERT,Anglais,4.512317657470703
7,ORCplGap,5,BERT,Anglais,19.020450592041016
7,ORCplGap,6,BERT,Anglais,21.22545623779297
7,ORCplGap,8,BERT,Anglais,14.58667278289795
7,ORCplGap,9,BERT,Anglais,13.92332935333252
7,ORCsgGap,1,BERT,Anglais,13.315278053283691
7,ORCsgGap,2,BERT,Anglais,1.5048905611038208
7,ORCsgGap,3,BERT,Anglais,16.528549194335938
7,ORCsgGap,4,BERT,Anglais,5.206960678100586
7,ORCsgGap,5,BERT,Anglais,16.887943267822266
7,ORCsgGap,6,BERT,Anglais,22.25724220275879
7,ORCsgGap,8,BERT,Anglais,14.424115180969238
7,ORCsgGap,9,BERT,Anglais,17.578720092773438
8,ORCplGap,1,BERT,Anglais,20.99060821533203
8,ORCplGap,2,BERT,Anglais,18.450258255004883
8,ORCplGap,3,BERT,Anglais,14.349432945251465
8,ORCplGap,4,BERT,Anglais,5.816099643707275
8,ORCplGap,5,BERT,Anglais,11.330801010131836
8,ORCplGap,6,BERT,Anglais,18.532390594482422
8,ORCplGap,8,BERT,Anglais,0.6046830415725708
8,ORCplGap,9,BERT,Anglais,17.141021728515625
8,ORCsgGap,1,BERT,Anglais,17.844266891479492
8,ORCsgGap,2,BERT,Anglais,18.208833694458008
8,ORCsgGap,3,BERT,Anglais,16.43144416809082
8,ORCsgGap,4,BERT,Anglais,2.597275495529175
8,ORCsgGap,5,BERT,Anglais,10.284778594970703
8,ORCsgGap,6,BERT,Anglais,19.02875328063965
8,ORCsgGap,8,BERT,Anglais,0.7526252269744873
8,ORCsgGap,9,BERT,Anglais,17.39306640625
9,ORCplGap,1,BERT,Anglais,13.400745391845703
9,ORCplGap,2,BERT,Anglais,0.27438753843307495
9,ORCplGap,3,BERT,Anglais,9.302526473999023
9,ORCplGap,4,BERT,Anglais,0.5872642397880554
9,ORCplGap,5,BERT,Anglais,8.85377311706543
9,ORCplGap,6,BERT,Anglais,14.069175720214844
9,ORCplGap,8,BERT,Anglais,0.013416037894785404
9,ORCplGap,9,BERT,Anglais,21.3416805267334
9,ORCsgGap,1,BERT,Anglais,13.23974609375
9,ORCsgGap,2,BERT,Anglais,0.3077683746814728
9,ORCsgGap,3,BERT,Anglais,8.02176570892334
9,ORCsgGap,4,BERT,Anglais,0.7176898121833801
9,ORCsgGap,5,BERT,Anglais,10.649482727050781
9,ORCsgGap,6,BERT,Anglais,14.109402656555176
9,ORCsgGap,8,BERT,Anglais,0.016138577833771706
9,ORCsgGap,9,BERT,Anglais,21.655738830566406
10,ORCplGap,1,BERT,Anglais,21.56308364868164
10,ORCplGap,2,BERT,Anglais,0.22037701308727264
10,ORCplGap,3,BERT,Anglais,7.09222936630249
10,ORCplGap,4,BERT,Anglais,4.69918155670166
10,ORCplGap,5,BERT,Anglais,16.965173721313477
10,ORCplGap,6,BERT,Anglais,19.66847038269043
10,ORCplGap,8,BERT,Anglais,15.034866333007812
10,ORCplGap,9,BERT,Anglais,10.171789169311523
10,ORCsgGap,1,BERT,Anglais,21.646299362182617
10,ORCsgGap,2,BERT,Anglais,0.45022425055503845
10,ORCsgGap,3,BERT,Anglais,7.956376075744629
10,ORCsgGap,4,BERT,Anglais,4.328260898590088
10,ORCsgGap,5,BERT,Anglais,16.06380271911621
10,ORCsgGap,6,BERT,Anglais,19.7952880859375
10,ORCsgGap,8,BERT,Anglais,15.182056427001953
10,ORCsgGap,9,BERT,Anglais,10.364858627319336
11,ORCplGap,1,BERT,Anglais,12.619336128234863
11,ORCplGap,2,BERT,Anglais,1.2670639753341675
11,ORCplGap,3,BERT,Anglais,9.196276664733887
11,ORCplGap,4,BERT,Anglais,0.4377073645591736
11,ORCplGap,5,BERT,Anglais,23.330598831176758
11,ORCplGap,6,BERT,Anglais,12.111991882324219
11,ORCplGap,8,BERT,Anglais,15.492166519165039
11,ORCplGap,9,BERT,Anglais,11.246939659118652
11,ORCsgGap,1,BERT,Anglais,12.6696138381958
11,ORCsgGap,2,BERT,Anglais,1.6085987091064453
11,ORCsgGap,3,BERT,Anglais,6.1122331619262695
11,ORCsgGap,4,BERT,Anglais,1.3515280485153198
11,ORCsgGap,5,BERT,Anglais,24.614479064941406
11,ORCsgGap,6,BERT,Anglais,12.585205078125
11,ORCsgGap,8,BERT,Anglais,15.963945388793945
11,ORCsgGap,9,BERT,Anglais,10.965381622314453
12,ORCplGap,1,BERT,Anglais,11.16373348236084
12,ORCplGap,2,BERT,Anglais,0.6687498092651367
12,ORCplGap,3,BERT,Anglais,9.158002853393555
12,ORCplGap,4,BERT,Anglais,3.0451414585113525
12,ORCplGap,5,BERT,Anglais,0.23204916715621948
12,ORCplGap,6,BERT,Anglais,21.290607452392578
12,ORCplGap,8,BERT,Anglais,13.79525089263916
12,ORCplGap,9,BERT,Anglais,26.07164764404297
12,ORCsgGap,1,BERT,Anglais,10.74179458618164
12,ORCsgGap,2,BERT,Anglais,1.5967024564743042
12,ORCsgGap,3,BERT,Anglais,8.438277244567871
12,ORCsgGap,4,BERT,Anglais,3.2966651916503906
12,ORCsgGap,5,BERT,Anglais,0.17417582869529724
12,ORCsgGap,6,BERT,Anglais,20.852340698242188
12,ORCsgGap,8,BERT,Anglais,13.644646644592285
12,ORCsgGap,9,BERT,Anglais,27.344045639038086
13,ORCplGap,1,BERT,Anglais,9.267329216003418
13,ORCplGap,2,BERT,Anglais,0.1004008799791336
13,ORCplGap,3,BERT,Anglais,11.245641708374023
13,ORCplGap,4,BERT,Anglais,0.5031083226203918
13,ORCplGap,5,BERT,Anglais,13.853321075439453
13,ORCplGap,6,BERT,Anglais,20.314239501953125
13,ORCplGap,8,BERT,Anglais,16.049701690673828
13,ORCplGap,9,BERT,Anglais,9.540759086608887
13,ORCsgGap,1,BERT,Anglais,10.075591087341309
13,ORCsgGap,2,BERT,Anglais,0.1891186386346817
13,ORCsgGap,3,BERT,Anglais,12.849289894104004
13,ORCsgGap,4,BERT,Anglais,0.5765465497970581
13,ORCsgGap,5,BERT,Anglais,13.10651683807373
13,ORCsgGap,6,BERT,Anglais,20.40479850769043
13,ORCsgGap,8,BERT,Anglais,16.04942512512207
13,ORCsgGap,9,BERT,Anglais,10.701643943786621
14,ORCplGap,1,BERT,Anglais,10.795607566833496
14,ORCplGap,2,BERT,Anglais,14.245383262634277
14,ORCplGap,3,BERT,Anglais,10.446789741516113
14,ORCplGap,4,BERT,Anglais,10.430572509765625
14,ORCplGap,5,BERT,Anglais,16.478776931762695
14,ORCplGap,6,BERT,Anglais,24.041837692260742
14,ORCplGap,8,BERT,Anglais,20.932071685791016
14,ORCplGap,9,BERT,Anglais,13.701298713684082
14,ORCsgGap,1,BERT,Anglais,10.840392112731934
14,ORCsgGap,2,BERT,Anglais,13.912389755249023
14,ORCsgGap,3,BERT,Anglais,8.885824203491211
14,ORCsgGap,4,BERT,Anglais,11.246442794799805
14,ORCsgGap,5,BERT,Anglais,16.818256378173828
14,ORCsgGap,6,BERT,Anglais,23.500120162963867
14,ORCsgGap,8,BERT,Anglais,20.822521209716797
14,ORCsgGap,9,BERT,Anglais,13.85632610321045
15,ORCplGap,1,BERT,Anglais,13.478979110717773
15,ORCplGap,2,BERT,Anglais,4.603564262390137
15,ORCplGap,3,BERT,Anglais,17.242584228515625
15,ORCplGap,4,BERT,Anglais,1.1287693977355957
15,ORCplGap,5,BERT,Anglais,17.904743194580078
15,ORCplGap,6,BERT,Anglais,12.525751113891602
15,ORCplGap,8,BERT,Anglais,17.04281997680664
15,ORCplGap,9,BERT,Anglais,6.6173553466796875
15,ORCsgGap,1,BERT,Anglais,13.656810760498047
15,ORCsgGap,2,BERT,Anglais,3.836329698562622
15,ORCsgGap,3,BERT,Anglais,17.03977394104004
15,ORCsgGap,4,BERT,Anglais,2.152904510498047
15,ORCsgGap,5,BERT,Anglais,17.928590774536133
15,ORCsgGap,6,BERT,Anglais,13.045005798339844
15,ORCsgGap,8,BERT,Anglais,17.069711685180664
15,ORCsgGap,9,BERT,Anglais,6.679056167602539
16,ORCplGap,1,BERT,Anglais,14.004544258117676
16,ORCplGap,2,BERT,Anglais,0.708358108997345
16,ORCplGap,3,BERT,Anglais,5.734673023223877
16,ORCplGap,4,BERT,Anglais,4.1684041023254395
16,ORCplGap,5,BERT,Anglais,12.113871574401855
16,ORCplGap,6,BERT,Anglais,0.8117250800132751
16,ORCplGap,8,BERT,Anglais,18.476436614990234
16,ORCplGap,9,BERT,Anglais,7.9578728675842285
16,ORCsgGap,1,BERT,Anglais,13.746241569519043
16,ORCsgGap,2,BERT,Anglais,0.5956218838691711
16,ORCsgGap,3,BERT,Anglais,6.303207874298096
16,ORCsgGap,4,BERT,Anglais,3.623323917388916
16,ORCsgGap,5,BERT,Anglais,11.951056480407715
16,ORCsgGap,6,BERT,Anglais,1.0084418058395386
16,ORCsgGap,8,BERT,Anglais,19.096242904663086
16,ORCsgGap,9,BERT,Anglais,8.330986022949219
17,ORCplGap,1,BERT,Anglais,13.989821434020996
17,ORCplGap,2,BERT,Anglais,0.8784070611000061
17,ORCplGap,3,BERT,Anglais,12.998324394226074
17,ORCplGap,4,BERT,Anglais,1.7448782920837402
17,ORCplGap,5,BERT,Anglais,15.895336151123047
17,ORCplGap,6,BERT,Anglais,12.639880180358887
17,ORCplGap,8,BERT,Anglais,11.917661666870117
17,ORCplGap,9,BERT,Anglais,15.24477481842041
17,ORCsgGap,1,BERT,Anglais,14.133296966552734
17,ORCsgGap,2,BERT,Anglais,0.832343578338623
17,ORCsgGap,3,BERT,Anglais,12.998324394226074
17,ORCsgGap,4,BERT,Anglais,1.889826774597168
17,ORCsgGap,5,BERT,Anglais,16.038909912109375
17,ORCsgGap,6,BERT,Anglais,12.510504722595215
17,ORCsgGap,8,BERT,Anglais,9.404808044433594
17,ORCsgGap,9,BERT,Anglais,11.94593334197998
18,ORCplGap,1,BERT,Anglais,11.811461448669434
18,ORCplGap,2,BERT,Anglais,3.215094804763794
18,ORCplGap,3,BERT,Anglais,7.053229331970215
18,ORCplGap,4,BERT,Anglais,1.6466970443725586
18,ORCplGap,5,BERT,Anglais,3.1036264896392822
18,ORCplGap,6,BERT,Anglais,13.776742935180664
18,ORCplGap,8,BERT,Anglais,11.94519329071045
18,ORCplGap,9,BERT,Anglais,24.576900482177734
18,ORCsgGap,1,BERT,Anglais,12.115364074707031
18,ORCsgGap,2,BERT,Anglais,6.37986946105957
18,ORCsgGap,3,BERT,Anglais,8.20996379852295
18,ORCsgGap,4,BERT,Anglais,1.6415505409240723
18,ORCsgGap,5,BERT,Anglais,2.2056162357330322
18,ORCsgGap,6,BERT,Anglais,12.047154426574707
18,ORCsgGap,8,BERT,Anglais,10.44714069366455
18,ORCsgGap,9,BERT,Anglais,24.58188819885254
19,ORCplGap,1,BERT,Anglais,10.938011169433594
19,ORCplGap,2,BERT,Anglais,4.283006191253662
19,ORCplGap,3,BERT,Anglais,15.0755615234375
19,ORCplGap,4,BERT,Anglais,2.6269314289093018
19,ORCplGap,5,BERT,Anglais,9.4629545211792
19,ORCplGap,6,BERT,Anglais,25.434938430786133
19,ORCplGap,8,BERT,Anglais,0.02441377192735672
19,ORCplGap,9,BERT,Anglais,14.566031455993652
19,ORCsgGap,1,BERT,Anglais,11.030425071716309
19,ORCsgGap,2,BERT,Anglais,4.138672828674316
19,ORCsgGap,3,BERT,Anglais,15.334954261779785
19,ORCsgGap,4,BERT,Anglais,2.360978364944458
19,ORCsgGap,5,BERT,Anglais,11.4302339553833
19,ORCsgGap,6,BERT,Anglais,24.78568458557129
20,ORCplGap,1,BERT,Anglais,12.907022476196289
20,ORCplGap,2,BERT,Anglais,2.066601276397705
20,ORCplGap,3,BERT,Anglais,5.047791004180908
20,ORCplGap,4,BERT,Anglais,3.7432758808135986
20,ORCplGap,5,BERT,Anglais,3.9195003509521484
20,ORCplGap,6,BERT,Anglais,2.3877787590026855
20,ORCplGap,8,BERT,Anglais,9.431557655334473
20,ORCplGap,9,BERT,Anglais,27.894216537475586
20,ORCsgGap,1,BERT,Anglais,12.85332202911377
20,ORCsgGap,2,BERT,Anglais,1.730591058731079
20,ORCsgGap,3,BERT,Anglais,2.9345550537109375
20,ORCsgGap,4,BERT,Anglais,0.027201680466532707
20,ORCsgGap,5,BERT,Anglais,6.730602741241455
20,ORCsgGap,6,BERT,Anglais,2.7484335899353027
20,ORCsgGap,8,BERT,Anglais,8.111750602722168
20,ORCsgGap,9,BERT,Anglais,28.08960723876953
21,ORCplGap,1,BERT,Anglais,14.21784496307373
21,ORCplGap,2,BERT,Anglais,0.08990885317325592
21,ORCplGap,3,BERT,Anglais,9.930402755737305
21,ORCplGap,4,BERT,Anglais,0.3591722249984741
21,ORCplGap,5,BERT,Anglais,12.451555252075195
21,ORCplGap,6,BERT,Anglais,16.882169723510742
21,ORCplGap,8,BERT,Anglais,15.90696907043457
21,ORCplGap,9,BERT,Anglais,26.393653869628906
21,ORCsgGap,1,BERT,Anglais,13.853194236755371
21,ORCsgGap,2,BERT,Anglais,0.12785297632217407
21,ORCsgGap,3,BERT,Anglais,13.5453519821167
21,ORCsgGap,4,BERT,Anglais,0.3006950616836548
21,ORCsgGap,5,BERT,Anglais,12.194482803344727
21,ORCsgGap,6,BERT,Anglais,17.01996612548828
21,ORCsgGap,8,BERT,Anglais,16.456573486328125
21,ORCsgGap,9,BERT,Anglais,26.176225662231445
22,ORCplGap,1,BERT,Anglais,9.268363952636719
22,ORCplGap,2,BERT,Anglais,1.8960747718811035
22,ORCplGap,3,BERT,Anglais,21.179466247558594
22,ORCplGap,4,BERT,Anglais,1.2652091979980469
22,ORCplGap,5,BERT,Anglais,15.266095161437988
22,ORCplGap,6,BERT,Anglais,16.074081420898438
22,ORCplGap,8,BERT,Anglais,20.568504333496094
22,ORCplGap,9,BERT,Anglais,31.67905044555664
22,ORCsgGap,1,BERT,Anglais,9.2664794921875
22,ORCsgGap,2,BERT,Anglais,2.1033170223236084
22,ORCsgGap,3,BERT,Anglais,20.807662963867188
22,ORCsgGap,4,BERT,Anglais,5.435619831085205
22,ORCsgGap,5,BERT,Anglais,21.333202362060547
22,ORCsgGap,6,BERT,Anglais,14.026152610778809
22,ORCsgGap,8,BERT,Anglais,21.462621688842773
22,ORCsgGap,9,BERT,Anglais,31.596189498901367
23,ORCplGap,1,BERT,Anglais,12.703134536743164
23,ORCplGap,2,BERT,Anglais,1.0746893882751465
23,ORCplGap,3,BERT,Anglais,16.2926025390625
23,ORCplGap,4,BERT,Anglais,3.4645769596099854
23,ORCplGap,5,BERT,Anglais,9.728982925415039
23,ORCplGap,6,BERT,Anglais,19.886869430541992
23,ORCplGap,8,BERT,Anglais,2.1556828022003174
23,ORCplGap,9,BERT,Anglais,21.222396850585938
23,ORCsgGap,1,BERT,Anglais,12.448556900024414
23,ORCsgGap,2,BERT,Anglais,1.6914173364639282
23,ORCsgGap,3,BERT,Anglais,13.903169631958008
23,ORCsgGap,4,BERT,Anglais,4.411518096923828
23,ORCsgGap,5,BERT,Anglais,9.558207511901855
23,ORCsgGap,6,BERT,Anglais,19.487117767333984
23,ORCsgGap,8,BERT,Anglais,2.2049615383148193
23,ORCsgGap,9,BERT,Anglais,22.8690128326416
24,ORCplGap,1,BERT,Anglais,14.580262184143066
24,ORCplGap,2,BERT,Anglais,13.87738037109375
24,ORCplGap,3,BERT,Anglais,20.203277587890625
24,ORCplGap,4,BERT,Anglais,7.5757575035095215
24,ORCplGap,5,BERT,Anglais,6.403985977172852
24,ORCplGap,6,BERT,Anglais,16.395883560180664
24,ORCplGap,8,BERT,Anglais,12.746129989624023
24,ORCplGap,9,BERT,Anglais,10.201824188232422
24,ORCsgGap,1,BERT,Anglais,14.475107192993164
24,ORCsgGap,2,BERT,Anglais,13.027027130126953
24,ORCsgGap,3,BERT,Anglais,20.203277587890625
24,ORCsgGap,4,BERT,Anglais,6.996271133422852
24,ORCsgGap,5,BERT,Anglais,8.114099502563477
24,ORCsgGap,6,BERT,Anglais,16.5299015045166
24,ORCsgGap,8,BERT,Anglais,12.457464218139648
24,ORCsgGap,9,BERT,Anglais,9.733240127563477
1,ORCplNoGap,1,BERT,Anglais,13.433643341064453
1,ORCplNoGap,2,BERT,Anglais,4.615691184997559
1,ORCplNoGap,3,BERT,Anglais,18.319902420043945
1,ORCplNoGap,4,BERT,Anglais,2.1095492839813232
1,ORCplNoGap,5,BERT,Anglais,8.685853004455566
1,ORCplNoGap,6,BERT,Anglais,7.520906925201416
1,ORCplNoGap,7,BERT,Anglais,3.8902735710144043
1,ORCplNoGap,8,BERT,Anglais,6.858305931091309
1,ORCplNoGap,9,BERT,Anglais,7.979375839233398
1,ORCsgNoGap,1,BERT,Anglais,14.769073486328125
1,ORCsgNoGap,2,BERT,Anglais,5.475524425506592
1,ORCsgNoGap,3,BERT,Anglais,18.93630599975586
1,ORCsgNoGap,4,BERT,Anglais,1.4888588190078735
1,ORCsgNoGap,5,BERT,Anglais,7.835011959075928
1,ORCsgNoGap,6,BERT,Anglais,5.901641845703125
1,ORCsgNoGap,7,BERT,Anglais,0.3679545223712921
1,ORCsgNoGap,8,BERT,Anglais,5.616344928741455
1,ORCsgNoGap,9,BERT,Anglais,8.366165161132812
2,ORCplNoGap,1,BERT,Anglais,10.78592300415039
2,ORCplNoGap,2,BERT,Anglais,2.984100341796875
2,ORCplNoGap,3,BERT,Anglais,8.245479583740234
2,ORCplNoGap,4,BERT,Anglais,1.852429747581482
2,ORCplNoGap,5,BERT,Anglais,9.532173156738281
2,ORCplNoGap,6,BERT,Anglais,13.965474128723145
2,ORCplNoGap,7,BERT,Anglais,9.591965675354004
2,ORCplNoGap,8,BERT,Anglais,11.424997329711914
2,ORCplNoGap,9,BERT,Anglais,5.093478202819824
2,ORCsgNoGap,1,BERT,Anglais,12.850320816040039
2,ORCsgNoGap,2,BERT,Anglais,3.6864123344421387
2,ORCsgNoGap,3,BERT,Anglais,12.298030853271484
2,ORCsgNoGap,4,BERT,Anglais,1.475814938545227
2,ORCsgNoGap,5,BERT,Anglais,10.333589553833008
2,ORCsgNoGap,6,BERT,Anglais,12.366987228393555
2,ORCsgNoGap,7,BERT,Anglais,10.85242748260498
2,ORCsgNoGap,8,BERT,Anglais,11.14505386352539
2,ORCsgNoGap,9,BERT,Anglais,7.385633945465088
3,ORCplNoGap,1,BERT,Anglais,10.271293640136719
3,ORCplNoGap,2,BERT,Anglais,1.5693747997283936
3,ORCplNoGap,3,BERT,Anglais,15.806666374206543
3,ORCplNoGap,4,BERT,Anglais,0.9093010425567627
3,ORCplNoGap,5,BERT,Anglais,10.626029968261719
3,ORCplNoGap,6,BERT,Anglais,4.870356559753418
3,ORCplNoGap,7,BERT,Anglais,1.5667904615402222
3,ORCplNoGap,8,BERT,Anglais,8.253401756286621
3,ORCplNoGap,9,BERT,Anglais,14.992217063903809
3,ORCsgNoGap,1,BERT,Anglais,9.7525053024292
3,ORCsgNoGap,2,BERT,Anglais,1.5505354404449463
3,ORCsgNoGap,3,BERT,Anglais,23.435035705566406
3,ORCsgNoGap,4,BERT,Anglais,1.9135726690292358
3,ORCsgNoGap,5,BERT,Anglais,6.765904426574707
3,ORCsgNoGap,6,BERT,Anglais,5.732168197631836
3,ORCsgNoGap,7,BERT,Anglais,3.023113489151001
3,ORCsgNoGap,8,BERT,Anglais,7.93963098526001
3,ORCsgNoGap,9,BERT,Anglais,16.653301239013672
4,ORCplNoGap,1,BERT,Anglais,10.489070892333984
4,ORCplNoGap,2,BERT,Anglais,3.293607473373413
4,ORCplNoGap,3,BERT,Anglais,5.265472888946533
4,ORCplNoGap,4,BERT,Anglais,1.1694668531417847
4,ORCplNoGap,5,BERT,Anglais,6.593337535858154
4,ORCplNoGap,6,BERT,Anglais,20.527162551879883
4,ORCplNoGap,7,BERT,Anglais,0.40138542652130127
4,ORCplNoGap,8,BERT,Anglais,8.929890632629395
4,ORCplNoGap,9,BERT,Anglais,24.4383602142334
4,ORCsgNoGap,1,BERT,Anglais,10.940961837768555
4,ORCsgNoGap,2,BERT,Anglais,3.1558241844177246
4,ORCsgNoGap,3,BERT,Anglais,7.240998268127441
4,ORCsgNoGap,4,BERT,Anglais,1.7892959117889404
4,ORCsgNoGap,5,BERT,Anglais,6.202714443206787
4,ORCsgNoGap,6,BERT,Anglais,19.109647750854492
4,ORCsgNoGap,7,BERT,Anglais,0.34876805543899536
4,ORCsgNoGap,8,BERT,Anglais,8.508320808410645
4,ORCsgNoGap,9,BERT,Anglais,30.06722068786621
5,ORCplNoGap,1,BERT,Anglais,10.740727424621582
5,ORCplNoGap,2,BERT,Anglais,2.6483075618743896
5,ORCplNoGap,3,BERT,Anglais,14.928243637084961
5,ORCplNoGap,4,BERT,Anglais,3.8959543704986572
5,ORCplNoGap,5,BERT,Anglais,1.7159491777420044
5,ORCplNoGap,6,BERT,Anglais,3.1081879138946533
5,ORCplNoGap,7,BERT,Anglais,1.9872432947158813
5,ORCplNoGap,8,BERT,Anglais,19.091449737548828
5,ORCplNoGap,9,BERT,Anglais,20.972312927246094
5,ORCsgNoGap,1,BERT,Anglais,13.310569763183594
5,ORCsgNoGap,2,BERT,Anglais,2.73461651802063
5,ORCsgNoGap,3,BERT,Anglais,16.202228546142578
5,ORCsgNoGap,4,BERT,Anglais,4.444680213928223
5,ORCsgNoGap,5,BERT,Anglais,1.2323083877563477
5,ORCsgNoGap,6,BERT,Anglais,2.663313150405884
5,ORCsgNoGap,7,BERT,Anglais,3.3304107189178467
5,ORCsgNoGap,8,BERT,Anglais,18.338834762573242
5,ORCsgNoGap,9,BERT,Anglais,19.752971649169922
6,ORCplNoGap,1,BERT,Anglais,9.441514015197754
6,ORCplNoGap,2,BERT,Anglais,14.149226188659668
6,ORCplNoGap,3,BERT,Anglais,17.142118453979492
6,ORCplNoGap,4,BERT,Anglais,7.041319847106934
6,ORCplNoGap,5,BERT,Anglais,7.985180377960205
6,ORCplNoGap,6,BERT,Anglais,0.37042349576950073
6,ORCplNoGap,7,BERT,Anglais,1.307355284690857
6,ORCplNoGap,8,BERT,Anglais,9.607604026794434
6,ORCplNoGap,9,BERT,Anglais,17.810548782348633
6,ORCsgNoGap,1,BERT,Anglais,9.905240058898926
6,ORCsgNoGap,2,BERT,Anglais,13.831843376159668
6,ORCsgNoGap,3,BERT,Anglais,14.366878509521484
6,ORCsgNoGap,4,BERT,Anglais,4.609312534332275
6,ORCsgNoGap,5,BERT,Anglais,7.517910957336426
6,ORCsgNoGap,6,BERT,Anglais,0.23464146256446838
6,ORCsgNoGap,7,BERT,Anglais,0.5078837275505066
6,ORCsgNoGap,8,BERT,Anglais,10.825879096984863
6,ORCsgNoGap,9,BERT,Anglais,18.02227020263672
7,ORCplNoGap,1,BERT,Anglais,12.927407264709473
7,ORCplNoGap,2,BERT,Anglais,1.4305683374404907
7,ORCplNoGap,3,BERT,Anglais,12.304435729980469
7,ORCplNoGap,4,BERT,Anglais,5.70288610458374
7,ORCplNoGap,5,BERT,Anglais,16.361906051635742
7,ORCplNoGap,6,BERT,Anglais,13.646071434020996
7,ORCplNoGap,7,BERT,Anglais,2.7447049617767334
7,ORCplNoGap,8,BERT,Anglais,14.992951393127441
7,ORCplNoGap,9,BERT,Anglais,13.32712459564209
7,ORCsgNoGap,1,BERT,Anglais,13.508871078491211
7,ORCsgNoGap,2,BERT,Anglais,0.8871779441833496
7,ORCsgNoGap,3,BERT,Anglais,15.17082691192627
7,ORCsgNoGap,4,BERT,Anglais,5.99664831161499
7,ORCsgNoGap,5,BERT,Anglais,15.298749923706055
7,ORCsgNoGap,6,BERT,Anglais,16.08088493347168
7,ORCsgNoGap,7,BERT,Anglais,6.562780857086182
7,ORCsgNoGap,8,BERT,Anglais,14.326183319091797
7,ORCsgNoGap,9,BERT,Anglais,15.896001815795898
8,ORCplNoGap,1,BERT,Anglais,20.284128189086914
8,ORCplNoGap,2,BERT,Anglais,18.991619110107422
8,ORCplNoGap,3,BERT,Anglais,15.295886993408203
8,ORCplNoGap,4,BERT,Anglais,6.353489398956299
8,ORCplNoGap,5,BERT,Anglais,11.278616905212402
8,ORCplNoGap,6,BERT,Anglais,19.099191665649414
8,ORCplNoGap,7,BERT,Anglais,10.541979789733887
8,ORCplNoGap,8,BERT,Anglais,0.3531668782234192
8,ORCplNoGap,9,BERT,Anglais,17.25568962097168
8,ORCsgNoGap,1,BERT,Anglais,17.40701675415039
8,ORCsgNoGap,2,BERT,Anglais,18.79562759399414
8,ORCsgNoGap,3,BERT,Anglais,18.1848087310791
8,ORCsgNoGap,4,BERT,Anglais,4.119034290313721
8,ORCsgNoGap,5,BERT,Anglais,11.379561424255371
8,ORCsgNoGap,6,BERT,Anglais,19.128564834594727
8,ORCsgNoGap,7,BERT,Anglais,11.478216171264648
8,ORCsgNoGap,8,BERT,Anglais,0.6869348287582397
8,ORCsgNoGap,9,BERT,Anglais,17.96983528137207
9,ORCplNoGap,1,BERT,Anglais,13.346526145935059
9,ORCplNoGap,2,BERT,Anglais,0.3453851640224457
9,ORCplNoGap,3,BERT,Anglais,9.505058288574219
9,ORCplNoGap,4,BERT,Anglais,2.656911849975586
9,ORCplNoGap,5,BERT,Anglais,9.641656875610352
9,ORCplNoGap,6,BERT,Anglais,18.0515079498291
9,ORCplNoGap,7,BERT,Anglais,13.05405044555664
9,ORCplNoGap,8,BERT,Anglais,0.02220371924340725
9,ORCplNoGap,9,BERT,Anglais,21.5020809173584
9,ORCsgNoGap,1,BERT,Anglais,14.600664138793945
9,ORCsgNoGap,2,BERT,Anglais,0.39657172560691833
9,ORCsgNoGap,3,BERT,Anglais,11.426854133605957
9,ORCsgNoGap,4,BERT,Anglais,1.768591046333313
9,ORCsgNoGap,5,BERT,Anglais,9.465399742126465
9,ORCsgNoGap,6,BERT,Anglais,17.06978416442871
9,ORCsgNoGap,7,BERT,Anglais,14.54050350189209
9,ORCsgNoGap,8,BERT,Anglais,0.02482672594487667
9,ORCsgNoGap,9,BERT,Anglais,20.72898292541504
10,ORCplNoGap,1,BERT,Anglais,21.300201416015625
10,ORCplNoGap,2,BERT,Anglais,0.24469144642353058
10,ORCplNoGap,3,BERT,Anglais,3.079983711242676
10,ORCplNoGap,4,BERT,Anglais,5.906076908111572
10,ORCplNoGap,5,BERT,Anglais,13.109575271606445
10,ORCplNoGap,6,BERT,Anglais,8.651252746582031
10,ORCplNoGap,7,BERT,Anglais,1.0564372539520264
10,ORCplNoGap,8,BERT,Anglais,11.157693862915039
10,ORCplNoGap,9,BERT,Anglais,8.558820724487305
10,ORCsgNoGap,1,BERT,Anglais,19.552658081054688
10,ORCsgNoGap,2,BERT,Anglais,0.304353803396225
10,ORCsgNoGap,3,BERT,Anglais,7.695080757141113
10,ORCsgNoGap,4,BERT,Anglais,4.843677520751953
10,ORCsgNoGap,5,BERT,Anglais,14.452949523925781
10,ORCsgNoGap,6,BERT,Anglais,10.146368980407715
10,ORCsgNoGap,7,BERT,Anglais,0.8321384191513062
10,ORCsgNoGap,8,BERT,Anglais,10.203248977661133
10,ORCsgNoGap,9,BERT,Anglais,9.499045372009277
11,ORCplNoGap,1,BERT,Anglais,12.801397323608398
11,ORCplNoGap,2,BERT,Anglais,0.7556207776069641
11,ORCplNoGap,3,BERT,Anglais,13.453812599182129
11,ORCplNoGap,4,BERT,Anglais,5.763227939605713
11,ORCplNoGap,5,BERT,Anglais,21.950000762939453
11,ORCplNoGap,6,BERT,Anglais,10.471217155456543
11,ORCplNoGap,7,BERT,Anglais,4.029714584350586
11,ORCplNoGap,8,BERT,Anglais,21.856250762939453
11,ORCplNoGap,9,BERT,Anglais,10.757059097290039
11,ORCsgNoGap,1,BERT,Anglais,15.586563110351562
11,ORCsgNoGap,2,BERT,Anglais,1.1594641208648682
11,ORCsgNoGap,3,BERT,Anglais,12.175187110900879
11,ORCsgNoGap,4,BERT,Anglais,5.253967761993408
11,ORCsgNoGap,5,BERT,Anglais,22.15967559814453
11,ORCsgNoGap,6,BERT,Anglais,10.298121452331543
11,ORCsgNoGap,7,BERT,Anglais,7.544373512268066
11,ORCsgNoGap,8,BERT,Anglais,14.810009002685547
11,ORCsgNoGap,9,BERT,Anglais,9.639927864074707
12,ORCplNoGap,1,BERT,Anglais,10.570028305053711
12,ORCplNoGap,2,BERT,Anglais,0.14651815593242645
12,ORCplNoGap,3,BERT,Anglais,8.097474098205566
12,ORCplNoGap,4,BERT,Anglais,5.077890872955322
12,ORCplNoGap,5,BERT,Anglais,0.3998169004917145
12,ORCplNoGap,6,BERT,Anglais,22.44452476501465
12,ORCplNoGap,7,BERT,Anglais,3.974640130996704
12,ORCplNoGap,8,BERT,Anglais,12.803309440612793
12,ORCplNoGap,9,BERT,Anglais,21.581289291381836
12,ORCsgNoGap,1,BERT,Anglais,11.38213062286377
12,ORCsgNoGap,2,BERT,Anglais,0.22192096710205078
12,ORCsgNoGap,3,BERT,Anglais,5.879266738891602
12,ORCsgNoGap,4,BERT,Anglais,4.664333820343018
12,ORCsgNoGap,5,BERT,Anglais,0.2035377025604248
12,ORCsgNoGap,6,BERT,Anglais,23.143156051635742
12,ORCsgNoGap,7,BERT,Anglais,5.289453029632568
12,ORCsgNoGap,8,BERT,Anglais,14.194236755371094
12,ORCsgNoGap,9,BERT,Anglais,25.665836334228516
13,ORCplNoGap,1,BERT,Anglais,9.350445747375488
13,ORCplNoGap,2,BERT,Anglais,0.10189510881900787
13,ORCplNoGap,3,BERT,Anglais,10.266450881958008
13,ORCplNoGap,4,BERT,Anglais,0.5924831628799438
13,ORCplNoGap,5,BERT,Anglais,13.835672378540039
13,ORCplNoGap,6,BERT,Anglais,18.728729248046875
13,ORCplNoGap,7,BERT,Anglais,0.7550551295280457
13,ORCplNoGap,8,BERT,Anglais,14.767873764038086
13,ORCplNoGap,9,BERT,Anglais,10.501437187194824
13,ORCsgNoGap,1,BERT,Anglais,11.812284469604492
13,ORCsgNoGap,2,BERT,Anglais,0.1728358417749405
13,ORCsgNoGap,3,BERT,Anglais,10.95360279083252
13,ORCsgNoGap,4,BERT,Anglais,0.7023146152496338
13,ORCsgNoGap,5,BERT,Anglais,12.807519912719727
13,ORCsgNoGap,6,BERT,Anglais,19.98493766784668
13,ORCsgNoGap,7,BERT,Anglais,2.13572096824646
13,ORCsgNoGap,8,BERT,Anglais,13.850980758666992
13,ORCsgNoGap,9,BERT,Anglais,11.851465225219727
14,ORCplNoGap,1,BERT,Anglais,10.885265350341797
14,ORCplNoGap,2,BERT,Anglais,13.84118366241455
14,ORCplNoGap,3,BERT,Anglais,9.309168815612793
14,ORCplNoGap,4,BERT,Anglais,9.750445365905762
14,ORCplNoGap,5,BERT,Anglais,16.2812442779541
14,ORCplNoGap,6,BERT,Anglais,21.34835433959961
14,ORCplNoGap,7,BERT,Anglais,2.932821035385132
14,ORCplNoGap,8,BERT,Anglais,14.25196647644043
14,ORCplNoGap,9,BERT,Anglais,11.985987663269043
14,ORCsgNoGap,1,BERT,Anglais,11.779216766357422
14,ORCsgNoGap,2,BERT,Anglais,13.255363464355469
14,ORCsgNoGap,3,BERT,Anglais,10.206836700439453
14,ORCsgNoGap,4,BERT,Anglais,10.690978050231934
14,ORCsgNoGap,5,BERT,Anglais,16.492773056030273
14,ORCsgNoGap,6,BERT,Anglais,20.481494903564453
14,ORCsgNoGap,7,BERT,Anglais,2.980109453201294
14,ORCsgNoGap,8,BERT,Anglais,14.86042594909668
14,ORCsgNoGap,9,BERT,Anglais,11.75290584564209
15,ORCplNoGap,1,BERT,Anglais,13.483450889587402
15,ORCplNoGap,2,BERT,Anglais,5.905978202819824
15,ORCplNoGap,3,BERT,Anglais,16.387861251831055
15,ORCplNoGap,4,BERT,Anglais,2.251171112060547
15,ORCplNoGap,5,BERT,Anglais,19.52310562133789
15,ORCplNoGap,6,BERT,Anglais,9.155268669128418
15,ORCplNoGap,7,BERT,Anglais,0.4743407070636749
15,ORCplNoGap,8,BERT,Anglais,9.272595405578613
15,ORCplNoGap,9,BERT,Anglais,5.613699913024902
15,ORCsgNoGap,1,BERT,Anglais,13.744889259338379
15,ORCsgNoGap,2,BERT,Anglais,4.520776748657227
15,ORCsgNoGap,3,BERT,Anglais,17.900711059570312
15,ORCsgNoGap,4,BERT,Anglais,2.7875239849090576
15,ORCsgNoGap,5,BERT,Anglais,19.37496566772461
15,ORCsgNoGap,6,BERT,Anglais,7.97849702835083
15,ORCsgNoGap,7,BERT,Anglais,0.6603443026542664
15,ORCsgNoGap,8,BERT,Anglais,9.558833122253418
15,ORCsgNoGap,9,BERT,Anglais,5.975086212158203
16,ORCplNoGap,1,BERT,Anglais,13.937969207763672
16,ORCplNoGap,2,BERT,Anglais,0.5363530516624451
16,ORCplNoGap,3,BERT,Anglais,2.517869472503662
16,ORCplNoGap,4,BERT,Anglais,9.603172302246094
16,ORCplNoGap,5,BERT,Anglais,11.764676094055176
16,ORCplNoGap,6,BERT,Anglais,9.466156959533691
16,ORCplNoGap,7,BERT,Anglais,9.148310661315918
16,ORCplNoGap,8,BERT,Anglais,16.295705795288086
16,ORCplNoGap,9,BERT,Anglais,8.743592262268066
16,ORCsgNoGap,1,BERT,Anglais,13.68423843383789
16,ORCsgNoGap,2,BERT,Anglais,0.514867901802063
16,ORCsgNoGap,3,BERT,Anglais,3.0311977863311768
16,ORCsgNoGap,4,BERT,Anglais,8.752696990966797
16,ORCsgNoGap,5,BERT,Anglais,13.198165893554688
16,ORCsgNoGap,6,BERT,Anglais,10.455403327941895
16,ORCsgNoGap,7,BERT,Anglais,9.001494407653809
16,ORCsgNoGap,8,BERT,Anglais,16.989784240722656
16,ORCsgNoGap,9,BERT,Anglais,9.528502464294434
17,ORCplNoGap,1,BERT,Anglais,14.10334587097168
17,ORCplNoGap,2,BERT,Anglais,0.6292386651039124
17,ORCplNoGap,3,BERT,Anglais,14.384212493896484
17,ORCplNoGap,4,BERT,Anglais,3.6197116374969482
17,ORCplNoGap,5,BERT,Anglais,14.25793743133545
17,ORCplNoGap,6,BERT,Anglais,13.67768669128418
17,ORCplNoGap,7,BERT,Anglais,11.512864112854004
17,ORCplNoGap,8,BERT,Anglais,12.506464958190918
17,ORCplNoGap,9,BERT,Anglais,16.490093231201172
17,ORCsgNoGap,1,BERT,Anglais,13.76674747467041
17,ORCsgNoGap,2,BERT,Anglais,0.9861708283424377
17,ORCsgNoGap,3,BERT,Anglais,16.50773048400879
17,ORCsgNoGap,4,BERT,Anglais,2.9833180904388428
17,ORCsgNoGap,5,BERT,Anglais,13.965165138244629
17,ORCsgNoGap,6,BERT,Anglais,14.4539155960083
17,ORCsgNoGap,7,BERT,Anglais,9.767171859741211
17,ORCsgNoGap,8,BERT,Anglais,11.752365112304688
17,ORCsgNoGap,9,BERT,Anglais,14.093027114868164
18,ORCplNoGap,1,BERT,Anglais,12.031976699829102
18,ORCplNoGap,2,BERT,Anglais,2.9379689693450928
18,ORCplNoGap,3,BERT,Anglais,9.414474487304688
18,ORCplNoGap,4,BERT,Anglais,1.6083735227584839
18,ORCplNoGap,5,BERT,Anglais,2.868936777114868
18,ORCplNoGap,6,BERT,Anglais,6.6098952293396
18,ORCplNoGap,7,BERT,Anglais,0.08780339360237122
18,ORCplNoGap,8,BERT,Anglais,8.332119941711426
18,ORCplNoGap,9,BERT,Anglais,21.97495460510254
18,ORCsgNoGap,1,BERT,Anglais,11.524545669555664
18,ORCsgNoGap,2,BERT,Anglais,4.223326683044434
18,ORCsgNoGap,3,BERT,Anglais,12.22852611541748
18,ORCsgNoGap,4,BERT,Anglais,2.3363890647888184
18,ORCsgNoGap,5,BERT,Anglais,2.6773197650909424
18,ORCsgNoGap,6,BERT,Anglais,7.4211931228637695
18,ORCsgNoGap,7,BERT,Anglais,1.0621520280838013
18,ORCsgNoGap,8,BERT,Anglais,10.288726806640625
18,ORCsgNoGap,9,BERT,Anglais,23.089298248291016
19,ORCplNoGap,1,BERT,Anglais,10.838074684143066
19,ORCplNoGap,2,BERT,Anglais,5.205343246459961
19,ORCplNoGap,3,BERT,Anglais,13.41484546661377
19,ORCplNoGap,4,BERT,Anglais,3.2274701595306396
19,ORCplNoGap,5,BERT,Anglais,9.281906127929688
19,ORCplNoGap,6,BERT,Anglais,22.795528411865234
19,ORCplNoGap,7,BERT,Anglais,1.938827395439148
19,ORCplNoGap,8,BERT,Anglais,0.016979800537228584
19,ORCplNoGap,9,BERT,Anglais,10.6107759475708
19,ORCsgNoGap,1,BERT,Anglais,10.523722648620605
19,ORCsgNoGap,2,BERT,Anglais,4.609176158905029
19,ORCsgNoGap,3,BERT,Anglais,14.758464813232422
19,ORCsgNoGap,4,BERT,Anglais,3.3009679317474365
19,ORCsgNoGap,5,BERT,Anglais,9.456836700439453
19,ORCsgNoGap,6,BERT,Anglais,22.936492919921875
19,ORCsgNoGap,7,BERT,Anglais,1.2792329788208008
19,ORCsgNoGap,8,BERT,Anglais,0.022697102278470993
19,ORCsgNoGap,9,BERT,Anglais,11.04678726196289
20,ORCplNoGap,1,BERT,Anglais,12.994698524475098
20,ORCplNoGap,2,BERT,Anglais,1.5453006029129028
20,ORCplNoGap,3,BERT,Anglais,2.9729254245758057
20,ORCplNoGap,4,BERT,Anglais,3.4142677783966064
20,ORCplNoGap,5,BERT,Anglais,3.13177752494812
20,ORCplNoGap,6,BERT,Anglais,5.663006782531738
20,ORCplNoGap,7,BERT,Anglais,7.773172378540039
20,ORCplNoGap,8,BERT,Anglais,10.692421913146973
20,ORCplNoGap,9,BERT,Anglais,28.030576705932617
20,ORCsgNoGap,1,BERT,Anglais,12.890419006347656
20,ORCsgNoGap,2,BERT,Anglais,1.3622453212738037
20,ORCsgNoGap,3,BERT,Anglais,1.5373938083648682
20,ORCsgNoGap,4,BERT,Anglais,0.10670124739408493
20,ORCsgNoGap,5,BERT,Anglais,5.929562091827393
20,ORCsgNoGap,6,BERT,Anglais,6.2713189125061035
20,ORCsgNoGap,7,BERT,Anglais,6.288400650024414
20,ORCsgNoGap,8,BERT,Anglais,10.856508255004883
20,ORCsgNoGap,9,BERT,Anglais,27.690441131591797
21,ORCplNoGap,1,BERT,Anglais,14.515753746032715
21,ORCplNoGap,2,BERT,Anglais,0.10036833584308624
21,ORCplNoGap,3,BERT,Anglais,8.304224967956543
21,ORCplNoGap,4,BERT,Anglais,0.4976024031639099
21,ORCplNoGap,5,BERT,Anglais,10.312288284301758
21,ORCplNoGap,6,BERT,Anglais,15.935647964477539
21,ORCplNoGap,7,BERT,Anglais,9.366955757141113
21,ORCplNoGap,8,BERT,Anglais,18.161609649658203
21,ORCplNoGap,9,BERT,Anglais,26.16332244873047
21,ORCsgNoGap,1,BERT,Anglais,13.866813659667969
21,ORCsgNoGap,2,BERT,Anglais,0.13687601685523987
21,ORCsgNoGap,3,BERT,Anglais,13.690689086914062
21,ORCsgNoGap,4,BERT,Anglais,0.47712039947509766
21,ORCsgNoGap,5,BERT,Anglais,8.80114459991455
21,ORCsgNoGap,6,BERT,Anglais,15.683623313903809
21,ORCsgNoGap,7,BERT,Anglais,8.901389122009277
21,ORCsgNoGap,8,BERT,Anglais,19.310806274414062
21,ORCsgNoGap,9,BERT,Anglais,26.41988182067871
22,ORCplNoGap,1,BERT,Anglais,8.794304847717285
22,ORCplNoGap,2,BERT,Anglais,0.5418297052383423
22,ORCplNoGap,3,BERT,Anglais,17.724220275878906
22,ORCplNoGap,4,BERT,Anglais,1.9299037456512451
22,ORCplNoGap,5,BERT,Anglais,5.390225410461426
22,ORCplNoGap,6,BERT,Anglais,13.087696075439453
22,ORCplNoGap,7,BERT,Anglais,3.241940498352051
22,ORCplNoGap,8,BERT,Anglais,16.472213745117188
22,ORCplNoGap,9,BERT,Anglais,32.76492691040039
22,ORCsgNoGap,1,BERT,Anglais,7.737094402313232
22,ORCsgNoGap,2,BERT,Anglais,1.8267593383789062
22,ORCsgNoGap,3,BERT,Anglais,20.967397689819336
22,ORCsgNoGap,4,BERT,Anglais,3.844789505004883
22,ORCsgNoGap,5,BERT,Anglais,12.280655860900879
22,ORCsgNoGap,6,BERT,Anglais,13.47325325012207
22,ORCsgNoGap,7,BERT,Anglais,0.5863419771194458
22,ORCsgNoGap,8,BERT,Anglais,17.453697204589844
22,ORCsgNoGap,9,BERT,Anglais,32.196067810058594
23,ORCplNoGap,1,BERT,Anglais,13.066852569580078
23,ORCplNoGap,2,BERT,Anglais,1.1716070175170898
23,ORCplNoGap,3,BERT,Anglais,15.60859203338623
23,ORCplNoGap,4,BERT,Anglais,4.736946105957031
23,ORCplNoGap,5,BERT,Anglais,10.82811164855957
23,ORCplNoGap,6,BERT,Anglais,22.53645896911621
23,ORCplNoGap,7,BERT,Anglais,13.24229907989502
23,ORCplNoGap,8,BERT,Anglais,1.8252063989639282
23,ORCplNoGap,9,BERT,Anglais,19.14586639404297
23,ORCsgNoGap,1,BERT,Anglais,13.088850975036621
23,ORCsgNoGap,2,BERT,Anglais,1.4139384031295776
23,ORCsgNoGap,3,BERT,Anglais,8.841978073120117
23,ORCsgNoGap,4,BERT,Anglais,5.841919422149658
23,ORCsgNoGap,5,BERT,Anglais,10.47835922241211
23,ORCsgNoGap,6,BERT,Anglais,19.396787643432617
23,ORCsgNoGap,7,BERT,Anglais,14.164671897888184
23,ORCsgNoGap,8,BERT,Anglais,1.7828255891799927
23,ORCsgNoGap,9,BERT,Anglais,19.980283737182617
24,ORCplNoGap,1,BERT,Anglais,14.374950408935547
24,ORCplNoGap,2,BERT,Anglais,14.968281745910645
24,ORCplNoGap,3,BERT,Anglais,20.099430084228516
24,ORCplNoGap,4,BERT,Anglais,7.245360851287842
24,ORCplNoGap,5,BERT,Anglais,11.620156288146973
24,ORCplNoGap,6,BERT,Anglais,17.51499366760254
24,ORCplNoGap,7,BERT,Anglais,8.023783683776855
24,ORCplNoGap,8,BERT,Anglais,15.76092529296875
24,ORCplNoGap,9,BERT,Anglais,11.535747528076172
24,ORCsgNoGap,1,BERT,Anglais,14.236459732055664
24,ORCsgNoGap,2,BERT,Anglais,14.020805358886719
24,ORCsgNoGap,3,BERT,Anglais,20.304258346557617
24,ORCsgNoGap,4,BERT,Anglais,8.368206977844238
24,ORCsgNoGap,5,BERT,Anglais,11.519246101379395
24,ORCsgNoGap,6,BERT,Anglais,17.736671447753906
24,ORCsgNoGap,7,BERT,Anglais,7.465178489685059
24,ORCsgNoGap,8,BERT,Anglais,17.047353744506836
24,ORCsgNoGap,9,BERT,Anglais,11.622875213623047
