numero,variable,region,model,langue,surprisal
13,ORCsg,1,BERT,Français,20.069071498060342
13,ORCsg,2,BERT,Français,9.605878183072708
13,ORCsg,3,BERT,Français,7.279302123005249
13,ORCsg,4,BERT,Français,7.341621026085962
13,ORCsg,5,BERT,Français,4.985782313328342
13,ORCsg,6,BERT,Français,11.748055356012099
13,ORCsg,7,BERT,Français,7.093891655937599
13,ORCsg,8,BERT,Français,14.740597505324802
13,ORCsg,9,BERT,Français,13.500279755039713
14,ORCsg,1,BERT,Français,17.030012808705948
14,ORCsg,2,BERT,Français,12.65413458471314
14,ORCsg,3,BERT,Français,7.356420439881802
14,ORCsg,4,BERT,Français,4.936979407295888
14,ORCsg,5,BERT,Français,12.750704081417386
14,ORCsg,6,BERT,Français,13.364355712813017
14,ORCsg,7,BERT,Français,10.079411714044628
14,ORCsg,8,BERT,Français,15.446836424672915
14,ORCsg,9,BERT,Français,14.506109011614226
15,ORCsg,1,BERT,Français,16.31135291037285
15,ORCsg,2,BERT,Français,12.212586109728994
15,ORCsg,3,BERT,Français,17.719647623123006
15,ORCsg,4,BERT,Français,8.074565446830148
15,ORCsg,5,BERT,Français,15.875930922528243
15,ORCsg,6,BERT,Français,17.327320658641717
15,ORCsg,7,BERT,Français,9.172457743814642
15,ORCsg,8,BERT,Français,15.01353156617999
15,ORCsg,9,BERT,Français,16.018449615023574
16,ORCsg,1,BERT,Français,16.00724106892717
16,ORCsg,2,BERT,Français,10.939910357883411
16,ORCsg,3,BERT,Français,16.098766465122047
16,ORCsg,4,BERT,Français,8.511029305803516
16,ORCsg,5,BERT,Français,19.34053057512178
16,ORCsg,6,BERT,Français,17.146955205409107
16,ORCsg,7,BERT,Français,9.391686513409644
16,ORCsg,8,BERT,Français,18.465220166850536
16,ORCsg,9,BERT,Français,12.429980456258642
17,ORCsg,1,BERT,Français,21.026580531056464
17,ORCsg,2,BERT,Français,15.36386208775216
17,ORCsg,3,BERT,Français,6.770106263648323
17,ORCsg,4,BERT,Français,7.658260631662301
17,ORCsg,5,BERT,Français,13.639230058183166
17,ORCsg,6,BERT,Français,16.924952948384014
17,ORCsg,7,BERT,Français,11.77947037010453
17,ORCsg,8,BERT,Français,14.971756666943715
17,ORCsg,9,BERT,Français,11.582329142413533
18,ORCsg,1,BERT,Français,16.32012284803522
18,ORCsg,2,BERT,Français,10.926476852592359
18,ORCsg,3,BERT,Français,12.71870679804565
18,ORCsg,4,BERT,Français,10.920533771344939
18,ORCsg,5,BERT,Français,11.425871940690637
18,ORCsg,6,BERT,Français,15.703538419539223
18,ORCsg,7,BERT,Français,5.7845665378155005
18,ORCsg,8,BERT,Français,19.588616768680925
18,ORCsg,9,BERT,Français,14.344783208656917
19,ORCpl,1,BERT,Français,19.04955463215414
19,ORCpl,2,BERT,Français,11.371198723225836
19,ORCpl,3,BERT,Français,19.022268078630916
19,ORCpl,4,BERT,Français,7.857681625892997
19,ORCpl,5,BERT,Français,8.525431914774167
19,ORCpl,6,BERT,Français,13.927431644029692
19,ORCpl,7,BERT,Français,13.550180704377071
19,ORCpl,8,BERT,Français,9.331073152298918
19,ORCpl,9,BERT,Français,14.184206001654442
20,ORCpl,1,BERT,Français,18.060831618607583
20,ORCpl,2,BERT,Français,11.419629398072894
20,ORCpl,3,BERT,Français,14.949066952767966
20,ORCpl,4,BERT,Français,7.365167573083979
20,ORCpl,5,BERT,Français,20.480197603675652
20,ORCpl,6,BERT,Français,13.86382304092289
20,ORCpl,7,BERT,Français,15.230026902788453
20,ORCpl,8,BERT,Français,15.932848296776353
20,ORCpl,9,BERT,Français,19.32016267719337
21,ORCpl,1,BERT,Français,16.8431103760285
21,ORCpl,2,BERT,Français,10.540535861373424
21,ORCpl,3,BERT,Français,8.050888413458805
21,ORCpl,4,BERT,Français,10.90738801217966
21,ORCpl,5,BERT,Français,10.176315465976044
21,ORCpl,6,BERT,Français,16.855279373177673
21,ORCpl,7,BERT,Français,15.946580172081983
21,ORCpl,8,BERT,Français,21.830346680288642
21,ORCpl,9,BERT,Français,15.70764129183552
22,ORCpl,1,BERT,Français,16.37694304860123
22,ORCpl,2,BERT,Français,12.028863539136152
22,ORCpl,3,BERT,Français,14.770150112428514
22,ORCpl,4,BERT,Français,6.091593543368866
22,ORCpl,5,BERT,Français,11.355445151999028
22,ORCpl,6,BERT,Français,19.734397256963753
22,ORCpl,7,BERT,Français,12.781118425920663
22,ORCpl,8,BERT,Français,14.747590094370228
22,ORCpl,9,BERT,Français,16.064347446673583
23,ORCpl,1,BERT,Français,17.496896349096694
23,ORCpl,2,BERT,Français,20.21850971064825
23,ORCpl,3,BERT,Français,13.135657405380305
23,ORCpl,4,BERT,Français,6.509330752196167
23,ORCpl,5,BERT,Français,17.05545244297815
23,ORCpl,6,BERT,Français,14.596661546083878
23,ORCpl,7,BERT,Français,9.930563508509515
23,ORCpl,8,BERT,Français,16.969090942922016
23,ORCpl,9,BERT,Français,15.733079095740418
24,ORCpl,1,BERT,Français,16.08803919498171
24,ORCpl,2,BERT,Français,12.235440482009997
24,ORCpl,3,BERT,Français,24.754302815152315
24,ORCpl,4,BERT,Français,8.928933776181138
24,ORCpl,5,BERT,Français,13.832048415359528
24,ORCpl,6,BERT,Français,12.008057834147376
24,ORCpl,7,BERT,Français,11.374000492868907
24,ORCpl,8,BERT,Français,20.612762673226857
24,ORCpl,9,BERT,Français,15.076152529929919
1,ORCpl,1,BERT,Français,15.797189539579833
1,ORCpl,2,BERT,Français,14.497122075451228
1,ORCpl,3,BERT,Français,9.6245834662052
1,ORCpl,4,BERT,Français,8.909546709970776
1,ORCpl,5,BERT,Français,11.705314192743451
1,ORCpl,6,BERT,Français,16.350512024769092
1,ORCpl,7,BERT,Français,7.2134882660254975
1,ORCpl,8,BERT,Français,15.775917193685906
1,ORCpl,9,BERT,Français,13.844499084706502
2,ORCpl,1,BERT,Français,18.44114981920003
2,ORCpl,2,BERT,Français,9.610031182947873
2,ORCpl,3,BERT,Français,9.822160018274339
2,ORCpl,4,BERT,Français,7.43053744909947
2,ORCpl,5,BERT,Français,10.839085771845363
2,ORCpl,6,BERT,Français,23.929300383259456
2,ORCpl,7,BERT,Français,13.373063700480612
2,ORCpl,8,BERT,Français,15.231544163835164
2,ORCpl,9,BERT,Français,14.0706808120342
3,ORCpl,1,BERT,Français,16.40818800799281
3,ORCpl,2,BERT,Français,14.148210838790755
3,ORCpl,3,BERT,Français,21.246324478046166
3,ORCpl,4,BERT,Français,9.102125007989162
3,ORCpl,5,BERT,Français,13.960384438596371
3,ORCpl,6,BERT,Français,17.87812204963063
3,ORCpl,7,BERT,Français,15.448575114786573
3,ORCpl,8,BERT,Français,15.505005901634403
3,ORCpl,9,BERT,Français,11.219830421881401
4,ORCpl,1,BERT,Français,18.274392429892444
4,ORCpl,2,BERT,Français,13.01692515933418
4,ORCpl,3,BERT,Français,21.91233726805803
4,ORCpl,4,BERT,Français,9.628888075695624
4,ORCpl,5,BERT,Français,17.7627839111471
4,ORCpl,6,BERT,Français,10.661258585713874
4,ORCpl,7,BERT,Français,11.721025000926875
4,ORCpl,8,BERT,Français,15.703509852404821
4,ORCpl,9,BERT,Français,13.985760685886431
5,ORCpl,1,BERT,Français,19.301188844509028
5,ORCpl,2,BERT,Français,14.208394617869828
5,ORCpl,3,BERT,Français,10.191002939765156
5,ORCpl,4,BERT,Français,9.066172857068963
5,ORCpl,5,BERT,Français,9.960801303791817
5,ORCpl,6,BERT,Français,13.663507060535128
5,ORCpl,7,BERT,Français,12.54006152809237
5,ORCpl,8,BERT,Français,13.057365945105385
5,ORCpl,9,BERT,Français,11.547928091765941
6,ORCpl,1,BERT,Français,20.85479486120681
6,ORCpl,2,BERT,Français,9.926576716419806
6,ORCpl,3,BERT,Français,12.731719011966796
6,ORCpl,4,BERT,Français,5.94714144630758
6,ORCpl,5,BERT,Français,12.271726745077215
6,ORCpl,6,BERT,Français,16.626929625370504
6,ORCpl,7,BERT,Français,11.361178551129866
6,ORCpl,8,BERT,Français,12.223930378737988
6,ORCpl,9,BERT,Français,18.090687720925548
7,ORCsg,1,BERT,Français,14.317888272904748
7,ORCsg,2,BERT,Français,11.617238785458207
7,ORCsg,3,BERT,Français,14.142512311723
7,ORCsg,4,BERT,Français,7.350269521332206
7,ORCsg,5,BERT,Français,15.4616357973929
7,ORCsg,6,BERT,Français,14.923853450821186
7,ORCsg,7,BERT,Français,7.331594206011806
7,ORCsg,8,BERT,Français,13.802062395133428
7,ORCsg,9,BERT,Français,13.499407540346757
8,ORCsg,1,BERT,Français,18.298152510395056
8,ORCsg,2,BERT,Français,14.05940366832653
8,ORCsg,3,BERT,Français,9.079929784668277
8,ORCsg,4,BERT,Français,5.843041577260811
8,ORCsg,5,BERT,Français,11.250767450857829
8,ORCsg,6,BERT,Français,10.577664547499184
8,ORCsg,7,BERT,Français,9.916445036522521
8,ORCsg,8,BERT,Français,19.963283063901642
8,ORCsg,9,BERT,Français,15.495980578005693
9,ORCsg,1,BERT,Français,17.824171806383035
9,ORCsg,2,BERT,Français,21.15289236489192
9,ORCsg,3,BERT,Français,8.646648669542833
9,ORCsg,4,BERT,Français,4.27310500427349
9,ORCsg,5,BERT,Français,7.410297884129526
9,ORCsg,6,BERT,Français,14.250150924626302
9,ORCsg,7,BERT,Français,8.259265517726226
9,ORCsg,8,BERT,Français,17.713464234713914
9,ORCsg,9,BERT,Français,18.10282979122531
10,ORCsg,1,BERT,Français,18.027412090518713
10,ORCsg,2,BERT,Français,11.326957756657093
10,ORCsg,3,BERT,Français,12.439504943559895
10,ORCsg,4,BERT,Français,7.167465146567044
10,ORCsg,5,BERT,Français,16.24565876718589
10,ORCsg,6,BERT,Français,15.055084591089404
10,ORCsg,7,BERT,Français,11.28739449725299
10,ORCsg,8,BERT,Français,18.96887144791828
10,ORCsg,9,BERT,Français,14.312543045420256
11,ORCsg,1,BERT,Français,20.212323074587417
11,ORCsg,2,BERT,Français,12.489716080966716
11,ORCsg,3,BERT,Français,9.414245449993857
11,ORCsg,4,BERT,Français,9.10842903509134
11,ORCsg,5,BERT,Français,8.368760651919839
11,ORCsg,6,BERT,Français,17.1406959383687
11,ORCsg,7,BERT,Français,8.659304616770712
11,ORCsg,8,BERT,Français,14.82731918344702
11,ORCsg,9,BERT,Français,11.665352034602458
12,ORCsg,1,BERT,Français,16.700071507282114
12,ORCsg,2,BERT,Français,10.121569592495698
12,ORCsg,3,BERT,Français,12.311465914466686
12,ORCsg,4,BERT,Français,10.614257511982764
12,ORCsg,5,BERT,Français,16.386550658303488
12,ORCsg,6,BERT,Français,15.018947989151743
12,ORCsg,7,BERT,Français,10.374846010857622
12,ORCsg,8,BERT,Français,10.399922631215247
12,ORCsg,9,BERT,Français,14.637057186818739
13,ORCpl,1,BERT,Français,18.2146732590735
13,ORCpl,2,BERT,Français,10.094365194823915
13,ORCpl,3,BERT,Français,7.0997614122977035
13,ORCpl,4,BERT,Français,6.397073398821547
13,ORCpl,5,BERT,Français,8.663922134122085
13,ORCpl,6,BERT,Français,15.521530922282622
13,ORCpl,7,BERT,Français,9.742747699492005
13,ORCpl,8,BERT,Français,15.58610354077199
13,ORCpl,9,BERT,Français,10.46737226507401
14,ORCpl,1,BERT,Français,17.377130215046716
14,ORCpl,2,BERT,Français,12.758171154972453
14,ORCpl,3,BERT,Français,9.198156678880663
14,ORCpl,4,BERT,Français,5.673284704952558
14,ORCpl,5,BERT,Français,12.160075320606932
14,ORCpl,6,BERT,Français,13.915391736599457
14,ORCpl,7,BERT,Français,12.617348007127074
14,ORCpl,8,BERT,Français,17.234811040901103
14,ORCpl,9,BERT,Français,16.149460126474807
15,ORCpl,1,BERT,Français,15.979597831902316
15,ORCpl,2,BERT,Français,15.143713352472552
15,ORCpl,3,BERT,Français,14.028906877938555
15,ORCpl,4,BERT,Français,8.220850962036817
15,ORCpl,5,BERT,Français,13.96821837849122
15,ORCpl,6,BERT,Français,16.53294763661907
15,ORCpl,7,BERT,Français,12.270824371640519
15,ORCpl,8,BERT,Français,16.946640665153698
15,ORCpl,9,BERT,Français,15.846796056056217
16,ORCpl,1,BERT,Français,17.099682443639924
16,ORCpl,2,BERT,Français,12.745184738214052
16,ORCpl,3,BERT,Français,18.66776044046991
16,ORCpl,4,BERT,Français,7.157990406820058
16,ORCpl,5,BERT,Français,21.152296391894758
16,ORCpl,6,BERT,Français,17.71143803310849
16,ORCpl,7,BERT,Français,10.235124664395968
16,ORCpl,8,BERT,Français,19.22161821989256
16,ORCpl,9,BERT,Français,15.278106343083165
17,ORCpl,1,BERT,Français,19.245690475303636
17,ORCpl,2,BERT,Français,10.809368243771312
17,ORCpl,3,BERT,Français,9.5422107182306
17,ORCpl,4,BERT,Français,5.208217578960111
17,ORCpl,5,BERT,Français,8.189269031557144
17,ORCpl,6,BERT,Français,16.210160632198622
17,ORCpl,7,BERT,Français,10.605381614549321
17,ORCpl,8,BERT,Français,8.598231168616206
17,ORCpl,9,BERT,Français,17.00463739016382
18,ORCpl,1,BERT,Français,16.217265480782615
18,ORCpl,2,BERT,Français,13.089389472904093
18,ORCpl,3,BERT,Français,22.436228952375426
18,ORCpl,4,BERT,Français,8.378149112175981
18,ORCpl,5,BERT,Français,12.624412184990536
18,ORCpl,6,BERT,Français,14.523722881674086
18,ORCpl,7,BERT,Français,11.389934669353071
18,ORCpl,8,BERT,Français,19.281187151503197
18,ORCpl,9,BERT,Français,15.337190938711972
19,ORCsg,1,BERT,Français,19.958463830011006
19,ORCsg,2,BERT,Français,14.69970176811835
19,ORCsg,3,BERT,Français,18.464988219447065
19,ORCsg,4,BERT,Français,5.513346622726621
19,ORCsg,5,BERT,Français,7.5621805070928
19,ORCsg,6,BERT,Français,14.08687300760398
19,ORCsg,7,BERT,Français,8.439150823682855
19,ORCsg,8,BERT,Français,9.995012706276112
19,ORCsg,9,BERT,Français,12.87381528773483
20,ORCsg,1,BERT,Français,17.429336480502272
20,ORCsg,2,BERT,Français,12.031714653643387
20,ORCsg,3,BERT,Français,12.544608056873061
20,ORCsg,4,BERT,Français,5.537367803590422
20,ORCsg,5,BERT,Français,18.664165893958486
20,ORCsg,6,BERT,Français,14.345365063967698
20,ORCsg,7,BERT,Français,9.498017076058176
20,ORCsg,8,BERT,Français,15.624865355568843
20,ORCsg,9,BERT,Français,18.287618156120008
21,ORCsg,1,BERT,Français,17.545175358392306
21,ORCsg,2,BERT,Français,12.41913673389481
21,ORCsg,3,BERT,Français,7.500125653394416
21,ORCsg,4,BERT,Français,10.629136759701439
21,ORCsg,5,BERT,Français,8.346573652224949
21,ORCsg,6,BERT,Français,16.660564241762337
21,ORCsg,7,BERT,Français,12.765448000921822
21,ORCsg,8,BERT,Français,23.779469336875763
21,ORCsg,9,BERT,Français,15.095986261448179
22,ORCsg,1,BERT,Français,14.535002516008563
22,ORCsg,2,BERT,Français,10.092984298170311
22,ORCsg,3,BERT,Français,12.452614492742237
22,ORCsg,4,BERT,Français,6.470602213691794
22,ORCsg,5,BERT,Français,10.994728571054468
22,ORCsg,6,BERT,Français,20.67299045326488
22,ORCsg,7,BERT,Français,9.964099635771175
22,ORCsg,8,BERT,Français,14.612354039610548
22,ORCsg,9,BERT,Français,15.597989446888558
23,ORCsg,1,BERT,Français,17.834985693031268
23,ORCsg,2,BERT,Français,20.904844625837168
23,ORCsg,3,BERT,Français,9.329317928814465
23,ORCsg,4,BERT,Français,6.259852077220191
23,ORCsg,5,BERT,Français,19.038960522356703
23,ORCsg,6,BERT,Français,16.865636823887325
23,ORCsg,7,BERT,Français,8.107552143336301
23,ORCsg,8,BERT,Français,16.163736941039705
23,ORCsg,9,BERT,Français,16.48802035076178
24,ORCsg,1,BERT,Français,17.229340441800733
24,ORCsg,2,BERT,Français,10.769420988017735
24,ORCsg,3,BERT,Français,21.692128543294956
24,ORCsg,4,BERT,Français,7.693052328091045
24,ORCsg,5,BERT,Français,15.099159350889561
24,ORCsg,6,BERT,Français,11.545454825730948
24,ORCsg,7,BERT,Français,8.944893354408432
24,ORCsg,8,BERT,Français,14.722346944298646
24,ORCsg,9,BERT,Français,14.140326644834758
1,ORCsg,1,BERT,Français,14.65925287487972
1,ORCsg,2,BERT,Français,9.547320247626999
1,ORCsg,3,BERT,Français,8.531047512220749
1,ORCsg,4,BERT,Français,4.502841565794724
1,ORCsg,5,BERT,Français,17.050511303784653
1,ORCsg,6,BERT,Français,16.614721856078486
1,ORCsg,7,BERT,Français,6.403719461203458
1,ORCsg,8,BERT,Français,13.172777873799479
1,ORCsg,9,BERT,Français,13.920408284439233
2,ORCsg,1,BERT,Français,18.32271672186069
2,ORCsg,2,BERT,Français,8.580274697765528
2,ORCsg,3,BERT,Français,9.163778458224083
2,ORCsg,4,BERT,Français,9.16889662158068
2,ORCsg,5,BERT,Français,9.86292443255291
2,ORCsg,6,BERT,Français,21.113014372286134
2,ORCsg,7,BERT,Français,7.092069078153964
2,ORCsg,8,BERT,Français,13.897512113875772
2,ORCsg,9,BERT,Français,17.206383296483246
3,ORCsg,1,BERT,Français,17.846640790187028
3,ORCsg,2,BERT,Français,10.582820027635245
3,ORCsg,3,BERT,Français,11.841091741077847
3,ORCsg,4,BERT,Français,8.611256508455467
3,ORCsg,5,BERT,Français,12.984343518131789
3,ORCsg,6,BERT,Français,15.587704228975493
3,ORCsg,7,BERT,Français,13.212263699046373
3,ORCsg,8,BERT,Français,15.532304407663549
3,ORCsg,9,BERT,Français,12.791064199753524
4,ORCsg,1,BERT,Français,18.54781231014182
4,ORCsg,2,BERT,Français,9.97863534797479
4,ORCsg,3,BERT,Français,14.94145626240863
4,ORCsg,4,BERT,Français,10.194000249580341
4,ORCsg,5,BERT,Français,17.55958549648649
4,ORCsg,6,BERT,Français,9.140708167620629
4,ORCsg,7,BERT,Français,9.926084165496494
4,ORCsg,8,BERT,Français,15.803217947610415
4,ORCsg,9,BERT,Français,14.570054939244091
5,ORCsg,1,BERT,Français,19.160475749941817
5,ORCsg,2,BERT,Français,10.455693596250164
5,ORCsg,3,BERT,Français,11.193706453810435
5,ORCsg,4,BERT,Français,7.964260354782321
5,ORCsg,5,BERT,Français,9.950707634117261
5,ORCsg,6,BERT,Français,14.017359385035356
5,ORCsg,7,BERT,Français,8.573662806424158
5,ORCsg,8,BERT,Français,11.972857180914268
5,ORCsg,9,BERT,Français,12.170330969858655
6,ORCsg,1,BERT,Français,19.101867793406416
6,ORCsg,2,BERT,Français,10.560671035073533
6,ORCsg,3,BERT,Français,12.520018111241756
6,ORCsg,4,BERT,Français,5.022519869828131
6,ORCsg,5,BERT,Français,11.177160992967726
6,ORCsg,6,BERT,Français,16.878748065189278
6,ORCsg,7,BERT,Français,6.980848256704706
6,ORCsg,8,BERT,Français,12.906088766631047
6,ORCsg,9,BERT,Français,19.950978741237645
7,ORCpl,1,BERT,Français,14.75817202761882
7,ORCpl,2,BERT,Français,12.265326656458125
7,ORCpl,3,BERT,Français,14.418152139775216
7,ORCpl,4,BERT,Français,5.252538705277319
7,ORCpl,5,BERT,Français,14.310902049198543
7,ORCpl,6,BERT,Français,15.1280830154413
7,ORCpl,7,BERT,Français,8.827812411899549
7,ORCpl,8,BERT,Français,13.096357154544611
7,ORCpl,9,BERT,Français,12.73254062354434
8,ORCpl,1,BERT,Français,18.49812164232695
8,ORCpl,2,BERT,Français,15.441845461963608
8,ORCpl,3,BERT,Français,10.780911263225954
8,ORCpl,4,BERT,Français,6.112858143475769
8,ORCpl,5,BERT,Français,10.147519733724582
8,ORCpl,6,BERT,Français,11.1955191646571
8,ORCpl,7,BERT,Français,9.792043306237593
8,ORCpl,8,BERT,Français,18.5552549034162
8,ORCpl,9,BERT,Français,16.3008347862961
9,ORCpl,1,BERT,Français,19.55654053777348
9,ORCpl,2,BERT,Français,21.252616358102664
9,ORCpl,3,BERT,Français,10.46206193136877
9,ORCpl,4,BERT,Français,4.845498151618696
9,ORCpl,5,BERT,Français,8.920718359469676
9,ORCpl,6,BERT,Français,13.20536054254305
9,ORCpl,7,BERT,Français,10.993278776351124
9,ORCpl,8,BERT,Français,17.566425764750317
9,ORCpl,9,BERT,Français,20.76475295311379
10,ORCpl,1,BERT,Français,19.404725214998855
10,ORCpl,2,BERT,Français,8.987676226708015
10,ORCpl,3,BERT,Français,12.42152054072124
10,ORCpl,4,BERT,Français,7.457968057967324
10,ORCpl,5,BERT,Français,15.343380599313363
10,ORCpl,6,BERT,Français,15.959341046647562
10,ORCpl,7,BERT,Français,9.146823056937823
10,ORCpl,8,BERT,Français,17.012918095667857
10,ORCpl,9,BERT,Français,14.365203348850127
11,ORCpl,1,BERT,Français,18.18486828424699
11,ORCpl,2,BERT,Français,13.327163684778856
11,ORCpl,3,BERT,Français,11.850208078499278
11,ORCpl,4,BERT,Français,18.67782716016489
11,ORCpl,5,BERT,Français,8.575239109212152
11,ORCpl,6,BERT,Français,18.28399633860273
11,ORCpl,7,BERT,Français,11.192063402481145
11,ORCpl,8,BERT,Français,16.240487547221843
11,ORCpl,9,BERT,Français,12.732488330423857
12,ORCpl,1,BERT,Français,18.03127239557034
12,ORCpl,2,BERT,Français,11.955339738587027
12,ORCpl,3,BERT,Français,14.476788153368444
12,ORCpl,4,BERT,Français,8.68882793409624
12,ORCpl,5,BERT,Français,16.28499541632692
12,ORCpl,6,BERT,Français,15.876296773844103
12,ORCpl,7,BERT,Français,12.55261000118625
12,ORCpl,8,BERT,Français,9.82224941883695
12,ORCpl,9,BERT,Français,14.634693178346883
