numero,variable,region,model,langue,surprisal
1,ORCpl,1,BERT,Anglais,13.433643341064453
1,ORCpl,2,BERT,Anglais,4.615691184997559
1,ORCpl,3,BERT,Anglais,18.319902420043945
1,ORCpl,4,BERT,Anglais,2.1095492839813232
1,ORCpl,5,BERT,Anglais,8.685853004455566
1,ORCpl,6,BERT,Anglais,7.520906925201416
1,ORCpl,7,BERT,Anglais,3.8902735710144043
1,ORCpl,8,BERT,Anglais,6.858305931091309
1,ORCpl,9,BERT,Anglais,7.979375839233398
1,ORCsg,1,BERT,Anglais,14.769073486328125
1,ORCsg,2,BERT,Anglais,5.475524425506592
1,ORCsg,3,BERT,Anglais,18.93630599975586
1,ORCsg,4,BERT,Anglais,1.4888588190078735
1,ORCsg,5,BERT,Anglais,7.835011959075928
1,ORCsg,6,BERT,Anglais,5.901641845703125
1,ORCsg,7,BERT,Anglais,0.3679545223712921
1,ORCsg,8,BERT,Anglais,5.616344928741455
1,ORCsg,9,BERT,Anglais,8.366165161132812
2,ORCpl,1,BERT,Anglais,10.78592300415039
2,ORCpl,2,BERT,Anglais,2.984100341796875
2,ORCpl,3,BERT,Anglais,8.245479583740234
2,ORCpl,4,BERT,Anglais,1.852429747581482
2,ORCpl,5,BERT,Anglais,9.532173156738281
2,ORCpl,6,BERT,Anglais,13.965474128723145
2,ORCpl,7,BERT,Anglais,9.591965675354004
2,ORCpl,8,BERT,Anglais,11.424997329711914
2,ORCpl,9,BERT,Anglais,5.093478202819824
2,ORCsg,1,BERT,Anglais,12.850320816040039
2,ORCsg,2,BERT,Anglais,3.6864123344421387
2,ORCsg,3,BERT,Anglais,12.298030853271484
2,ORCsg,4,BERT,Anglais,1.475814938545227
2,ORCsg,5,BERT,Anglais,10.333589553833008
2,ORCsg,6,BERT,Anglais,12.366987228393555
2,ORCsg,7,BERT,Anglais,10.85242748260498
2,ORCsg,8,BERT,Anglais,11.14505386352539
2,ORCsg,9,BERT,Anglais,7.385633945465088
3,ORCpl,1,BERT,Anglais,10.271293640136719
3,ORCpl,2,BERT,Anglais,1.5693747997283936
3,ORCpl,3,BERT,Anglais,15.806666374206543
3,ORCpl,4,BERT,Anglais,0.9093010425567627
3,ORCpl,5,BERT,Anglais,10.626029968261719
3,ORCpl,6,BERT,Anglais,4.870356559753418
3,ORCpl,7,BERT,Anglais,1.5667904615402222
3,ORCpl,8,BERT,Anglais,8.253401756286621
3,ORCpl,9,BERT,Anglais,14.992217063903809
3,ORCsg,1,BERT,Anglais,9.7525053024292
3,ORCsg,2,BERT,Anglais,1.5505354404449463
3,ORCsg,3,BERT,Anglais,23.435035705566406
3,ORCsg,4,BERT,Anglais,1.9135726690292358
3,ORCsg,5,BERT,Anglais,6.765904426574707
3,ORCsg,6,BERT,Anglais,5.732168197631836
3,ORCsg,7,BERT,Anglais,3.023113489151001
3,ORCsg,8,BERT,Anglais,7.93963098526001
3,ORCsg,9,BERT,Anglais,16.653301239013672
4,ORCpl,1,BERT,Anglais,10.489070892333984
4,ORCpl,2,BERT,Anglais,3.293607473373413
4,ORCpl,3,BERT,Anglais,5.265472888946533
4,ORCpl,4,BERT,Anglais,1.1694668531417847
4,ORCpl,5,BERT,Anglais,6.593337535858154
4,ORCpl,6,BERT,Anglais,20.527162551879883
4,ORCpl,7,BERT,Anglais,0.40138542652130127
4,ORCpl,8,BERT,Anglais,8.929890632629395
4,ORCpl,9,BERT,Anglais,24.4383602142334
4,ORCsg,1,BERT,Anglais,10.940961837768555
4,ORCsg,2,BERT,Anglais,3.1558241844177246
4,ORCsg,3,BERT,Anglais,7.240998268127441
4,ORCsg,4,BERT,Anglais,1.7892959117889404
4,ORCsg,5,BERT,Anglais,6.202714443206787
4,ORCsg,6,BERT,Anglais,19.109647750854492
4,ORCsg,7,BERT,Anglais,0.34876805543899536
4,ORCsg,8,BERT,Anglais,8.508320808410645
4,ORCsg,9,BERT,Anglais,30.06722068786621
5,ORCpl,1,BERT,Anglais,10.740727424621582
5,ORCpl,2,BERT,Anglais,2.6483075618743896
5,ORCpl,3,BERT,Anglais,14.928243637084961
5,ORCpl,4,BERT,Anglais,3.8959543704986572
5,ORCpl,5,BERT,Anglais,1.7159491777420044
5,ORCpl,6,BERT,Anglais,3.1081879138946533
5,ORCpl,7,BERT,Anglais,1.9872432947158813
5,ORCpl,8,BERT,Anglais,19.091449737548828
5,ORCpl,9,BERT,Anglais,20.972312927246094
5,ORCsg,1,BERT,Anglais,13.310569763183594
5,ORCsg,2,BERT,Anglais,2.73461651802063
5,ORCsg,3,BERT,Anglais,16.202228546142578
5,ORCsg,4,BERT,Anglais,4.444680213928223
5,ORCsg,5,BERT,Anglais,1.2323083877563477
5,ORCsg,6,BERT,Anglais,2.663313150405884
5,ORCsg,7,BERT,Anglais,3.3304107189178467
5,ORCsg,8,BERT,Anglais,18.338834762573242
5,ORCsg,9,BERT,Anglais,19.752971649169922
6,ORCpl,1,BERT,Anglais,9.441514015197754
6,ORCpl,2,BERT,Anglais,14.149226188659668
6,ORCpl,3,BERT,Anglais,17.142118453979492
6,ORCpl,4,BERT,Anglais,7.041319847106934
6,ORCpl,5,BERT,Anglais,7.985180377960205
6,ORCpl,6,BERT,Anglais,0.37042349576950073
6,ORCpl,7,BERT,Anglais,1.307355284690857
6,ORCpl,8,BERT,Anglais,9.607604026794434
6,ORCpl,9,BERT,Anglais,17.810548782348633
6,ORCsg,1,BERT,Anglais,9.905240058898926
6,ORCsg,2,BERT,Anglais,13.831843376159668
6,ORCsg,3,BERT,Anglais,14.366878509521484
6,ORCsg,4,BERT,Anglais,4.609312534332275
6,ORCsg,5,BERT,Anglais,7.517910957336426
6,ORCsg,6,BERT,Anglais,0.23464146256446838
6,ORCsg,7,BERT,Anglais,0.5078837275505066
6,ORCsg,8,BERT,Anglais,10.825879096984863
6,ORCsg,9,BERT,Anglais,18.02227020263672
7,ORCpl,1,BERT,Anglais,12.927407264709473
7,ORCpl,2,BERT,Anglais,1.4305683374404907
7,ORCpl,3,BERT,Anglais,12.304435729980469
7,ORCpl,4,BERT,Anglais,5.70288610458374
7,ORCpl,5,BERT,Anglais,16.361906051635742
7,ORCpl,6,BERT,Anglais,13.646071434020996
7,ORCpl,7,BERT,Anglais,2.7447049617767334
7,ORCpl,8,BERT,Anglais,14.992951393127441
7,ORCpl,9,BERT,Anglais,13.32712459564209
7,ORCsg,1,BERT,Anglais,13.508871078491211
7,ORCsg,2,BERT,Anglais,0.8871779441833496
7,ORCsg,3,BERT,Anglais,15.17082691192627
7,ORCsg,4,BERT,Anglais,5.99664831161499
7,ORCsg,5,BERT,Anglais,15.298749923706055
7,ORCsg,6,BERT,Anglais,16.08088493347168
7,ORCsg,7,BERT,Anglais,6.562780857086182
7,ORCsg,8,BERT,Anglais,14.326183319091797
7,ORCsg,9,BERT,Anglais,15.896001815795898
8,ORCpl,1,BERT,Anglais,20.284128189086914
8,ORCpl,2,BERT,Anglais,18.991619110107422
8,ORCpl,3,BERT,Anglais,15.295886993408203
8,ORCpl,4,BERT,Anglais,6.353489398956299
8,ORCpl,5,BERT,Anglais,11.278616905212402
8,ORCpl,6,BERT,Anglais,19.099191665649414
8,ORCpl,7,BERT,Anglais,10.541979789733887
8,ORCpl,8,BERT,Anglais,0.3531668782234192
8,ORCpl,9,BERT,Anglais,17.25568962097168
8,ORCsg,1,BERT,Anglais,17.40701675415039
8,ORCsg,2,BERT,Anglais,18.79562759399414
8,ORCsg,3,BERT,Anglais,18.1848087310791
8,ORCsg,4,BERT,Anglais,4.119034290313721
8,ORCsg,5,BERT,Anglais,11.379561424255371
8,ORCsg,6,BERT,Anglais,19.128564834594727
8,ORCsg,7,BERT,Anglais,11.478216171264648
8,ORCsg,8,BERT,Anglais,0.6869348287582397
8,ORCsg,9,BERT,Anglais,17.96983528137207
9,ORCpl,1,BERT,Anglais,13.346526145935059
9,ORCpl,2,BERT,Anglais,0.3453851640224457
9,ORCpl,3,BERT,Anglais,9.505058288574219
9,ORCpl,4,BERT,Anglais,2.656911849975586
9,ORCpl,5,BERT,Anglais,9.641656875610352
9,ORCpl,6,BERT,Anglais,18.0515079498291
9,ORCpl,7,BERT,Anglais,13.05405044555664
9,ORCpl,8,BERT,Anglais,0.02220371924340725
9,ORCpl,9,BERT,Anglais,21.5020809173584
9,ORCsg,1,BERT,Anglais,14.600664138793945
9,ORCsg,2,BERT,Anglais,0.39657172560691833
9,ORCsg,3,BERT,Anglais,11.426854133605957
9,ORCsg,4,BERT,Anglais,1.768591046333313
9,ORCsg,5,BERT,Anglais,9.465399742126465
9,ORCsg,6,BERT,Anglais,17.06978416442871
9,ORCsg,7,BERT,Anglais,14.54050350189209
9,ORCsg,8,BERT,Anglais,0.02482672594487667
9,ORCsg,9,BERT,Anglais,20.72898292541504
10,ORCpl,1,BERT,Anglais,21.300201416015625
10,ORCpl,2,BERT,Anglais,0.24469144642353058
10,ORCpl,3,BERT,Anglais,3.079983711242676
10,ORCpl,4,BERT,Anglais,5.906076908111572
10,ORCpl,5,BERT,Anglais,13.109575271606445
10,ORCpl,6,BERT,Anglais,8.651252746582031
10,ORCpl,7,BERT,Anglais,1.0564372539520264
10,ORCpl,8,BERT,Anglais,11.157693862915039
10,ORCpl,9,BERT,Anglais,8.558820724487305
10,ORCsg,1,BERT,Anglais,19.552658081054688
10,ORCsg,2,BERT,Anglais,0.304353803396225
10,ORCsg,3,BERT,Anglais,7.695080757141113
10,ORCsg,4,BERT,Anglais,4.843677520751953
10,ORCsg,5,BERT,Anglais,14.452949523925781
10,ORCsg,6,BERT,Anglais,10.146368980407715
10,ORCsg,7,BERT,Anglais,0.8321384191513062
10,ORCsg,8,BERT,Anglais,10.203248977661133
10,ORCsg,9,BERT,Anglais,9.499045372009277
11,ORCpl,1,BERT,Anglais,12.801397323608398
11,ORCpl,2,BERT,Anglais,0.7556207776069641
11,ORCpl,3,BERT,Anglais,13.453812599182129
11,ORCpl,4,BERT,Anglais,5.763227939605713
11,ORCpl,5,BERT,Anglais,21.950000762939453
11,ORCpl,6,BERT,Anglais,10.471217155456543
11,ORCpl,7,BERT,Anglais,4.029714584350586
11,ORCpl,8,BERT,Anglais,21.856250762939453
11,ORCpl,9,BERT,Anglais,10.757059097290039
11,ORCsg,1,BERT,Anglais,15.586563110351562
11,ORCsg,2,BERT,Anglais,1.1594641208648682
11,ORCsg,3,BERT,Anglais,12.175187110900879
11,ORCsg,4,BERT,Anglais,5.253967761993408
11,ORCsg,5,BERT,Anglais,22.15967559814453
11,ORCsg,6,BERT,Anglais,10.298121452331543
11,ORCsg,7,BERT,Anglais,7.544373512268066
11,ORCsg,8,BERT,Anglais,14.810009002685547
11,ORCsg,9,BERT,Anglais,9.639927864074707
12,ORCpl,1,BERT,Anglais,10.570028305053711
12,ORCpl,2,BERT,Anglais,0.14651815593242645
12,ORCpl,3,BERT,Anglais,8.097474098205566
12,ORCpl,4,BERT,Anglais,5.077890872955322
12,ORCpl,5,BERT,Anglais,0.3998169004917145
12,ORCpl,6,BERT,Anglais,22.44452476501465
12,ORCpl,7,BERT,Anglais,3.974640130996704
12,ORCpl,8,BERT,Anglais,12.803309440612793
12,ORCpl,9,BERT,Anglais,21.581289291381836
12,ORCsg,1,BERT,Anglais,11.38213062286377
12,ORCsg,2,BERT,Anglais,0.22192096710205078
12,ORCsg,3,BERT,Anglais,5.879266738891602
12,ORCsg,4,BERT,Anglais,4.664333820343018
12,ORCsg,5,BERT,Anglais,0.2035377025604248
12,ORCsg,6,BERT,Anglais,23.143156051635742
12,ORCsg,7,BERT,Anglais,5.289453029632568
12,ORCsg,8,BERT,Anglais,14.194236755371094
12,ORCsg,9,BERT,Anglais,25.665836334228516
13,ORCpl,1,BERT,Anglais,9.350445747375488
13,ORCpl,2,BERT,Anglais,0.10189510881900787
13,ORCpl,3,BERT,Anglais,10.266450881958008
13,ORCpl,4,BERT,Anglais,0.5924831628799438
13,ORCpl,5,BERT,Anglais,13.835672378540039
13,ORCpl,6,BERT,Anglais,18.728729248046875
13,ORCpl,7,BERT,Anglais,0.7550551295280457
13,ORCpl,8,BERT,Anglais,14.767873764038086
13,ORCpl,9,BERT,Anglais,10.501437187194824
13,ORCsg,1,BERT,Anglais,11.812284469604492
13,ORCsg,2,BERT,Anglais,0.1728358417749405
13,ORCsg,3,BERT,Anglais,10.95360279083252
13,ORCsg,4,BERT,Anglais,0.7023146152496338
13,ORCsg,5,BERT,Anglais,12.807519912719727
13,ORCsg,6,BERT,Anglais,19.98493766784668
13,ORCsg,7,BERT,Anglais,2.13572096824646
13,ORCsg,8,BERT,Anglais,13.850980758666992
13,ORCsg,9,BERT,Anglais,11.851465225219727
14,ORCpl,1,BERT,Anglais,10.885265350341797
14,ORCpl,2,BERT,Anglais,13.84118366241455
14,ORCpl,3,BERT,Anglais,9.309168815612793
14,ORCpl,4,BERT,Anglais,9.750445365905762
14,ORCpl,5,BERT,Anglais,16.2812442779541
14,ORCpl,6,BERT,Anglais,21.34835433959961
14,ORCpl,7,BERT,Anglais,2.932821035385132
14,ORCpl,8,BERT,Anglais,14.25196647644043
14,ORCpl,9,BERT,Anglais,11.985987663269043
14,ORCsg,1,BERT,Anglais,11.779216766357422
14,ORCsg,2,BERT,Anglais,13.255363464355469
14,ORCsg,3,BERT,Anglais,10.206836700439453
14,ORCsg,4,BERT,Anglais,10.690978050231934
14,ORCsg,5,BERT,Anglais,16.492773056030273
14,ORCsg,6,BERT,Anglais,20.481494903564453
14,ORCsg,7,BERT,Anglais,2.980109453201294
14,ORCsg,8,BERT,Anglais,14.86042594909668
14,ORCsg,9,BERT,Anglais,11.75290584564209
15,ORCpl,1,BERT,Anglais,13.483450889587402
15,ORCpl,2,BERT,Anglais,5.905978202819824
15,ORCpl,3,BERT,Anglais,16.387861251831055
15,ORCpl,4,BERT,Anglais,2.251171112060547
15,ORCpl,5,BERT,Anglais,19.52310562133789
15,ORCpl,6,BERT,Anglais,9.155268669128418
15,ORCpl,7,BERT,Anglais,0.4743407070636749
15,ORCpl,8,BERT,Anglais,9.272595405578613
15,ORCpl,9,BERT,Anglais,5.613699913024902
15,ORCsg,1,BERT,Anglais,13.744889259338379
15,ORCsg,2,BERT,Anglais,4.520776748657227
15,ORCsg,3,BERT,Anglais,17.900711059570312
15,ORCsg,4,BERT,Anglais,2.7875239849090576
15,ORCsg,5,BERT,Anglais,19.37496566772461
15,ORCsg,6,BERT,Anglais,7.97849702835083
15,ORCsg,7,BERT,Anglais,0.6603443026542664
15,ORCsg,8,BERT,Anglais,9.558833122253418
15,ORCsg,9,BERT,Anglais,5.975086212158203
16,ORCpl,1,BERT,Anglais,13.937969207763672
16,ORCpl,2,BERT,Anglais,0.5363530516624451
16,ORCpl,3,BERT,Anglais,2.517869472503662
16,ORCpl,4,BERT,Anglais,9.603172302246094
16,ORCpl,5,BERT,Anglais,11.764676094055176
16,ORCpl,6,BERT,Anglais,9.466156959533691
16,ORCpl,7,BERT,Anglais,9.148310661315918
16,ORCpl,8,BERT,Anglais,16.295705795288086
16,ORCpl,9,BERT,Anglais,8.743592262268066
16,ORCsg,1,BERT,Anglais,13.68423843383789
16,ORCsg,2,BERT,Anglais,0.514867901802063
16,ORCsg,3,BERT,Anglais,3.0311977863311768
16,ORCsg,4,BERT,Anglais,8.752696990966797
16,ORCsg,5,BERT,Anglais,13.198165893554688
16,ORCsg,6,BERT,Anglais,10.455403327941895
16,ORCsg,7,BERT,Anglais,9.001494407653809
16,ORCsg,8,BERT,Anglais,16.989784240722656
16,ORCsg,9,BERT,Anglais,9.528502464294434
17,ORCpl,1,BERT,Anglais,14.10334587097168
17,ORCpl,2,BERT,Anglais,0.6292386651039124
17,ORCpl,3,BERT,Anglais,14.384212493896484
17,ORCpl,4,BERT,Anglais,3.6197116374969482
17,ORCpl,5,BERT,Anglais,14.25793743133545
17,ORCpl,6,BERT,Anglais,13.67768669128418
17,ORCpl,7,BERT,Anglais,11.512864112854004
17,ORCpl,8,BERT,Anglais,12.506464958190918
17,ORCpl,9,BERT,Anglais,16.490093231201172
17,ORCsg,1,BERT,Anglais,13.76674747467041
17,ORCsg,2,BERT,Anglais,0.9861708283424377
17,ORCsg,3,BERT,Anglais,16.50773048400879
17,ORCsg,4,BERT,Anglais,2.9833180904388428
17,ORCsg,5,BERT,Anglais,13.965165138244629
17,ORCsg,6,BERT,Anglais,14.4539155960083
17,ORCsg,7,BERT,Anglais,9.767171859741211
17,ORCsg,8,BERT,Anglais,11.752365112304688
17,ORCsg,9,BERT,Anglais,14.093027114868164
18,ORCpl,1,BERT,Anglais,12.031976699829102
18,ORCpl,2,BERT,Anglais,2.9379689693450928
18,ORCpl,3,BERT,Anglais,9.414474487304688
18,ORCpl,4,BERT,Anglais,1.6083735227584839
18,ORCpl,5,BERT,Anglais,2.868936777114868
18,ORCpl,6,BERT,Anglais,6.6098952293396
18,ORCpl,7,BERT,Anglais,0.08780339360237122
18,ORCpl,8,BERT,Anglais,8.332119941711426
18,ORCpl,9,BERT,Anglais,21.97495460510254
18,ORCsg,1,BERT,Anglais,11.524545669555664
18,ORCsg,2,BERT,Anglais,4.223326683044434
18,ORCsg,3,BERT,Anglais,12.22852611541748
18,ORCsg,4,BERT,Anglais,2.3363890647888184
18,ORCsg,5,BERT,Anglais,2.6773197650909424
18,ORCsg,6,BERT,Anglais,7.4211931228637695
18,ORCsg,7,BERT,Anglais,1.0621520280838013
18,ORCsg,8,BERT,Anglais,10.288726806640625
18,ORCsg,9,BERT,Anglais,23.089298248291016
19,ORCpl,1,BERT,Anglais,10.838074684143066
19,ORCpl,2,BERT,Anglais,5.205343246459961
19,ORCpl,3,BERT,Anglais,13.41484546661377
19,ORCpl,4,BERT,Anglais,3.2274701595306396
19,ORCpl,5,BERT,Anglais,9.281906127929688
19,ORCpl,6,BERT,Anglais,22.795528411865234
19,ORCpl,7,BERT,Anglais,1.938827395439148
19,ORCpl,8,BERT,Anglais,0.016979800537228584
19,ORCpl,9,BERT,Anglais,10.6107759475708
19,ORCsg,1,BERT,Anglais,10.523722648620605
19,ORCsg,2,BERT,Anglais,4.609176158905029
19,ORCsg,3,BERT,Anglais,14.758464813232422
19,ORCsg,4,BERT,Anglais,3.3009679317474365
19,ORCsg,5,BERT,Anglais,9.456836700439453
19,ORCsg,6,BERT,Anglais,22.936492919921875
19,ORCsg,7,BERT,Anglais,1.2792329788208008
19,ORCsg,8,BERT,Anglais,0.022697102278470993
19,ORCsg,9,BERT,Anglais,11.04678726196289
20,ORCpl,1,BERT,Anglais,12.994698524475098
20,ORCpl,2,BERT,Anglais,1.5453006029129028
20,ORCpl,3,BERT,Anglais,2.9729254245758057
20,ORCpl,4,BERT,Anglais,3.4142677783966064
20,ORCpl,5,BERT,Anglais,3.13177752494812
20,ORCpl,6,BERT,Anglais,5.663006782531738
20,ORCpl,7,BERT,Anglais,7.773172378540039
20,ORCpl,8,BERT,Anglais,10.692421913146973
20,ORCpl,9,BERT,Anglais,28.030576705932617
20,ORCsg,1,BERT,Anglais,12.890419006347656
20,ORCsg,2,BERT,Anglais,1.3622453212738037
20,ORCsg,3,BERT,Anglais,1.5373938083648682
20,ORCsg,4,BERT,Anglais,0.10670124739408493
20,ORCsg,5,BERT,Anglais,5.929562091827393
20,ORCsg,6,BERT,Anglais,6.2713189125061035
20,ORCsg,7,BERT,Anglais,6.288400650024414
20,ORCsg,8,BERT,Anglais,10.856508255004883
20,ORCsg,9,BERT,Anglais,27.690441131591797
21,ORCpl,1,BERT,Anglais,14.515753746032715
21,ORCpl,2,BERT,Anglais,0.10036833584308624
21,ORCpl,3,BERT,Anglais,8.304224967956543
21,ORCpl,4,BERT,Anglais,0.4976024031639099
21,ORCpl,5,BERT,Anglais,10.312288284301758
21,ORCpl,6,BERT,Anglais,15.935647964477539
21,ORCpl,7,BERT,Anglais,9.366955757141113
21,ORCpl,8,BERT,Anglais,18.161609649658203
21,ORCpl,9,BERT,Anglais,26.16332244873047
21,ORCsg,1,BERT,Anglais,13.866813659667969
21,ORCsg,2,BERT,Anglais,0.13687601685523987
21,ORCsg,3,BERT,Anglais,13.690689086914062
21,ORCsg,4,BERT,Anglais,0.47712039947509766
21,ORCsg,5,BERT,Anglais,8.80114459991455
21,ORCsg,6,BERT,Anglais,15.683623313903809
21,ORCsg,7,BERT,Anglais,8.901389122009277
21,ORCsg,8,BERT,Anglais,19.310806274414062
21,ORCsg,9,BERT,Anglais,26.41988182067871
22,ORCpl,1,BERT,Anglais,8.794304847717285
22,ORCpl,2,BERT,Anglais,0.5418297052383423
22,ORCpl,3,BERT,Anglais,17.724220275878906
22,ORCpl,4,BERT,Anglais,1.9299037456512451
22,ORCpl,5,BERT,Anglais,5.390225410461426
22,ORCpl,6,BERT,Anglais,13.087696075439453
22,ORCpl,7,BERT,Anglais,3.241940498352051
22,ORCpl,8,BERT,Anglais,16.472213745117188
22,ORCpl,9,BERT,Anglais,32.76492691040039
22,ORCsg,1,BERT,Anglais,7.737094402313232
22,ORCsg,2,BERT,Anglais,1.8267593383789062
22,ORCsg,3,BERT,Anglais,20.967397689819336
22,ORCsg,4,BERT,Anglais,3.844789505004883
22,ORCsg,5,BERT,Anglais,12.280655860900879
22,ORCsg,6,BERT,Anglais,13.47325325012207
22,ORCsg,7,BERT,Anglais,0.5863419771194458
22,ORCsg,8,BERT,Anglais,17.453697204589844
22,ORCsg,9,BERT,Anglais,32.196067810058594
23,ORCpl,1,BERT,Anglais,13.066852569580078
23,ORCpl,2,BERT,Anglais,1.1716070175170898
23,ORCpl,3,BERT,Anglais,15.60859203338623
23,ORCpl,4,BERT,Anglais,4.736946105957031
23,ORCpl,5,BERT,Anglais,10.82811164855957
23,ORCpl,6,BERT,Anglais,22.53645896911621
23,ORCpl,7,BERT,Anglais,13.24229907989502
23,ORCpl,8,BERT,Anglais,1.8252063989639282
23,ORCpl,9,BERT,Anglais,19.14586639404297
23,ORCsg,1,BERT,Anglais,13.088850975036621
23,ORCsg,2,BERT,Anglais,1.4139384031295776
23,ORCsg,3,BERT,Anglais,8.841978073120117
23,ORCsg,4,BERT,Anglais,5.841919422149658
23,ORCsg,5,BERT,Anglais,10.47835922241211
23,ORCsg,6,BERT,Anglais,19.396787643432617
23,ORCsg,7,BERT,Anglais,14.164671897888184
23,ORCsg,8,BERT,Anglais,1.7828255891799927
23,ORCsg,9,BERT,Anglais,19.980283737182617
24,ORCpl,1,BERT,Anglais,14.374950408935547
24,ORCpl,2,BERT,Anglais,14.968281745910645
24,ORCpl,3,BERT,Anglais,20.099430084228516
24,ORCpl,4,BERT,Anglais,7.245360851287842
24,ORCpl,5,BERT,Anglais,11.620156288146973
24,ORCpl,6,BERT,Anglais,17.51499366760254
24,ORCpl,7,BERT,Anglais,8.023783683776855
24,ORCpl,8,BERT,Anglais,15.76092529296875
24,ORCpl,9,BERT,Anglais,11.535747528076172
24,ORCsg,1,BERT,Anglais,14.236459732055664
24,ORCsg,2,BERT,Anglais,14.020805358886719
24,ORCsg,3,BERT,Anglais,20.304258346557617
24,ORCsg,4,BERT,Anglais,8.368206977844238
24,ORCsg,5,BERT,Anglais,11.519246101379395
24,ORCsg,6,BERT,Anglais,17.736671447753906
24,ORCsg,7,BERT,Anglais,7.465178489685059
24,ORCsg,8,BERT,Anglais,17.047353744506836
24,ORCsg,9,BERT,Anglais,11.622875213623047
