numero,variable,region,model,langue,surprisal
1,1,1,BERT,Français,2.9251640655395583
1,1,2,BERT,Français,5.025505497574699
1,1,3,BERT,Français,0.34551987896828196
1,1,7,BERT,Français,8.333958729910602
1,1,8,BERT,Français,12.2950730696694
1,1,9,BERT,Français,9.230215010582064
1,1,10,BERT,Français,12.881590998650648
1,2,1,BERT,Français,2.9970521354205872
1,2,2,BERT,Français,6.347121774268647
1,2,3,BERT,Français,0.7268503777468637
1,2,7,BERT,Français,10.236822288204925
1,2,8,BERT,Français,17.623823726497
1,2,10,BERT,Français,12.138487273070615
1,3,1,BERT,Français,4.421777395998259
1,3,2,BERT,Français,8.610164405706255
1,3,3,BERT,Français,1.8899701397526587
1,3,7,BERT,Français,9.576731973518639
1,3,8,BERT,Français,12.44347044076713
1,3,9,BERT,Français,9.461007485357275
1,3,10,BERT,Français,14.34836949540793
1,4,1,BERT,Français,3.905237532125948
1,4,2,BERT,Français,8.699661684979157
1,4,3,BERT,Français,2.65926143049742
1,4,7,BERT,Français,11.496857275324576
1,4,8,BERT,Français,15.746991626413735
1,4,10,BERT,Français,11.516448289270956
1,5,1,BERT,Français,2.889493272730708
1,5,2,BERT,Français,6.3186451156311705
1,5,3,BERT,Français,0.15838968199239759
1,5,4,BERT,Français,6.7408917922402525
1,5,5,BERT,Français,5.720732612610646
1,5,6,BERT,Français,0.5455805848703907
1,5,7,BERT,Français,8.645811834140881
1,5,8,BERT,Français,13.323286838523453
1,5,9,BERT,Français,8.64215768432103
1,5,10,BERT,Français,13.40556934652648
1,6,1,BERT,Français,3.5311999818642383
1,6,2,BERT,Français,6.090816382854106
1,6,3,BERT,Français,0.27076523633330724
1,6,4,BERT,Français,6.786492875042378
1,6,5,BERT,Français,6.879086163310926
1,6,6,BERT,Français,0.802919071167215
1,6,7,BERT,Français,9.016483671014635
1,6,8,BERT,Français,17.733273355181737
1,6,10,BERT,Français,13.865882062327852
1,7,1,BERT,Français,3.8509930123469283
1,7,2,BERT,Français,5.850064690459482
1,7,3,BERT,Français,0.3100842228049663
1,7,4,BERT,Français,6.662179273182679
1,7,5,BERT,Français,6.487974039388341
1,7,6,BERT,Français,5.253983445274733
1,7,7,BERT,Français,8.230761015096922
1,7,8,BERT,Français,13.139159195907707
1,7,9,BERT,Français,8.263781726389452
1,7,10,BERT,Français,14.581103431457606
1,8,1,BERT,Français,3.1571059851176404
1,8,2,BERT,Français,5.532476413152381
1,8,3,BERT,Français,0.16670163009617905
1,8,4,BERT,Français,6.17185547559207
1,8,5,BERT,Français,8.143520708410371
1,8,6,BERT,Français,5.058194226051927
1,8,7,BERT,Français,9.23241289733853
1,8,8,BERT,Français,17.123404368029234
1,8,10,BERT,Français,15.30769663558479
2,1,1,BERT,Français,6.581167239509719
2,1,2,BERT,Français,2.055831025381745
2,1,3,BERT,Français,0.43739119188417036
2,1,7,BERT,Français,6.529274108802154
2,1,8,BERT,Français,7.804153837280877
2,1,9,BERT,Français,5.642610825999237
2,1,10,BERT,Français,11.161498420456597
2,2,1,BERT,Français,7.913627900510429
2,2,2,BERT,Français,2.0363722110957525
2,2,3,BERT,Français,0.6993804360158122
2,2,7,BERT,Français,8.550387974433589
2,2,8,BERT,Français,14.585134020615198
2,2,10,BERT,Français,10.744186641669586
2,3,1,BERT,Français,6.19863857555941
2,3,2,BERT,Français,6.550228426739091
2,3,3,BERT,Français,3.8834202924316785
2,3,7,BERT,Français,7.838997013932152
2,3,8,BERT,Français,8.224626427598567
2,3,9,BERT,Français,5.838182757287381
2,3,10,BERT,Français,12.557377384340914
2,4,1,BERT,Français,7.8829119666106635
2,4,2,BERT,Français,5.7583775505385155
2,4,3,BERT,Français,2.7076053408788057
2,4,7,BERT,Français,8.221316540840663
2,4,8,BERT,Français,12.04284790785597
2,4,10,BERT,Français,13.509151570937032
2,5,1,BERT,Français,6.348276552124354
2,5,2,BERT,Français,4.716277309050553
2,5,3,BERT,Français,0.5929597186015504
2,5,4,BERT,Français,12.231027635618354
2,5,5,BERT,Français,8.017051410686499
2,5,6,BERT,Français,0.13925408750109491
2,5,7,BERT,Français,8.218861842156668
2,5,8,BERT,Français,8.110689984405715
2,5,9,BERT,Français,5.786748608966357
2,5,10,BERT,Français,12.553974958561065
2,6,1,BERT,Français,7.388431547899655
2,6,2,BERT,Français,5.331728503051761
2,6,3,BERT,Français,1.0047965637367329
2,6,4,BERT,Français,12.175526566530445
2,6,5,BERT,Français,9.083724427543062
2,6,6,BERT,Français,0.5657012531895949
2,6,7,BERT,Français,8.438631636122365
2,6,8,BERT,Français,13.502902248301597
2,6,10,BERT,Français,10.444629870741702
2,7,1,BERT,Français,4.6431342099326125
2,7,2,BERT,Français,5.874675769870882
2,7,3,BERT,Français,4.415747733110864
2,7,4,BERT,Français,11.867102135757658
2,7,5,BERT,Français,7.315425146434454
2,7,6,BERT,Français,0.19125072698495943
2,7,7,BERT,Français,9.605987987698898
2,7,8,BERT,Français,7.973838447767028
2,7,9,BERT,Français,5.6609999521430145
2,7,10,BERT,Français,13.702330271732095
2,8,1,BERT,Français,5.626470894180773
2,8,2,BERT,Français,6.2176639055823495
2,8,3,BERT,Français,2.855691530843441
2,8,4,BERT,Français,11.469245294859046
2,8,5,BERT,Français,8.664586882011077
2,8,6,BERT,Français,0.45250834867059314
2,8,7,BERT,Français,9.276620588654529
2,8,8,BERT,Français,12.80753409610985
2,8,10,BERT,Français,12.500519758257441
3,1,1,BERT,Français,2.1923847688324174
3,1,2,BERT,Français,10.12978759746854
3,1,3,BERT,Français,0.9373075556565232
3,1,7,BERT,Français,5.997414495224334
3,1,8,BERT,Français,15.647469692034344
3,1,9,BERT,Français,9.11156181816908
3,1,10,BERT,Français,12.251830290661813
3,2,1,BERT,Français,2.5775481513086365
3,2,2,BERT,Français,11.208652366544083
3,2,3,BERT,Français,0.9059851546641362
3,2,7,BERT,Français,11.001395884333622
3,2,8,BERT,Français,12.967103576768581
3,2,10,BERT,Français,11.612567413961157
3,3,1,BERT,Français,3.269986640059195
3,3,2,BERT,Français,12.872934058143183
3,3,3,BERT,Français,3.853493628387082
3,3,7,BERT,Français,12.530335951809079
3,3,8,BERT,Français,15.504510899504385
3,3,9,BERT,Français,8.60969470260189
3,3,10,BERT,Français,13.12156865698104
3,4,1,BERT,Français,3.111126903512896
3,4,2,BERT,Français,9.130726974725135
3,4,3,BERT,Français,2.657663225632298
3,4,7,BERT,Français,12.158947854469385
3,4,8,BERT,Français,14.32519244726383
3,4,10,BERT,Français,14.061551418725257
3,5,1,BERT,Français,11.507956252479511
3,5,2,BERT,Français,9.510852486567572
3,5,3,BERT,Français,0.5603049136702853
3,5,4,BERT,Français,13.574205674539702
3,5,5,BERT,Français,12.900318790605327
3,5,6,BERT,Français,0.11539979864055656
3,5,7,BERT,Français,8.796986779741829
3,5,8,BERT,Français,13.853254059651457
3,5,9,BERT,Français,6.026432073079762
3,5,10,BERT,Français,15.599089301884723
3,6,1,BERT,Français,7.9775890067429485
3,6,2,BERT,Français,9.937887472390354
3,6,3,BERT,Français,0.25434690784806263
3,6,4,BERT,Français,14.334537427811812
3,6,5,BERT,Français,12.173774385273093
3,6,6,BERT,Français,0.3356263949977662
3,6,7,BERT,Français,14.204572647754567
3,6,8,BERT,Français,9.745159658471449
3,6,10,BERT,Français,14.613655811676088
3,7,1,BERT,Français,6.362246370648177
3,7,2,BERT,Français,13.199796811899992
3,7,3,BERT,Français,4.048270363997921
3,7,4,BERT,Français,13.572662728290586
3,7,5,BERT,Français,12.702589845083683
3,7,6,BERT,Français,1.3292241521399122
3,7,7,BERT,Français,8.0135539611831
3,7,8,BERT,Français,12.195191684696388
3,7,9,BERT,Français,7.010490725546901
3,7,10,BERT,Français,15.542173402926888
3,8,1,BERT,Français,5.626268461536665
3,8,2,BERT,Français,12.023213112152309
3,8,3,BERT,Français,1.2188986713311574
3,8,4,BERT,Français,13.955198183023107
3,8,5,BERT,Français,12.852495377130078
3,8,6,BERT,Français,0.9987751437147541
3,8,7,BERT,Français,14.426883551980461
3,8,8,BERT,Français,9.911682759189327
3,8,10,BERT,Français,16.085817636985098
4,1,1,BERT,Français,5.83457296690875
4,1,2,BERT,Français,3.2159745806254727
4,1,3,BERT,Français,1.7384601233258405
4,1,7,BERT,Français,7.923464575877205
4,1,8,BERT,Français,12.672117101375369
4,1,9,BERT,Français,11.975715383369199
4,1,10,BERT,Français,15.519662038042835
4,2,1,BERT,Français,5.437469445346663
4,2,2,BERT,Français,6.6498319450308045
4,2,3,BERT,Français,2.188919931655373
4,2,7,BERT,Français,4.598677230038625
4,2,8,BERT,Français,15.805452780071494
4,2,10,BERT,Français,13.301460114850768
4,3,1,BERT,Français,7.624243707598072
4,3,2,BERT,Français,6.1091824458182575
4,3,3,BERT,Français,1.9550064632390103
4,3,7,BERT,Français,6.045537507218211
4,3,8,BERT,Français,12.528898125929347
4,3,9,BERT,Français,11.906406577895053
4,3,10,BERT,Français,13.798574656691438
4,4,1,BERT,Français,6.814364436428781
4,4,2,BERT,Français,8.090190030938464
4,4,3,BERT,Français,3.5911316620297575
4,4,7,BERT,Français,3.7075043740376885
4,4,8,BERT,Français,16.729059698125937
4,4,10,BERT,Français,12.959350577272179
4,5,1,BERT,Français,8.14418595232886
4,5,2,BERT,Français,3.384173388931977
4,5,3,BERT,Français,2.3261745490636665
4,5,4,BERT,Français,0.6665271401305177
4,5,5,BERT,Français,8.035748247796237
4,5,6,BERT,Français,1.327971284303469
4,5,7,BERT,Français,9.142930397468387
4,5,8,BERT,Français,13.37653116692958
4,5,9,BERT,Français,13.150065424635091
4,5,10,BERT,Français,13.305260396255266
4,6,1,BERT,Français,6.817888784461787
4,6,2,BERT,Français,3.502950503683126
4,6,3,BERT,Français,2.451173741695553
4,6,4,BERT,Français,0.7540988870667061
4,6,5,BERT,Français,7.273389336659771
4,6,6,BERT,Français,1.5934009092927763
4,6,7,BERT,Français,6.549527985683098
4,6,8,BERT,Français,16.222227083824
4,6,10,BERT,Français,14.295485554747257
4,7,1,BERT,Français,9.839381465849444
4,7,2,BERT,Français,4.807277811397306
4,7,3,BERT,Français,2.0362554564471096
4,7,4,BERT,Français,0.45983482380749907
4,7,5,BERT,Français,8.544253136427873
4,7,6,BERT,Français,2.1770632834722305
4,7,7,BERT,Français,8.821137931167469
4,7,8,BERT,Français,14.249101073542965
4,7,9,BERT,Français,12.955223858737336
4,7,10,BERT,Français,13.276819142598887
4,8,1,BERT,Français,10.483203378283628
4,8,2,BERT,Français,6.352729553822095
4,8,3,BERT,Français,2.107354355685017
4,8,4,BERT,Français,0.2639164648703601
4,8,5,BERT,Français,7.801321462767074
4,8,6,BERT,Français,2.2369115641797643
4,8,7,BERT,Français,7.537471142615825
4,8,8,BERT,Français,15.267069631756787
4,8,10,BERT,Français,14.451406653234129
5,1,1,BERT,Français,9.616615667808361
5,1,2,BERT,Français,3.908678581354276
5,1,3,BERT,Français,0.1105298293540077
5,1,7,BERT,Français,12.561476524793258
5,1,8,BERT,Français,10.640513690863521
5,1,9,BERT,Français,10.092205379982174
5,1,10,BERT,Français,10.896618375913455
5,2,1,BERT,Français,10.169877878965561
5,2,2,BERT,Français,3.625622857996393
5,2,3,BERT,Français,0.18073743296900627
5,2,7,BERT,Français,12.493804300760463
5,2,8,BERT,Français,7.498741544371014
5,2,10,BERT,Français,11.464217980072233
5,3,1,BERT,Français,14.017507695655832
5,3,2,BERT,Français,8.240817039430551
5,3,3,BERT,Français,3.005643023675085
5,3,7,BERT,Français,15.584465298572479
5,3,8,BERT,Français,13.247253294789582
5,3,9,BERT,Français,10.921583992347779
5,3,10,BERT,Français,15.313213963116867
5,4,1,BERT,Français,12.171918345446635
5,4,2,BERT,Français,7.814921327644836
5,4,3,BERT,Français,2.1489880843334466
5,4,7,BERT,Français,18.59193516163763
5,4,8,BERT,Français,15.339532235441897
5,4,10,BERT,Français,13.565623234900832
5,5,1,BERT,Français,10.199122015308957
5,5,2,BERT,Français,5.487588651352007
5,5,3,BERT,Français,0.22432040198856668
5,5,4,BERT,Français,6.727304157401931
5,5,5,BERT,Français,16.1738299666029
5,5,6,BERT,Français,1.5131511105896671
5,5,7,BERT,Français,14.929868243214415
5,5,8,BERT,Français,11.190963478375902
5,5,9,BERT,Français,10.536463029663643
5,5,10,BERT,Français,11.332964167816723
5,6,1,BERT,Français,12.153869681598094
5,6,2,BERT,Français,7.892261393902568
5,6,3,BERT,Français,0.18526959343672744
5,6,4,BERT,Français,8.129978510416986
5,6,5,BERT,Français,16.691155644219023
5,6,6,BERT,Français,1.3255325993218257
5,6,7,BERT,Français,15.542659579251328
5,6,8,BERT,Français,8.093515157052227
5,6,10,BERT,Français,11.126802519218039
5,7,1,BERT,Français,12.795009983150768
5,7,2,BERT,Français,8.314964560254891
5,7,3,BERT,Français,1.4157231850461331
5,7,4,BERT,Français,9.246777843042983
5,7,5,BERT,Français,11.47629376519106
5,7,6,BERT,Français,2.6105487862152708
5,7,7,BERT,Français,14.137606871826442
5,7,8,BERT,Français,12.319116319128659
5,7,9,BERT,Français,9.864322335813144
5,7,10,BERT,Français,12.878791864828255
5,8,1,BERT,Français,14.250661762395007
5,8,2,BERT,Français,7.986957153425156
5,8,3,BERT,Français,1.4930078763612098
5,8,4,BERT,Français,10.317772192334457
5,8,5,BERT,Français,14.17833207726237
5,8,6,BERT,Français,0.7148570307924778
5,8,7,BERT,Français,15.830125141926406
5,8,8,BERT,Français,8.853948328000923
5,8,10,BERT,Français,13.059356357151925
6,1,1,BERT,Français,5.954861439980582
6,1,2,BERT,Français,9.302862314634512
6,1,3,BERT,Français,0.7190600663708695
6,1,7,BERT,Français,17.118624979056662
6,1,8,BERT,Français,19.0551495413569
6,1,9,BERT,Français,8.24717521565621
6,1,10,BERT,Français,11.742629998650573
6,2,1,BERT,Français,7.406049308555088
6,2,2,BERT,Français,11.860005317616173
6,2,3,BERT,Français,1.9643868622960161
6,2,7,BERT,Français,19.414448636221294
6,2,8,BERT,Français,19.34072821334328
6,2,10,BERT,Français,10.300984048000503
6,3,1,BERT,Français,8.839109000554336
6,3,2,BERT,Français,11.725404587022686
6,3,3,BERT,Français,2.083527237136208
6,3,7,BERT,Français,18.819584833652563
6,3,8,BERT,Français,18.343353542907078
6,3,9,BERT,Français,8.533515722705024
6,3,10,BERT,Français,12.596885747665715
6,4,1,BERT,Français,8.854297608507151
6,4,2,BERT,Français,12.805388458865657
6,4,3,BERT,Français,2.2463143799529743
6,4,7,BERT,Français,16.807098755145333
6,4,8,BERT,Français,19.40052943022616
6,4,10,BERT,Français,10.916391152245316
6,5,1,BERT,Français,11.413373437974318
6,5,2,BERT,Français,10.15034550270053
6,5,3,BERT,Français,0.2065067266069283
6,5,4,BERT,Français,15.029474087050293
6,5,5,BERT,Français,5.175603290673065
6,5,6,BERT,Français,0.06614665933643905
6,5,7,BERT,Français,14.547165813565638
6,5,8,BERT,Français,16.474818667189844
6,5,9,BERT,Français,10.160684705365199
6,5,10,BERT,Français,13.304488770228575
6,6,1,BERT,Français,12.436610287209929
6,6,2,BERT,Français,10.407825519577974
6,6,3,BERT,Français,0.24014929401033874
6,6,4,BERT,Français,14.601152993756937
6,6,5,BERT,Français,5.835555820410706
6,6,6,BERT,Français,0.192737263588445
6,6,7,BERT,Français,17.26563582042514
6,6,8,BERT,Français,19.534800558936837
6,6,10,BERT,Français,12.54636915122479
6,7,1,BERT,Français,12.690051043151339
6,7,2,BERT,Français,10.973529577259487
6,7,3,BERT,Français,0.16933219156643617
6,7,4,BERT,Français,13.895868230066426
6,7,5,BERT,Français,3.848947836785997
6,7,6,BERT,Français,4.256233584154637
6,7,7,BERT,Français,14.116404422971712
6,7,8,BERT,Français,17.134509491009712
6,7,9,BERT,Français,9.44631551890203
6,7,10,BERT,Français,14.058513618050798
6,8,1,BERT,Français,14.80179448834993
6,8,2,BERT,Français,11.80236889232922
6,8,3,BERT,Français,0.3596451645842038
6,8,4,BERT,Français,13.627316241226133
6,8,5,BERT,Français,5.027920759945204
6,8,6,BERT,Français,3.408726032469462
6,8,7,BERT,Français,18.52789623168066
6,8,8,BERT,Français,20.306082827661786
6,8,10,BERT,Français,12.997298619448252
7,1,1,BERT,Français,3.5357337099551773
7,1,2,BERT,Français,6.441346087981279
7,1,3,BERT,Français,1.646165458328039
7,1,7,BERT,Français,7.816162931135754
7,1,8,BERT,Français,6.589839175525326
7,1,9,BERT,Français,9.622196113398056
7,1,10,BERT,Français,10.129845461465342
7,2,1,BERT,Français,3.7148065037970928
7,2,2,BERT,Français,6.010594758597088
7,2,3,BERT,Français,1.567439494743113
7,2,7,BERT,Français,12.40440286045105
7,2,8,BERT,Français,12.012368892511047
7,2,10,BERT,Français,10.006975944421715
7,3,1,BERT,Français,3.224502341761075
7,3,2,BERT,Français,9.491637225883874
7,3,3,BERT,Français,3.144052726969403
7,3,7,BERT,Français,7.784450411328472
7,3,8,BERT,Français,7.3688837957738444
7,3,9,BERT,Français,13.432848942749033
7,3,10,BERT,Français,9.560813475950177
7,4,1,BERT,Français,5.612493656226684
7,4,2,BERT,Français,8.018397270033255
7,4,3,BERT,Français,1.2942991738174985
7,4,7,BERT,Français,11.240643901857418
7,4,8,BERT,Français,12.846774713740992
7,4,10,BERT,Français,9.125630197665718
7,5,1,BERT,Français,4.074123798697243
7,5,2,BERT,Français,7.649682462372855
7,5,3,BERT,Français,4.193201327918339
7,5,4,BERT,Français,15.340945374374432
7,5,5,BERT,Français,7.486867711989251
7,5,6,BERT,Français,1.0789525941814884
7,5,7,BERT,Français,5.424880201154278
7,5,8,BERT,Français,6.154440942293477
7,5,9,BERT,Français,9.809419179570982
7,5,10,BERT,Français,10.24289173347401
7,6,1,BERT,Français,4.072195458897125
7,6,2,BERT,Français,7.250003455659102
7,6,3,BERT,Français,3.798591109677508
7,6,4,BERT,Français,12.553871061821374
7,6,5,BERT,Français,8.685543433430723
7,6,6,BERT,Français,0.9728838479619044
7,6,7,BERT,Français,10.150515293695374
7,6,8,BERT,Français,12.004900532109838
7,6,10,BERT,Français,9.938791658750802
7,7,1,BERT,Français,5.239771316238817
7,7,2,BERT,Français,8.470930648117072
7,7,3,BERT,Français,3.8221068062838377
7,7,4,BERT,Français,14.441903515476843
7,7,5,BERT,Français,11.283477539438346
7,7,6,BERT,Français,2.8818712901958876
7,7,7,BERT,Français,7.52391117684587
7,7,8,BERT,Français,6.176099571044992
7,7,9,BERT,Français,10.842299807935941
7,7,10,BERT,Français,10.49017438600641
7,8,1,BERT,Français,4.997298791109184
7,8,2,BERT,Français,8.038725278285355
7,8,3,BERT,Français,3.288798213070553
7,8,4,BERT,Français,12.760114537200504
7,8,5,BERT,Français,9.826262179368277
7,8,6,BERT,Français,2.566437480103322
7,8,7,BERT,Français,11.252860817635703
7,8,8,BERT,Français,11.036236409757377
7,8,10,BERT,Français,9.655268623655681
8,1,1,BERT,Français,9.450173507946266
8,1,2,BERT,Français,8.246095401318012
8,1,3,BERT,Français,0.6782895827766361
8,1,7,BERT,Français,1.903207326924682
8,1,8,BERT,Français,7.873904795572013
8,1,9,BERT,Français,10.102649269662402
8,1,10,BERT,Français,12.221640078785272
8,2,1,BERT,Français,8.689904548228323
8,2,2,BERT,Français,9.497881066236172
8,2,3,BERT,Français,0.20645552762121128
8,2,7,BERT,Français,2.4399170073682352
8,2,8,BERT,Français,13.490835833711232
8,2,10,BERT,Français,13.21102295082545
8,3,1,BERT,Français,9.969363674954833
8,3,2,BERT,Français,10.46641182946679
8,3,3,BERT,Français,1.8053121187261614
8,3,7,BERT,Français,2.6169029938112356
8,3,8,BERT,Français,11.417750495159963
8,3,9,BERT,Français,15.167735486538383
8,3,10,BERT,Français,15.582034331001907
8,4,1,BERT,Français,9.542618118878114
8,4,2,BERT,Français,9.375644273303033
8,4,3,BERT,Français,0.9921459878669101
8,4,7,BERT,Français,8.03906309477322
8,4,8,BERT,Français,15.077593170155811
8,4,10,BERT,Français,16.81604695851258
8,5,1,BERT,Français,7.641365699350461
8,5,2,BERT,Français,5.986550553224052
8,5,3,BERT,Français,1.5298668220178528
8,5,4,BERT,Français,10.57390970224785
8,5,5,BERT,Français,5.313928270915717
8,5,6,BERT,Français,0.05520019923479823
8,5,7,BERT,Français,3.558953339395352
8,5,8,BERT,Français,10.626086230081281
8,5,9,BERT,Français,7.13757414155467
8,5,10,BERT,Français,10.008984862565589
8,6,1,BERT,Français,7.767975851184432
8,6,2,BERT,Français,6.779594805779849
8,6,3,BERT,Français,5.294438163912645
8,6,4,BERT,Français,10.2836719102484
8,6,5,BERT,Français,5.7904017671781185
8,6,6,BERT,Français,0.05768390077751692
8,6,7,BERT,Français,4.7681521670668445
8,6,8,BERT,Français,16.18707074893904
8,6,10,BERT,Français,10.911490265503684
8,7,1,BERT,Français,7.590536031760662
8,7,2,BERT,Français,9.74798574494292
8,7,3,BERT,Français,3.2687785580642554
8,7,4,BERT,Français,9.835225008626644
8,7,5,BERT,Français,7.907522695061188
8,7,6,BERT,Français,1.9358037573428366
8,7,7,BERT,Français,3.9837322135835667
8,7,8,BERT,Français,13.4424125474137
8,7,9,BERT,Français,8.229846987773017
8,7,10,BERT,Français,14.080765941881005
8,8,1,BERT,Français,7.1071026904173324
8,8,2,BERT,Français,9.344275928843043
8,8,3,BERT,Français,2.799346503771815
8,8,4,BERT,Français,11.649710792733996
8,8,5,BERT,Français,6.407766653757878
8,8,6,BERT,Français,2.895414522745094
8,8,7,BERT,Français,6.796507411638792
8,8,8,BERT,Français,16.486588521616195
8,8,10,BERT,Français,14.449648342680389
9,1,1,BERT,Français,11.794360351955953
9,1,2,BERT,Français,11.341579292537636
9,1,3,BERT,Français,8.706618022824971
9,1,7,BERT,Français,19.433465920594443
9,1,8,BERT,Français,15.362483046504147
9,1,9,BERT,Français,7.188064841891338
9,1,10,BERT,Français,9.696706145017856
9,2,1,BERT,Français,8.907270114492938
9,2,2,BERT,Français,11.36852105676154
9,2,3,BERT,Français,9.564045066201684
9,2,7,BERT,Français,21.05114043894569
9,2,8,BERT,Français,15.170829021204565
9,2,10,BERT,Français,10.151549264399117
9,3,1,BERT,Français,10.84916624320204
9,3,2,BERT,Français,13.561159172352081
9,3,3,BERT,Français,7.434650109907769
9,3,7,BERT,Français,23.938510801003318
9,3,8,BERT,Français,15.49378940689525
9,3,9,BERT,Français,7.468424355321155
9,3,10,BERT,Français,10.58028382616118
9,4,1,BERT,Français,11.373004120161989
9,4,2,BERT,Français,10.969350205496054
9,4,3,BERT,Français,8.330017340677067
9,4,7,BERT,Français,23.353958507234882
9,4,8,BERT,Français,14.930679063493466
9,4,10,BERT,Français,12.142556449933338
9,5,1,BERT,Français,11.449689681794665
9,5,2,BERT,Français,8.130577947413373
9,5,3,BERT,Français,2.844409838738528
9,5,4,BERT,Français,8.372432385579508
9,5,5,BERT,Français,19.58571348640999
9,5,6,BERT,Français,9.007170721496767
9,5,7,BERT,Français,20.180726516594884
9,5,8,BERT,Français,15.863472542110133
9,5,9,BERT,Français,5.348575218031766
9,5,10,BERT,Français,11.163557303883408
9,6,1,BERT,Français,11.628729046793438
9,6,2,BERT,Français,10.987247774079318
9,6,3,BERT,Français,3.426895458872441
9,6,4,BERT,Français,10.967948217715671
9,6,5,BERT,Français,18.81569016649104
9,6,6,BERT,Français,9.835807048676521
9,6,7,BERT,Français,20.721615911068906
9,6,8,BERT,Français,18.06384213110358
9,6,10,BERT,Français,11.480186688059005
9,7,1,BERT,Français,12.950627358952413
9,7,2,BERT,Français,11.659952022573307
9,7,3,BERT,Français,6.221194242945315
9,7,4,BERT,Français,12.051225437319586
9,7,5,BERT,Français,20.650252954158123
9,7,6,BERT,Français,7.364605910182164
9,7,7,BERT,Français,19.323972675382457
9,7,8,BERT,Français,14.205019818662507
9,7,9,BERT,Français,8.277639065967648
9,7,10,BERT,Français,10.055659953890686
9,8,1,BERT,Français,13.809048655136419
9,8,2,BERT,Français,11.990867963405247
9,8,3,BERT,Français,6.455032030865007
9,8,4,BERT,Français,9.852540560759431
9,8,5,BERT,Français,20.83681547123718
9,8,6,BERT,Français,7.715804810369786
9,8,7,BERT,Français,20.679760111073872
9,8,8,BERT,Français,15.241308928522225
9,8,10,BERT,Français,9.643478044113342
10,1,1,BERT,Français,10.202528745108948
10,1,2,BERT,Français,9.93999267853324
10,1,3,BERT,Français,0.879497744186565
10,1,7,BERT,Français,10.916553135749426
10,1,8,BERT,Français,9.061734498845828
10,1,9,BERT,Français,16.958360564823572
10,1,10,BERT,Français,10.562445636706068
10,2,1,BERT,Français,10.168434896638926
10,2,2,BERT,Français,10.325328089040637
10,2,3,BERT,Français,1.6781724840727632
10,2,7,BERT,Français,12.479383597249777
10,2,8,BERT,Français,14.719161845211906
10,2,10,BERT,Français,13.540252093036575
10,3,1,BERT,Français,9.593741396809751
10,3,2,BERT,Français,12.31445696242842
10,3,3,BERT,Français,4.418494591049789
10,3,7,BERT,Français,12.487712842136302
10,3,8,BERT,Français,10.07548747664664
10,3,9,BERT,Français,15.409809652380181
10,3,10,BERT,Français,14.310340430180956
10,4,1,BERT,Français,9.463607159764129
10,4,2,BERT,Français,9.869891545271715
10,4,3,BERT,Français,1.7829966590619666
10,4,7,BERT,Français,13.788385548703658
10,4,8,BERT,Français,13.315953958699113
10,4,10,BERT,Français,16.533717375499453
10,5,1,BERT,Français,13.142428500300422
10,5,2,BERT,Français,13.565339451916383
10,5,3,BERT,Français,3.9389034236956233
10,5,4,BERT,Français,10.060738518512316
10,5,5,BERT,Français,15.410901746699787
10,5,6,BERT,Français,0.3948928708884818
10,5,7,BERT,Français,11.06296011842845
10,5,8,BERT,Français,7.507541651717323
10,5,9,BERT,Français,18.130239751126904
10,5,10,BERT,Français,13.521588075500546
10,6,1,BERT,Français,11.422322587507528
10,6,2,BERT,Français,14.415450316697736
10,6,3,BERT,Français,2.50962735587531
10,6,4,BERT,Français,8.449933395251094
10,6,5,BERT,Français,17.318560823654252
10,6,6,BERT,Français,0.3617447373654904
10,6,7,BERT,Français,7.043525554075365
10,6,8,BERT,Français,13.841512654266024
10,6,10,BERT,Français,13.735515305746087
10,7,1,BERT,Français,14.46876633685889
10,7,2,BERT,Français,12.029372632906293
10,7,3,BERT,Français,3.3062251905400446
10,7,4,BERT,Français,10.69143834925698
10,7,5,BERT,Français,11.585384564882672
10,7,6,BERT,Français,4.706412726446183
10,7,7,BERT,Français,10.116882519776492
10,7,8,BERT,Français,11.840623981303475
10,7,9,BERT,Français,17.7715833371245
10,7,10,BERT,Français,15.604421412750565
10,8,1,BERT,Français,12.292661407237407
10,8,2,BERT,Français,13.006893427016507
10,8,3,BERT,Français,2.6950587008735596
10,8,4,BERT,Français,9.249802116341007
10,8,5,BERT,Français,15.475419787517508
10,8,6,BERT,Français,4.3101422199912465
10,8,7,BERT,Français,9.20430472875854
10,8,8,BERT,Français,13.899149694010077
10,8,10,BERT,Français,14.047318997632905
11,1,1,BERT,Français,9.52998725635078
11,1,2,BERT,Français,2.9862140785304927
11,1,3,BERT,Français,0.319440984535525
11,1,7,BERT,Français,5.353524568329934
11,1,8,BERT,Français,4.321161879206315
11,1,9,BERT,Français,6.976985465508945
11,1,10,BERT,Français,11.857956842516217
11,2,1,BERT,Français,9.94111627221596
11,2,2,BERT,Français,3.3464778725413935
11,2,3,BERT,Français,1.4527124063933872
11,2,7,BERT,Français,5.272480314183367
11,2,8,BERT,Français,7.566970756718478
11,2,10,BERT,Français,16.459182587755492
11,3,1,BERT,Français,8.99646613254679
11,3,2,BERT,Français,6.1282234206447015
11,3,3,BERT,Français,14.507504733451679
11,3,7,BERT,Français,6.339546271845692
11,3,8,BERT,Français,7.042105768506406
11,3,9,BERT,Français,6.6525698919846885
11,3,10,BERT,Français,12.574952147671604
11,4,1,BERT,Français,9.243967420535474
11,4,2,BERT,Français,8.379096259131762
11,4,3,BERT,Français,12.93838522385537
11,4,7,BERT,Français,5.878057882577432
11,4,8,BERT,Français,8.047835713596852
11,4,10,BERT,Français,15.35194375706251
11,5,1,BERT,Français,11.048903237136898
11,5,2,BERT,Français,7.754545361754878
11,5,3,BERT,Français,1.0358379859691103
11,5,4,BERT,Français,3.625903888941359
11,5,5,BERT,Français,7.805258773191732
11,5,6,BERT,Français,0.14528938285978224
11,5,7,BERT,Français,5.680148886092528
11,5,8,BERT,Français,7.623897138168225
11,5,9,BERT,Français,7.313361626124276
11,5,10,BERT,Français,11.205974187247476
11,6,1,BERT,Français,10.725152959249218
11,6,2,BERT,Français,5.996242261642314
11,6,3,BERT,Français,0.40395348273953025
11,6,4,BERT,Français,0.9106953283921188
11,6,5,BERT,Français,7.262180180176427
11,6,6,BERT,Français,0.1810228474884538
11,6,7,BERT,Français,3.8420380436237633
11,6,8,BERT,Français,7.311136637323208
11,6,10,BERT,Français,11.88590549756506
11,7,1,BERT,Français,10.900027671258071
11,7,2,BERT,Français,6.166273608154455
11,7,3,BERT,Français,13.987865175018477
11,7,4,BERT,Français,1.9887546558482319
11,7,5,BERT,Français,8.252386997239114
11,7,6,BERT,Français,0.9409704923214254
11,7,7,BERT,Français,6.542455796071837
11,7,8,BERT,Français,8.88044346461713
11,7,9,BERT,Français,6.461945614387004
11,7,10,BERT,Français,11.291970077599347
11,8,1,BERT,Français,10.286825902858983
11,8,2,BERT,Français,7.196575661214009
11,8,3,BERT,Français,11.288392886254494
11,8,4,BERT,Français,1.4930020673105362
11,8,5,BERT,Français,7.829564338690864
11,8,6,BERT,Français,0.719854103491163
11,8,7,BERT,Français,4.421450748489022
11,8,8,BERT,Français,7.32312772103952
11,8,10,BERT,Français,11.779953116474038
12,1,1,BERT,Français,2.7194033686650902
12,1,2,BERT,Français,12.540621165367325
12,1,3,BERT,Français,0.1293263679732128
12,1,7,BERT,Français,11.913633084150094
12,1,8,BERT,Français,13.134197457010643
12,1,9,BERT,Français,1.5781186722563247
12,1,10,BERT,Français,11.590240056522507
12,2,1,BERT,Français,3.462083490128735
12,2,2,BERT,Français,11.693801296082057
12,2,3,BERT,Français,0.3039994944449372
12,2,7,BERT,Français,11.219951602678172
12,2,8,BERT,Français,13.872396983241236
12,2,10,BERT,Français,12.456047318020081
12,3,1,BERT,Français,2.8160571019600593
12,3,2,BERT,Français,13.548594047929985
12,3,3,BERT,Français,16.108790252232133
12,3,7,BERT,Français,6.852086304550665
12,3,8,BERT,Français,14.292758314632215
12,3,9,BERT,Français,1.6901545419028596
12,3,10,BERT,Français,10.920986819446927
12,4,1,BERT,Français,4.796151536423916
12,4,2,BERT,Français,13.214212612047453
12,4,3,BERT,Français,11.694722812535582
12,4,7,BERT,Français,10.146094458371026
12,4,8,BERT,Français,19.745647782822136
12,4,10,BERT,Français,12.807244405939686
12,5,1,BERT,Français,3.616539988883018
12,5,2,BERT,Français,10.201864835159856
12,5,3,BERT,Français,0.25092287709583033
12,5,4,BERT,Français,0.456413869509704
12,5,5,BERT,Français,10.867109507622477
12,5,6,BERT,Français,0.8455551693451488
12,5,7,BERT,Français,5.104478337479776
12,5,8,BERT,Français,13.203129901042017
12,5,9,BERT,Français,3.444929150499981
12,5,10,BERT,Français,12.871614638250334
12,6,1,BERT,Français,3.579687773188056
12,6,2,BERT,Français,10.028506526073752
12,6,3,BERT,Français,0.4739442686277662
12,6,4,BERT,Français,1.2907086363747193
12,6,5,BERT,Français,10.598027583382516
12,6,6,BERT,Français,3.2460616446437096
12,6,7,BERT,Français,7.505259263968228
12,6,8,BERT,Français,14.992752826007493
12,6,10,BERT,Français,11.919361032875724
12,7,1,BERT,Français,4.3835112817322806
12,7,2,BERT,Français,11.159180690133216
12,7,3,BERT,Français,16.22331075694422
12,7,4,BERT,Français,0.5154359483243536
12,7,5,BERT,Français,11.53262667044711
12,7,6,BERT,Français,0.9145267303714782
12,7,7,BERT,Français,5.771710324220727
12,7,8,BERT,Français,12.428533882280071
12,7,9,BERT,Français,4.249979424350121
12,7,10,BERT,Français,13.413167425934475
12,8,1,BERT,Français,4.478679446952982
12,8,2,BERT,Français,10.917511612692167
12,8,3,BERT,Français,10.674422375265278
12,8,4,BERT,Français,0.8104556162822194
12,8,5,BERT,Français,10.285055452150152
12,8,6,BERT,Français,4.23963211294753
12,8,7,BERT,Français,7.647358704820835
12,8,8,BERT,Français,15.230186263299368
12,8,10,BERT,Français,12.07633801646404
13,1,1,BERT,Français,1.969952750037201
13,1,2,BERT,Français,4.454556707010812
13,1,3,BERT,Français,1.6395497876083234
13,1,7,BERT,Français,15.171600536867725
13,1,8,BERT,Français,2.5698722679028236
13,1,9,BERT,Français,2.420593132550148
13,1,10,BERT,Français,14.660059906498194
13,2,1,BERT,Français,2.615981485161532
13,2,2,BERT,Français,3.967202930518544
13,2,3,BERT,Français,2.4166596340056734
13,2,7,BERT,Français,13.557283238590871
13,2,8,BERT,Français,7.296085340522018
13,2,10,BERT,Français,12.946946649796125
13,3,1,BERT,Français,3.2400658094747192
13,3,2,BERT,Français,6.708089771047862
13,3,3,BERT,Français,2.6864451578938517
13,3,7,BERT,Français,16.108943815454932
13,3,8,BERT,Français,1.6766704458781767
13,3,9,BERT,Français,3.215629543690267
13,3,10,BERT,Français,13.349970175704698
13,4,1,BERT,Français,4.176471723324426
13,4,2,BERT,Français,4.861188718950412
13,4,3,BERT,Français,1.6347419106040209
13,4,7,BERT,Français,12.00260048420921
13,4,8,BERT,Français,4.54704079565714
13,4,10,BERT,Français,10.318553853164165
13,5,1,BERT,Français,0.9296336688292016
13,5,2,BERT,Français,1.2588022446087723
13,5,3,BERT,Français,0.9304061719231705
13,5,4,BERT,Français,3.530607714537249
13,5,5,BERT,Français,2.9469885909932985
13,5,6,BERT,Français,0.04100389121153124
13,5,7,BERT,Français,14.110647924575046
13,5,8,BERT,Français,2.4542591936677383
13,5,9,BERT,Français,2.0138453015041016
13,5,10,BERT,Français,11.243467498363245
13,6,1,BERT,Français,1.2335772467108124
13,6,2,BERT,Français,1.209699832444901
13,6,3,BERT,Français,1.289189153043766
13,6,4,BERT,Français,2.714200599990368
13,6,5,BERT,Français,4.252957444874715
13,6,6,BERT,Français,0.1751691246628738
13,6,7,BERT,Français,12.478502354809887
13,6,8,BERT,Français,8.512331303647104
13,6,10,BERT,Français,10.848943809744094
13,7,1,BERT,Français,2.2872439065218053
13,7,2,BERT,Français,4.8378164532531365
13,7,3,BERT,Français,2.9976493653459007
13,7,4,BERT,Français,2.9484501658837052
13,7,5,BERT,Français,1.5000940323613137
13,7,6,BERT,Français,0.10153847433361834
13,7,7,BERT,Français,14.2691560268429
13,7,8,BERT,Français,2.0034085920523266
13,7,9,BERT,Français,2.4744132406827486
13,7,10,BERT,Français,11.656179532580037
13,8,1,BERT,Français,3.1400509685549225
13,8,2,BERT,Français,5.067593378145506
13,8,3,BERT,Français,2.4435924113824017
13,8,4,BERT,Français,1.780454044309146
13,8,5,BERT,Français,5.497011149592659
13,8,6,BERT,Français,0.32982235309854474
13,8,7,BERT,Français,11.487807620160144
13,8,8,BERT,Français,7.940244453799537
13,8,10,BERT,Français,10.463923330767157
14,1,1,BERT,Français,9.679337839917899
14,1,2,BERT,Français,19.658598859838282
14,1,3,BERT,Français,1.8445227095633443
14,1,7,BERT,Français,12.16417837516073
14,1,8,BERT,Français,15.197125838241888
14,1,9,BERT,Français,3.635786244536168
14,1,10,BERT,Français,11.240564960459519
14,2,1,BERT,Français,8.000963510507
14,2,2,BERT,Français,16.799140747232894
14,2,3,BERT,Français,1.3776641525295574
14,2,7,BERT,Français,16.98250562353114
14,2,8,BERT,Français,10.457946324384963
14,2,10,BERT,Français,14.020283933729171
14,3,1,BERT,Français,9.610892951422063
14,3,2,BERT,Français,18.00444683633878
14,3,3,BERT,Français,5.491274791601459
14,3,7,BERT,Français,12.703561805800721
14,3,8,BERT,Français,14.998063399868416
14,3,9,BERT,Français,3.149465753767216
14,3,10,BERT,Français,11.741756175994897
14,4,1,BERT,Français,9.604381276578241
14,4,2,BERT,Français,20.148443568185247
14,4,3,BERT,Français,2.973912424384866
14,4,7,BERT,Français,16.870082653959486
14,4,8,BERT,Français,9.91771449591486
14,4,10,BERT,Français,12.900480263596092
14,5,1,BERT,Français,0.4730148978353742
14,5,2,BERT,Français,9.30225450972217
14,5,3,BERT,Français,3.285613705842437
14,5,4,BERT,Français,0.32579242737411274
14,5,5,BERT,Français,7.078196554921348
14,5,6,BERT,Français,0.060654572132398395
14,5,7,BERT,Français,13.422137300671483
14,5,8,BERT,Français,16.97391630910661
14,5,9,BERT,Français,4.4584339913204465
14,5,10,BERT,Français,13.988297393523315
14,6,1,BERT,Français,0.19960986341434794
14,6,2,BERT,Français,10.662360813721712
14,6,3,BERT,Français,5.103210945971249
14,6,4,BERT,Français,0.2179318168906776
14,6,5,BERT,Français,7.36739489318166
14,6,6,BERT,Français,0.1880682706456116
14,6,7,BERT,Français,16.80280805854068
14,6,8,BERT,Français,11.144566881285114
14,6,10,BERT,Français,15.510918163254987
14,7,1,BERT,Français,0.886147848718908
14,7,2,BERT,Français,9.78659388749254
14,7,3,BERT,Français,1.3136518675124442
14,7,4,BERT,Français,0.48746013117561093
14,7,5,BERT,Français,7.473868788643404
14,7,6,BERT,Français,8.247023458240022
14,7,7,BERT,Français,12.347649751863042
14,7,8,BERT,Français,15.94764770865747
14,7,9,BERT,Français,3.6313125106607638
14,7,10,BERT,Français,14.568297224692838
14,8,1,BERT,Français,0.40922577372294716
14,8,2,BERT,Français,9.710523229921076
14,8,3,BERT,Français,2.629110293429416
14,8,4,BERT,Français,0.3071920136154389
14,8,5,BERT,Français,7.274623755970869
14,8,6,BERT,Français,6.341964638232479
14,8,7,BERT,Français,14.702694107365822
14,8,8,BERT,Français,10.25199064437
14,8,10,BERT,Français,16.524077238220823
15,1,1,BERT,Français,4.329300318213709
15,1,2,BERT,Français,2.3835804964774607
15,1,3,BERT,Français,0.2151502241183118
15,1,7,BERT,Français,3.79557587051316
15,1,8,BERT,Français,8.175259520637322
15,1,9,BERT,Français,9.433190953200299
15,1,10,BERT,Français,14.476491643705675
15,2,1,BERT,Français,5.613741208358602
15,2,2,BERT,Français,3.8930792926491575
15,2,3,BERT,Français,0.2720261733930842
15,2,7,BERT,Français,3.5712603072651126
15,2,8,BERT,Français,14.372503408631557
15,2,10,BERT,Français,15.55735890901835
15,3,1,BERT,Français,4.332924741855135
15,3,2,BERT,Français,6.214058796481897
15,3,3,BERT,Français,2.667320498828476
15,3,7,BERT,Français,5.559441909539878
15,3,8,BERT,Français,9.429045280106754
15,3,9,BERT,Français,13.416865686158948
15,3,10,BERT,Français,14.15887297098461
15,4,1,BERT,Français,3.765790533036076
15,4,2,BERT,Français,7.807698756346054
15,4,3,BERT,Français,0.12348792457736907
15,4,7,BERT,Français,4.002203403650565
15,4,8,BERT,Français,11.81696121496335
15,4,10,BERT,Français,17.494668165807273
15,5,1,BERT,Français,5.346757029017127
15,5,2,BERT,Français,3.312770851136674
15,5,3,BERT,Français,0.21120342033919307
15,5,4,BERT,Français,8.013985783981019
15,5,5,BERT,Français,8.569980387140058
15,5,6,BERT,Français,0.32176727857435417
15,5,7,BERT,Français,6.944563807271649
15,5,8,BERT,Français,8.421488062727821
15,5,9,BERT,Français,13.466874080370815
15,5,10,BERT,Français,16.00824376297784
15,6,1,BERT,Français,5.077226524808394
15,6,2,BERT,Français,2.8723080411444255
15,6,3,BERT,Français,0.17919631271381686
15,6,4,BERT,Français,8.841390003631163
15,6,5,BERT,Français,8.991294586551643
15,6,6,BERT,Français,0.16919101574660186
15,6,7,BERT,Français,6.837137123262695
15,6,8,BERT,Français,12.041318437809528
15,6,10,BERT,Français,16.870817620984752
15,7,1,BERT,Français,4.390407428342233
15,7,2,BERT,Français,5.971972384534393
15,7,3,BERT,Français,0.9030444228053663
15,7,4,BERT,Français,7.325532599321826
15,7,5,BERT,Français,8.47505459110259
15,7,6,BERT,Français,2.704530778325453
15,7,7,BERT,Français,6.634213553854826
15,7,8,BERT,Français,8.7009914472301
15,7,9,BERT,Français,14.785063291417215
15,7,10,BERT,Français,15.005533045568885
15,8,1,BERT,Français,5.465372365500789
15,8,2,BERT,Français,4.295128672829193
15,8,3,BERT,Français,0.6443069407195572
15,8,4,BERT,Français,8.118434629050643
15,8,5,BERT,Français,8.199161700490258
15,8,6,BERT,Français,1.1809834631652134
15,8,7,BERT,Français,6.664388842869428
15,8,8,BERT,Français,11.846994183486451
15,8,10,BERT,Français,15.738229302711593
16,1,1,BERT,Français,10.040343256993557
16,1,2,BERT,Français,15.911676773704652
16,1,3,BERT,Français,3.006673029317366
16,1,7,BERT,Français,8.496195972726818
16,1,8,BERT,Français,3.9845936255350236
16,1,9,BERT,Français,4.880013414130816
16,1,10,BERT,Français,18.262004356781887
16,2,1,BERT,Français,10.176935736357256
16,2,2,BERT,Français,8.157090068383972
16,2,3,BERT,Français,2.0766616324240443
16,2,7,BERT,Français,6.950899614581637
16,2,8,BERT,Français,13.417100701890561
16,2,10,BERT,Français,21.287647546066154
16,3,1,BERT,Français,10.995230558327513
16,3,2,BERT,Français,16.335133714241724
16,3,3,BERT,Français,2.3599631890035857
16,3,7,BERT,Français,5.668652618477095
16,3,8,BERT,Français,3.4121684729669726
16,3,9,BERT,Français,4.719071673608913
16,3,10,BERT,Français,14.453175703382483
16,4,1,BERT,Français,8.760068953519221
16,4,2,BERT,Français,8.239179465123236
16,4,3,BERT,Français,0.7435270983169011
16,4,7,BERT,Français,5.73247661473873
16,4,8,BERT,Français,11.360485179071038
16,4,10,BERT,Français,15.741712750386847
16,5,1,BERT,Français,8.108598692043353
16,5,2,BERT,Français,2.4928313158740183
16,5,3,BERT,Français,1.4108636763473448
16,5,4,BERT,Français,10.167561532071355
16,5,5,BERT,Français,11.704273097273981
16,5,6,BERT,Français,1.9772578319601086
16,5,7,BERT,Français,6.748689375709336
16,5,8,BERT,Français,2.9908650581512597
16,5,9,BERT,Français,5.798446180280889
16,5,10,BERT,Français,17.846603058774527
16,6,1,BERT,Français,8.793325573872526
16,6,2,BERT,Français,2.4849240203299385
16,6,3,BERT,Français,0.619030511161259
16,6,4,BERT,Français,14.513147428882693
16,6,5,BERT,Français,9.53403933152766
16,6,6,BERT,Français,0.14616125901109062
16,6,7,BERT,Français,10.690058534768795
16,6,8,BERT,Français,10.149512012850222
16,6,10,BERT,Français,17.15378654709678
16,7,1,BERT,Français,7.968192302237949
16,7,2,BERT,Français,7.968262625083205
16,7,3,BERT,Français,2.7138248247978205
16,7,4,BERT,Français,12.647471577813196
16,7,5,BERT,Français,9.995203646419142
16,7,6,BERT,Français,0.7335781622231616
16,7,7,BERT,Français,6.885439026607716
16,7,8,BERT,Français,3.134499013274084
16,7,9,BERT,Français,5.567139301402762
16,7,10,BERT,Français,16.3786231669139
16,8,1,BERT,Français,8.177294102420776
16,8,2,BERT,Français,8.820716692474873
16,8,3,BERT,Français,1.6854276805481072
16,8,4,BERT,Français,12.924572917405921
16,8,5,BERT,Français,15.704105538208434
16,8,6,BERT,Français,0.9103478023096426
16,8,7,BERT,Français,10.183255180118213
16,8,8,BERT,Français,10.891927534574522
16,8,10,BERT,Français,17.154398544491325
17,1,1,BERT,Français,11.72992486377324
17,1,2,BERT,Français,7.278809211839487
17,1,3,BERT,Français,0.17047506381307315
17,1,7,BERT,Français,10.130655989486751
17,1,8,BERT,Français,5.107750699384507
17,1,9,BERT,Français,10.111684829352512
17,1,10,BERT,Français,10.707873590315037
17,2,1,BERT,Français,11.943329212921364
17,2,2,BERT,Français,6.7685196587033225
17,2,3,BERT,Français,1.1453314186970087
17,2,7,BERT,Français,11.883501038351385
17,2,8,BERT,Français,10.014212946519981
17,2,10,BERT,Français,13.250588306823794
17,3,1,BERT,Français,13.73432629898398
17,3,2,BERT,Français,9.989074484360165
17,3,3,BERT,Français,4.010687537112405
17,3,7,BERT,Français,10.175494227069949
17,3,8,BERT,Français,7.493582240698291
17,3,9,BERT,Français,9.933007541724791
17,3,10,BERT,Français,12.592331958230352
17,4,1,BERT,Français,14.35236349800182
17,4,2,BERT,Français,12.41904061269528
17,4,3,BERT,Français,4.903280503073861
17,4,7,BERT,Français,14.042160840197942
17,4,8,BERT,Français,10.945383096877652
17,4,10,BERT,Français,14.007948622940782
17,5,1,BERT,Français,12.633262785645941
17,5,2,BERT,Français,11.543234385362931
17,5,3,BERT,Français,0.36932260202455774
17,5,4,BERT,Français,26.472684437353962
17,5,5,BERT,Français,10.630377362223776
17,5,6,BERT,Français,0.3899823326649815
17,5,7,BERT,Français,9.556079372721772
17,5,8,BERT,Français,6.244152873599696
17,5,9,BERT,Français,9.064229574822264
17,5,10,BERT,Français,11.932775739443493
17,6,1,BERT,Français,12.555127792785765
17,6,2,BERT,Français,10.907158999501029
17,6,3,BERT,Français,0.5257528934920919
17,6,4,BERT,Français,27.36888046442215
17,6,5,BERT,Français,11.542419476339424
17,6,6,BERT,Français,0.19653230254283285
17,6,7,BERT,Français,13.352181492818378
17,6,8,BERT,Français,10.282542790173549
17,6,10,BERT,Français,12.505654407620938
17,7,1,BERT,Français,12.247264420134231
17,7,2,BERT,Français,9.613613838888368
17,7,3,BERT,Français,2.966096640311045
17,7,4,BERT,Français,25.92725764179555
17,7,5,BERT,Français,10.558760414963773
17,7,6,BERT,Français,1.7346785481324498
17,7,7,BERT,Français,8.721349914843044
17,7,8,BERT,Français,5.510460449136859
17,7,9,BERT,Français,9.205970715672304
17,7,10,BERT,Français,11.512764705339023
17,8,1,BERT,Français,12.271501488037314
17,8,2,BERT,Français,10.709464871118879
17,8,3,BERT,Français,1.4976500003740423
17,8,4,BERT,Français,26.207133267543234
17,8,5,BERT,Français,10.121299347536326
17,8,6,BERT,Français,4.13833223654468
17,8,7,BERT,Français,10.699142241198885
17,8,8,BERT,Français,9.321765451463524
17,8,10,BERT,Français,12.221175498200598
18,1,1,BERT,Français,13.687583286051938
18,1,2,BERT,Français,5.3909386358732965
18,1,3,BERT,Français,0.539966380084906
18,1,7,BERT,Français,5.773575605969435
18,1,8,BERT,Français,15.97700137611863
18,1,9,BERT,Français,12.44536794107275
18,1,10,BERT,Français,9.680849413940871
18,2,1,BERT,Français,11.581998030880316
18,2,2,BERT,Français,5.074670220030038
18,2,3,BERT,Français,0.8959368745238435
18,2,7,BERT,Français,3.7523627500551946
18,2,8,BERT,Français,17.71458508093636
18,2,10,BERT,Français,10.657851117963453
18,3,1,BERT,Français,12.492106784981463
18,3,2,BERT,Français,7.333306915799559
18,3,3,BERT,Français,3.6356555779451667
18,3,7,BERT,Français,4.50512525464726
18,3,8,BERT,Français,16.677952347727807
18,3,9,BERT,Français,13.909230144233858
18,3,10,BERT,Français,14.000964715190344
18,4,1,BERT,Français,13.02719502050265
18,4,2,BERT,Français,7.6428457747762435
18,4,3,BERT,Français,3.2741328563011933
18,4,7,BERT,Français,3.60757683633509
18,4,8,BERT,Français,20.406666897863204
18,4,10,BERT,Français,8.355633070892384
18,5,1,BERT,Français,12.894148065154226
18,5,2,BERT,Français,9.19722728217447
18,5,3,BERT,Français,3.243153582847039
18,5,4,BERT,Français,10.807572475015371
18,5,5,BERT,Français,22.673417864652272
18,5,6,BERT,Français,5.2414280640826085
18,5,7,BERT,Français,8.537650256164671
18,5,8,BERT,Français,17.83524526022955
18,5,9,BERT,Français,13.923436523517122
18,5,10,BERT,Français,16.02162452085054
18,6,1,BERT,Français,12.703473724191968
18,6,2,BERT,Français,9.691228814521777
18,6,3,BERT,Français,1.6347003879469275
18,6,4,BERT,Français,10.270745628845487
18,6,5,BERT,Français,23.748949622561895
18,6,6,BERT,Français,7.16303479769372
18,6,7,BERT,Français,6.172666794312827
18,6,8,BERT,Français,16.89768144359353
18,6,10,BERT,Français,13.877890998384421
18,7,1,BERT,Français,14.172111040696121
18,7,2,BERT,Français,11.62570631236885
18,7,3,BERT,Français,4.107665640298046
18,7,4,BERT,Français,12.200497417574867
18,7,5,BERT,Français,24.17822971537611
18,7,6,BERT,Français,4.625853596568326
18,7,7,BERT,Français,6.85897915681651
18,7,8,BERT,Français,15.667925060391298
18,7,9,BERT,Français,14.334973718699736
18,7,10,BERT,Français,15.722701530936853
18,8,1,BERT,Français,13.733478363709004
18,8,2,BERT,Français,9.646185779550681
18,8,3,BERT,Français,1.6505250561804414
18,8,4,BERT,Français,11.614463400590518
18,8,5,BERT,Français,23.951637190109572
18,8,6,BERT,Français,2.035553276035354
18,8,7,BERT,Français,4.2614229000586885
18,8,8,BERT,Français,16.224544539795666
18,8,10,BERT,Français,16.40851098122087
19,1,1,BERT,Français,6.665600810236072
19,1,2,BERT,Français,2.92821213210706
19,1,3,BERT,Français,0.31016482246726357
19,1,7,BERT,Français,7.993538655978574
19,1,8,BERT,Français,4.76195510692187
19,1,9,BERT,Français,4.416272060202599
19,1,10,BERT,Français,12.257739501390251
19,2,1,BERT,Français,7.7171670718279115
19,2,2,BERT,Français,2.627070792562972
19,2,3,BERT,Français,0.19252803621176784
19,2,7,BERT,Français,3.4808620524163256
19,2,8,BERT,Français,13.235007869880555
19,2,10,BERT,Français,15.061107366468157
19,3,1,BERT,Français,6.739582044275488
19,3,2,BERT,Français,5.415924399727892
19,3,3,BERT,Français,12.784523285531515
19,3,7,BERT,Français,8.898308633273166
19,3,8,BERT,Français,4.8802084008954445
19,3,9,BERT,Français,4.390538295571187
19,3,10,BERT,Français,12.7443157055089
19,4,1,BERT,Français,6.657668516128468
19,4,2,BERT,Français,4.399689943214686
19,4,3,BERT,Français,10.111498179792887
19,4,7,BERT,Français,2.8096509752409204
19,4,8,BERT,Français,13.07304007943932
19,4,10,BERT,Français,14.22380384221305
19,5,1,BERT,Français,8.70524843629983
19,5,2,BERT,Français,6.5510737140799336
19,5,3,BERT,Français,3.8347246388550955
19,5,4,BERT,Français,16.227789545319936
19,5,5,BERT,Français,11.135568701252076
19,5,6,BERT,Français,0.1943827556801278
19,5,7,BERT,Français,7.3788606440643685
19,5,8,BERT,Français,4.834365191492446
19,5,9,BERT,Français,4.240322473810109
19,5,10,BERT,Français,14.24670754377273
19,6,1,BERT,Français,8.377746383056339
19,6,2,BERT,Français,6.060493509208716
19,6,3,BERT,Français,2.097609243623921
19,6,4,BERT,Français,13.964141575331517
19,6,5,BERT,Français,9.906067173476716
19,6,6,BERT,Français,0.23219005902466264
19,6,7,BERT,Français,2.9537469144778816
19,6,8,BERT,Français,13.254571451225047
19,6,10,BERT,Français,15.844479783640017
19,7,1,BERT,Français,8.369098795270752
19,7,2,BERT,Français,9.906327440856897
19,7,3,BERT,Français,10.425178182572335
19,7,4,BERT,Français,15.841198806542378
19,7,5,BERT,Français,11.64909237300605
19,7,6,BERT,Français,0.7997076587433601
19,7,7,BERT,Français,7.748061999567717
19,7,8,BERT,Français,4.8986771582483515
19,7,9,BERT,Français,4.138370946790575
19,7,10,BERT,Français,14.3806264006954
19,8,1,BERT,Français,8.497675254326383
19,8,2,BERT,Français,9.524112975446403
19,8,3,BERT,Français,10.591488329004992
19,8,4,BERT,Français,11.33457863284251
19,8,5,BERT,Français,11.39742424751768
19,8,6,BERT,Français,1.339137639883888
19,8,7,BERT,Français,2.8170534754313246
19,8,8,BERT,Français,13.556287239131041
19,8,10,BERT,Français,15.345843765910141
20,1,1,BERT,Français,7.924688483244846
20,1,2,BERT,Français,4.989798370962146
20,1,3,BERT,Français,0.3825159438943233
20,1,7,BERT,Français,3.594827626991384
20,1,8,BERT,Français,3.5388108515535346
20,1,9,BERT,Français,6.271689580433244
20,1,10,BERT,Français,11.540387654551754
20,2,1,BERT,Français,9.233112546405204
20,2,2,BERT,Français,5.468465879026592
20,2,3,BERT,Français,1.2827711378532183
20,2,7,BERT,Français,4.422683550345314
20,2,8,BERT,Français,9.381752748658833
20,2,10,BERT,Français,12.144265399268951
20,3,1,BERT,Français,7.887800417624138
20,3,2,BERT,Français,6.5862328937942785
20,3,3,BERT,Français,12.644378176297177
20,3,7,BERT,Français,3.2925644010280286
20,3,8,BERT,Français,3.8545092076100183
20,3,9,BERT,Français,5.643386839484065
20,3,10,BERT,Français,11.82974146720866
20,4,1,BERT,Français,9.46067076969862
20,4,2,BERT,Français,7.868158892538632
20,4,3,BERT,Français,9.047056622280074
20,4,7,BERT,Français,4.723860398196855
20,4,8,BERT,Français,9.315901079453399
20,4,10,BERT,Français,12.678142901297775
20,5,1,BERT,Français,11.423862840886335
20,5,2,BERT,Français,4.202502127432363
20,5,3,BERT,Français,0.9529734678143461
20,5,4,BERT,Français,0.20836938203988362
20,5,5,BERT,Français,5.831674635778534
20,5,6,BERT,Français,0.6539689599528272
20,5,7,BERT,Français,3.290688966331758
20,5,8,BERT,Français,3.2598274694586413
20,5,9,BERT,Français,6.736807321481932
20,5,10,BERT,Français,13.044897681066361
20,6,1,BERT,Français,10.770775579229436
20,6,2,BERT,Français,3.7383486534463675
20,6,3,BERT,Français,0.7869055725357866
20,6,4,BERT,Français,0.24379217351321036
20,6,5,BERT,Français,5.612603176644379
20,6,6,BERT,Français,1.392309946927275
20,6,7,BERT,Français,3.081385303327399
20,6,8,BERT,Français,9.044581555002027
20,6,10,BERT,Français,10.746266176217723
20,7,1,BERT,Français,11.85279212436021
20,7,2,BERT,Français,5.506268150753545
20,7,3,BERT,Français,12.922957760358118
20,7,4,BERT,Français,0.2729217144158508
20,7,5,BERT,Français,6.350811044206738
20,7,6,BERT,Français,0.8613885205204651
20,7,7,BERT,Français,3.6302445225854774
20,7,8,BERT,Français,3.0356975631810243
20,7,9,BERT,Français,6.676074025188547
20,7,10,BERT,Français,12.653115968875383
20,8,1,BERT,Français,11.182041559187942
20,8,2,BERT,Français,4.874225209808896
20,8,3,BERT,Français,12.08390250525608
20,8,4,BERT,Français,0.5419902213242044
20,8,5,BERT,Français,6.497764739437006
20,8,6,BERT,Français,1.5239700318552922
20,8,7,BERT,Français,3.3639086760833106
20,8,8,BERT,Français,9.57658628522073
20,8,10,BERT,Français,11.655189400142811
21,1,1,BERT,Français,13.031418100762828
21,1,2,BERT,Français,6.66301258820766
21,1,3,BERT,Français,14.797565101561306
21,1,7,BERT,Français,14.228784897644376
21,1,8,BERT,Français,3.0453734199019507
21,1,9,BERT,Français,12.44752203344294
21,1,10,BERT,Français,13.772312674220009
21,2,1,BERT,Français,12.613718181020424
21,2,2,BERT,Français,8.838765530683716
21,2,3,BERT,Français,11.49474110686701
21,2,7,BERT,Français,16.76650846229071
21,2,8,BERT,Français,8.845415333135515
21,2,10,BERT,Français,11.1902531616533
21,3,1,BERT,Français,14.581757726517438
21,3,2,BERT,Français,9.509063946675342
21,3,3,BERT,Français,7.2518427824561424
21,3,7,BERT,Français,16.52338183697238
21,3,8,BERT,Français,4.931972107373444
21,3,9,BERT,Français,13.65163883378136
21,3,10,BERT,Français,11.986111022235288
21,4,1,BERT,Français,13.628983554645306
21,4,2,BERT,Français,9.736444093716369
21,4,3,BERT,Français,6.510467798858758
21,4,7,BERT,Français,16.310292447808997
21,4,8,BERT,Français,7.813311589080635
21,4,10,BERT,Français,10.55181864746641
21,5,1,BERT,Français,16.6256195411497
21,5,2,BERT,Français,5.754800863130184
21,5,3,BERT,Français,0.5456648069500207
21,5,4,BERT,Français,1.4999825129424469
21,5,5,BERT,Français,8.591904055116617
21,5,6,BERT,Français,0.3352129050403974
21,5,7,BERT,Français,19.945468711262755
21,5,8,BERT,Français,2.811342945257298
21,5,9,BERT,Français,11.743216151904512
21,5,10,BERT,Français,14.27011542636924
21,6,1,BERT,Français,15.727779725874177
21,6,2,BERT,Français,6.561290241487744
21,6,3,BERT,Français,0.528163566936788
21,6,4,BERT,Français,2.1921660629469644
21,6,5,BERT,Français,8.769167281093463
21,6,6,BERT,Français,0.24815952594567114
21,6,7,BERT,Français,20.072298884779133
21,6,8,BERT,Français,5.952404262860337
21,6,10,BERT,Français,13.275300160648388
21,7,1,BERT,Français,12.518143795452655
21,7,2,BERT,Français,6.790975818157935
21,7,3,BERT,Français,4.0855173261469035
21,7,4,BERT,Français,2.183002709717987
21,7,5,BERT,Français,12.354178768251954
21,7,6,BERT,Français,1.8285721181921255
21,7,7,BERT,Français,18.92521076693312
21,7,8,BERT,Français,2.9054519043998783
21,7,9,BERT,Français,12.599171886696071
21,7,10,BERT,Français,13.483904809920956
21,8,1,BERT,Français,13.490886224898569
21,8,2,BERT,Français,7.801384553857194
21,8,3,BERT,Français,3.337283822373
21,8,4,BERT,Français,2.1927647828334025
21,8,5,BERT,Français,11.835680278060254
21,8,6,BERT,Français,1.846518166704238
21,8,7,BERT,Français,17.593005634541328
21,8,8,BERT,Français,5.486944477724686
21,8,10,BERT,Français,11.754600926914634
22,1,1,BERT,Français,9.573119758708721
22,1,2,BERT,Français,2.0075939813282497
22,1,3,BERT,Français,0.1264114204905599
22,1,7,BERT,Français,7.023436400982487
22,1,8,BERT,Français,7.274028561636887
22,1,9,BERT,Français,7.291896804492726
22,1,10,BERT,Français,11.979442516305356
22,2,1,BERT,Français,7.947424984401125
22,2,2,BERT,Français,1.450872693701353
22,2,3,BERT,Français,0.21367113830183163
22,2,7,BERT,Français,8.145030537570607
22,2,8,BERT,Français,15.282975876052328
22,2,10,BERT,Français,11.615883831831752
22,3,1,BERT,Français,9.015571457923537
22,3,2,BERT,Français,5.492523143139926
22,3,3,BERT,Français,3.664958091220264
22,3,7,BERT,Français,9.089240538326116
22,3,8,BERT,Français,7.615190828084812
22,3,9,BERT,Français,7.534525265099093
22,3,10,BERT,Français,11.21384316309974
22,4,1,BERT,Français,9.297423142240776
22,4,2,BERT,Français,5.396845132512599
22,4,3,BERT,Français,2.512681277968503
22,4,7,BERT,Français,7.75327070739337
22,4,8,BERT,Français,13.813302824876155
22,4,10,BERT,Français,13.16377903619796
22,5,1,BERT,Français,5.533604097929344
22,5,2,BERT,Français,1.9781438440551722
22,5,3,BERT,Français,0.0637610597592645
22,5,4,BERT,Français,8.076640593820384
22,5,5,BERT,Français,9.516755587286346
22,5,6,BERT,Français,0.36012421421892893
22,5,7,BERT,Français,9.760100701745646
22,5,8,BERT,Français,7.3516126825500185
22,5,9,BERT,Français,6.534608844235857
22,5,10,BERT,Français,12.576749159552044
22,6,1,BERT,Français,5.774946906847765
22,6,2,BERT,Français,1.673884637756166
22,6,3,BERT,Français,0.06983748092812278
22,6,4,BERT,Français,8.38028476148204
22,6,5,BERT,Français,9.453212905426744
22,6,6,BERT,Français,0.563702109375833
22,6,7,BERT,Français,8.592988124052926
22,6,8,BERT,Français,13.835225775727634
22,6,10,BERT,Français,12.854429135232657
22,7,1,BERT,Français,5.8666725936208035
22,7,2,BERT,Français,5.4681228981214405
22,7,3,BERT,Français,0.8645842608152227
22,7,4,BERT,Français,6.98440697665356
22,7,5,BERT,Français,9.00041901057949
22,7,6,BERT,Français,3.8687997566729297
22,7,7,BERT,Français,8.417706730005952
22,7,8,BERT,Français,7.343352670128227
22,7,9,BERT,Français,5.7408873372545015
22,7,10,BERT,Français,13.841003321778308
22,8,1,BERT,Français,6.246444742589398
22,8,2,BERT,Français,5.761852742817662
22,8,3,BERT,Français,1.5535076714511626
22,8,4,BERT,Français,7.571539506738737
22,8,5,BERT,Français,10.140909348953967
22,8,6,BERT,Français,1.2855217840057631
22,8,7,BERT,Français,9.032690790526223
22,8,8,BERT,Français,13.072614904016614
22,8,10,BERT,Français,12.816913041891235
23,1,1,BERT,Français,8.079738110478853
23,1,2,BERT,Français,3.536124322103418
23,1,3,BERT,Français,1.6409333299902606
23,1,7,BERT,Français,4.846470851980578
23,1,8,BERT,Français,3.6895245076538186
23,1,9,BERT,Français,10.795085183238964
23,1,10,BERT,Français,12.235369012100193
23,2,1,BERT,Français,8.175710322812181
23,2,2,BERT,Français,2.898726857814595
23,2,3,BERT,Français,0.5950749245144562
23,2,7,BERT,Français,5.046526064419598
23,2,8,BERT,Français,5.746983544609252
23,2,10,BERT,Français,12.012383290051444
23,3,1,BERT,Français,7.116465201840086
23,3,2,BERT,Français,7.068978225534965
23,3,3,BERT,Français,4.088022468459422
23,3,7,BERT,Français,6.402160438506736
23,3,8,BERT,Français,4.050468914056346
23,3,9,BERT,Français,12.320216142320323
23,3,10,BERT,Français,11.787177109390765
23,4,1,BERT,Français,10.280003068866028
23,4,2,BERT,Français,6.957147334844903
23,4,3,BERT,Français,0.49419510776215214
23,4,7,BERT,Français,3.944048699302621
23,4,8,BERT,Français,5.266420759816258
23,4,10,BERT,Français,10.91812441032055
23,5,1,BERT,Français,6.342435671323772
23,5,2,BERT,Français,5.671246879655875
23,5,3,BERT,Français,0.4564839578704199
23,5,4,BERT,Français,8.080700373718988
23,5,5,BERT,Français,10.236566752332745
23,5,6,BERT,Français,0.48873064470914096
23,5,7,BERT,Français,4.8756041338240985
23,5,8,BERT,Français,3.8137054288024146
23,5,9,BERT,Français,12.882558702398995
23,5,10,BERT,Français,12.795474824239253
23,6,1,BERT,Français,6.462253720883303
23,6,2,BERT,Français,6.634372387613928
23,6,3,BERT,Français,0.4055511218250891
23,6,4,BERT,Français,7.906794911934223
23,6,5,BERT,Français,10.157895809861994
23,6,6,BERT,Français,0.2683923842438648
23,6,7,BERT,Français,5.084390645663579
23,6,8,BERT,Français,7.798699105753002
23,6,10,BERT,Français,13.917427641355983
23,7,1,BERT,Français,5.666266605163941
23,7,2,BERT,Français,6.275058112632382
23,7,3,BERT,Français,1.9536133425063944
23,7,4,BERT,Français,7.727245790037682
23,7,5,BERT,Français,10.067896470348112
23,7,6,BERT,Français,1.6581475899246063
23,7,7,BERT,Français,5.257974136457415
23,7,8,BERT,Français,4.328613888382253
23,7,9,BERT,Français,13.77495264540051
23,7,10,BERT,Français,13.725213800812124
23,8,1,BERT,Français,6.172061629204124
23,8,2,BERT,Français,6.610957302749711
23,8,3,BERT,Français,0.6325151263215967
23,8,4,BERT,Français,7.494280864521167
23,8,5,BERT,Français,11.726415947731612
23,8,6,BERT,Français,1.7838847246353982
23,8,7,BERT,Français,4.936979407295888
23,8,8,BERT,Français,5.3963874632088125
23,8,10,BERT,Français,13.00511763877894
24,1,1,BERT,Français,5.1592654804526115
24,1,2,BERT,Français,14.45155328569039
24,1,3,BERT,Français,0.7620326868360306
24,1,7,BERT,Français,11.602139347107045
24,1,8,BERT,Français,24.540155556992417
24,1,9,BERT,Français,8.32041273495412
24,1,10,BERT,Français,12.68898485563521
24,2,1,BERT,Français,5.533207198695203
24,2,2,BERT,Français,16.4833891030376
24,2,3,BERT,Français,1.0517801880562225
24,2,7,BERT,Français,9.833369358379045
24,2,8,BERT,Français,26.438689677004078
24,2,10,BERT,Français,11.175883416995267
24,3,1,BERT,Français,11.201148143549133
24,3,2,BERT,Français,8.737222817149787
24,3,3,BERT,Français,3.6873644786601183
24,3,7,BERT,Français,9.631471691397172
24,3,8,BERT,Français,27.631004056400744
24,3,9,BERT,Français,9.287147578673984
24,3,10,BERT,Français,13.602426415306134
24,4,1,BERT,Français,6.612106128523058
24,4,2,BERT,Français,11.57492242991664
24,4,3,BERT,Français,3.5409215205964473
24,4,7,BERT,Français,6.7494598483961035
24,4,8,BERT,Français,25.154135954711567
24,4,10,BERT,Français,11.461125975885706
24,5,1,BERT,Français,5.624475816504327
24,5,2,BERT,Français,18.30739769333197
24,5,3,BERT,Français,1.3896710284140994
24,5,4,BERT,Français,4.085359120054493
24,5,5,BERT,Français,8.14038891383805
24,5,6,BERT,Français,0.149264615537567
24,5,7,BERT,Français,10.582585252399994
24,5,8,BERT,Français,23.643590882561735
24,5,9,BERT,Français,7.926770906793206
24,5,10,BERT,Français,11.750751685275537
24,6,1,BERT,Français,8.164312412118772
24,6,2,BERT,Français,19.665999704561806
24,6,3,BERT,Français,2.7466154375483502
24,6,4,BERT,Français,2.8541474401699
24,6,5,BERT,Français,7.736092559137172
24,6,6,BERT,Français,0.1359573772087336
24,6,7,BERT,Français,7.163885194660081
24,6,8,BERT,Français,26.375619728823715
24,6,10,BERT,Français,11.080893631014824
24,7,1,BERT,Français,8.04907261959171
24,7,2,BERT,Français,11.621881794393996
24,7,3,BERT,Français,3.693176341230614
24,7,4,BERT,Français,3.1182657716226365
24,7,5,BERT,Français,8.890061452354184
24,7,6,BERT,Français,2.3676254254732907
24,7,7,BERT,Français,9.190380616068953
24,7,8,BERT,Français,23.30614672442291
24,7,9,BERT,Français,8.0148562467352
24,7,10,BERT,Français,12.264803988257178
24,8,1,BERT,Français,8.530591317894125
24,8,2,BERT,Français,11.206155911073926
24,8,3,BERT,Français,4.655633378784592
24,8,4,BERT,Français,1.8676273577416733
24,8,5,BERT,Français,6.802557711417849
24,8,6,BERT,Français,0.6792983185781764
24,8,7,BERT,Français,11.416592601655132
24,8,8,BERT,Français,27.521681401820608
24,8,10,BERT,Français,12.020132983052969
