numero,variable,region,model,langue,surprisal
1,2,1,BERT,Français,9.45063175950523
1,2,2,BERT,Français,7.8061104335631235
1,2,3,BERT,Français,0.7008329348119954
1,2,4,BERT,Français,12.401108663698132
1,2,5,BERT,Français,2.954590602242756
1,2,6,BERT,Français,11.426117902428723
1,2,8,BERT,Français,5.578748496698531
1,2,10,BERT,Français,11.338794265302381
1,3,1,BERT,Français,9.026089583190625
1,3,2,BERT,Français,7.90322196185759
1,3,3,BERT,Français,3.32074445851904
1,3,4,BERT,Français,10.839156228288036
1,3,5,BERT,Français,5.078226876037368
1,3,6,BERT,Français,5.213860715768581
1,3,7,BERT,Français,0.9197445735424447
1,3,8,BERT,Français,7.086229103183076
1,3,10,BERT,Français,13.54898463539305
1,4,1,BERT,Français,11.36521143451771
1,4,2,BERT,Français,9.562298971343797
1,4,3,BERT,Français,4.196559992816559
1,4,4,BERT,Français,12.82707553100106
1,4,5,BERT,Français,6.80508702899619
1,4,6,BERT,Français,9.330909171834465
1,4,8,BERT,Français,5.960624569032812
1,4,10,BERT,Français,12.321256207660138
1,5,1,BERT,Français,9.427740058458776
1,5,2,BERT,Français,13.443992542717556
1,5,3,BERT,Français,4.545409143488476
1,5,6,BERT,Français,11.929662824742698
1,5,7,BERT,Français,0.6356776220923012
1,5,8,BERT,Français,7.605511137687255
1,5,10,BERT,Français,14.784613050280194
1,6,1,BERT,Français,9.878882156366661
1,6,2,BERT,Français,9.079884431291806
1,6,3,BERT,Français,8.502421975896292
1,6,6,BERT,Français,14.379137750154761
1,6,8,BERT,Français,6.909633616186943
1,6,10,BERT,Français,14.341387638819834
1,7,1,BERT,Français,8.345955569681172
1,7,2,BERT,Français,9.080032584873951
1,7,3,BERT,Français,7.1988597454270575
1,7,6,BERT,Français,12.451593973840923
1,7,7,BERT,Français,1.2978197036479961
1,7,8,BERT,Français,7.718940036019495
1,7,10,BERT,Français,15.773769515022606
1,8,1,BERT,Français,8.920398844879964
1,8,2,BERT,Français,6.255783912099903
1,8,3,BERT,Français,5.3328230408462325
1,8,6,BERT,Français,13.06007506282329
1,8,8,BERT,Français,6.796752378864889
1,8,10,BERT,Français,13.789357933909086
1,9,1,BERT,Français,11.35246109648681
1,9,2,BERT,Français,9.168884344376876
1,9,3,BERT,Français,0.22920546682554266
1,9,4,BERT,Français,11.24291523996799
1,9,6,BERT,Français,6.796640644751228
1,9,7,BERT,Français,0.44662698505432163
1,9,8,BERT,Français,6.296014391925963
1,9,9,BERT,Français,9.665278119407922
1,9,10,BERT,Français,17.863603969186283
1,10,1,BERT,Français,10.380589456774475
1,10,2,BERT,Français,8.06918435324917
1,10,3,BERT,Français,0.3150736753959293
1,10,4,BERT,Français,12.282169018154462
1,10,6,BERT,Français,10.646072737971242
1,10,8,BERT,Français,2.6770775002449896
1,10,9,BERT,Français,4.832220949902868
1,10,10,BERT,Français,14.61185392336656
1,11,1,BERT,Français,11.287470480703242
1,11,2,BERT,Français,8.076873939985786
1,11,3,BERT,Français,1.5116503666810988
1,11,4,BERT,Français,8.80417005371139
1,11,6,BERT,Français,6.510263368058502
1,11,7,BERT,Français,0.9830322699660682
1,11,8,BERT,Français,5.5058763800710615
1,11,9,BERT,Français,14.66913385018173
1,11,10,BERT,Français,20.04127313179354
1,12,1,BERT,Français,10.968677229422369
1,12,2,BERT,Français,8.173812700271167
1,12,3,BERT,Français,0.4403368899912568
1,12,4,BERT,Français,11.591007568300641
1,12,6,BERT,Français,12.122068869661616
1,12,8,BERT,Français,3.4545957123187767
1,12,9,BERT,Français,12.966583216108273
1,12,10,BERT,Français,13.95349193931077
2,1,1,BERT,Français,7.006751387166433
2,1,2,BERT,Français,0.38145956938466896
2,1,3,BERT,Français,0.7008716527281516
2,1,4,BERT,Français,7.240773956308496
2,1,5,BERT,Français,6.830559230084593
2,1,6,BERT,Français,4.063763037054924
2,1,7,BERT,Français,7.345929120694871
2,1,8,BERT,Français,5.9352276371946235
2,1,10,BERT,Français,15.88181582966144
2,2,1,BERT,Français,7.519617658346629
2,2,2,BERT,Français,0.6255521444766278
2,2,3,BERT,Français,0.6441573574546483
2,2,4,BERT,Français,10.065756540465609
2,2,5,BERT,Français,11.4059500676121
2,2,6,BERT,Français,7.95668212205467
2,2,8,BERT,Français,7.929923288539226
2,2,10,BERT,Français,16.09095503922952
2,3,1,BERT,Français,6.745828600856535
2,3,2,BERT,Français,3.704020645307077
2,3,3,BERT,Français,1.8836528656086433
2,3,4,BERT,Français,6.969958645371633
2,3,5,BERT,Français,2.9123013392264965
2,3,6,BERT,Français,3.50168567379165
2,3,7,BERT,Français,7.400173967337822
2,3,8,BERT,Français,6.176007470887905
2,3,10,BERT,Français,15.25007534745422
2,4,1,BERT,Français,6.938774185957985
2,4,2,BERT,Français,3.1420692958482523
2,4,3,BERT,Français,3.175306128723289
2,4,4,BERT,Français,13.14826553921275
2,4,5,BERT,Français,10.065298775902656
2,4,6,BERT,Français,7.597186731945681
2,4,8,BERT,Français,9.254865184971441
2,4,10,BERT,Français,15.298379852653397
2,5,1,BERT,Français,7.820354188443261
2,5,2,BERT,Français,0.41789328677099524
2,5,3,BERT,Français,0.0895532455013942
2,5,4,BERT,Français,8.845963630492747
2,5,6,BERT,Français,3.871766635873894
2,5,7,BERT,Français,8.10193636102063
2,5,8,BERT,Français,6.115700525509827
2,5,10,BERT,Français,13.67537787166708
2,6,1,BERT,Français,7.39870197616751
2,6,2,BERT,Français,0.2838282004417542
2,6,3,BERT,Français,0.17182118409885871
2,6,4,BERT,Français,12.028867662407466
2,6,6,BERT,Français,7.470014531294206
2,6,8,BERT,Français,8.175542299503077
2,6,10,BERT,Français,13.667646515356758
2,7,1,BERT,Français,6.746271513321829
2,7,2,BERT,Français,3.80107931450943
2,7,3,BERT,Français,2.392269768248159
2,7,4,BERT,Français,12.577996334590141
2,7,6,BERT,Français,3.843063635701197
2,7,7,BERT,Français,7.682186363338571
2,7,8,BERT,Français,6.311453642583316
2,7,10,BERT,Français,12.686751440785883
2,8,1,BERT,Français,6.88966612478836
2,8,2,BERT,Français,4.810019242210507
2,8,3,BERT,Français,3.9510316055815053
2,8,4,BERT,Français,14.734050654623815
2,8,6,BERT,Français,7.568499207652885
2,8,8,BERT,Français,8.470690154332113
2,8,10,BERT,Français,12.544000105132602
2,9,1,BERT,Français,6.932181628893155
2,9,2,BERT,Français,2.306608864113486
2,9,3,BERT,Français,0.1174475271242644
2,9,4,BERT,Français,8.022355060839976
2,9,6,BERT,Français,2.9780586399655227
2,9,7,BERT,Français,6.857615868423438
2,9,8,BERT,Français,8.463287975614206
2,9,9,BERT,Français,4.331666709710298
2,9,10,BERT,Français,15.034509761338157
2,10,1,BERT,Français,7.275554948086166
2,10,2,BERT,Français,1.6947559385351056
2,10,3,BERT,Français,0.8760661725375762
2,10,4,BERT,Français,12.177321912082414
2,10,6,BERT,Français,5.799257912631881
2,10,8,BERT,Français,8.832354460178355
2,10,9,BERT,Français,3.7177159571122216
2,10,10,BERT,Français,15.458001840163796
2,11,1,BERT,Français,8.4112919971561
2,11,2,BERT,Français,3.506080434380115
2,11,3,BERT,Français,0.14643439351936977
2,11,4,BERT,Français,8.054511243708863
2,11,6,BERT,Français,3.415993236734172
2,11,7,BERT,Français,7.826062914866236
2,11,8,BERT,Français,9.22742254332833
2,11,9,BERT,Français,6.459900110944239
2,11,10,BERT,Français,14.982113185383302
2,12,1,BERT,Français,8.05680582274863
2,12,2,BERT,Français,3.622422862631747
2,12,3,BERT,Français,0.8541687363845627
2,12,4,BERT,Français,12.771909856005609
2,12,6,BERT,Français,6.162262170529213
2,12,8,BERT,Français,8.175047764108914
2,12,9,BERT,Français,7.0551087125805765
2,12,10,BERT,Français,15.631006986139615
3,1,1,BERT,Français,12.015016638718187
3,1,2,BERT,Français,9.591961991550722
3,1,3,BERT,Français,3.19794715731868
3,1,4,BERT,Français,9.939373491713777
3,1,5,BERT,Français,4.7334098813302266
3,1,6,BERT,Français,14.852367907920254
3,1,7,BERT,Français,10.250179867947667
3,1,8,BERT,Français,14.72378512803051
3,1,10,BERT,Français,12.26561245767762
3,2,1,BERT,Français,11.911726761352488
3,2,2,BERT,Français,7.597692849661982
3,2,3,BERT,Français,4.181624469426049
3,2,4,BERT,Français,10.632762036398217
3,2,5,BERT,Français,4.127942342004029
3,2,6,BERT,Français,13.316673587386244
3,2,8,BERT,Français,12.986983230189747
3,2,10,BERT,Français,10.514433406842878
3,3,1,BERT,Français,12.243738310460353
3,3,2,BERT,Français,11.155849774487228
3,3,3,BERT,Français,3.5182429339357717
3,3,4,BERT,Français,13.280374922395202
3,3,5,BERT,Français,5.247488170048422
3,3,6,BERT,Français,18.64902454505577
3,3,7,BERT,Français,10.046973379388186
3,3,8,BERT,Français,14.375439116611542
3,3,10,BERT,Français,15.07459179788678
3,4,1,BERT,Français,12.449219636656139
3,4,2,BERT,Français,9.640681263734972
3,4,3,BERT,Français,1.8729096484678565
3,4,4,BERT,Français,10.221174896768972
3,4,5,BERT,Français,4.5317333174453704
3,4,6,BERT,Français,16.645586491038006
3,4,8,BERT,Français,12.839831123028965
3,4,10,BERT,Français,13.383651621733282
3,5,1,BERT,Français,11.64938340863699
3,5,2,BERT,Français,5.36033956800761
3,5,3,BERT,Français,0.9995687319780118
3,5,4,BERT,Français,10.591193065170888
3,5,6,BERT,Français,14.881122752811057
3,5,7,BERT,Français,11.814891677827964
3,5,8,BERT,Français,15.020174229127642
3,5,10,BERT,Français,9.216481050547156
3,6,1,BERT,Français,10.95609894012635
3,6,2,BERT,Français,5.568996762308898
3,6,3,BERT,Français,1.7983524101936275
3,6,4,BERT,Français,9.476939303412976
3,6,6,BERT,Français,11.322765549447244
3,6,8,BERT,Français,12.223673701936287
3,6,10,BERT,Français,8.571862985678456
3,7,1,BERT,Français,11.872069577449551
3,7,2,BERT,Français,8.05348266576406
3,7,3,BERT,Français,2.341092526630555
3,7,4,BERT,Français,9.190419276523851
3,7,6,BERT,Français,20.407553000137714
3,7,7,BERT,Français,11.741215462203481
3,7,8,BERT,Français,14.501321436972919
3,7,10,BERT,Français,10.922468399033306
3,8,1,BERT,Français,11.916009475468828
3,8,2,BERT,Français,8.595229117270835
3,8,3,BERT,Français,1.8947917874434412
3,8,4,BERT,Français,9.446240767657219
3,8,6,BERT,Français,15.758672577284774
3,8,8,BERT,Français,13.404888582461128
3,8,10,BERT,Français,10.381134307578073
3,9,1,BERT,Français,11.496600045850423
3,9,2,BERT,Français,10.166311917458243
3,9,3,BERT,Français,0.819782142841744
3,9,4,BERT,Français,9.217568813531997
3,9,6,BERT,Français,14.212559106564301
3,9,7,BERT,Français,10.43700627459041
3,9,8,BERT,Français,18.289880727962466
3,9,9,BERT,Français,6.248604988535655
3,9,10,BERT,Français,16.35463280548186
3,10,1,BERT,Français,11.982697804260509
3,10,2,BERT,Français,9.02134225274938
3,10,3,BERT,Français,1.0314152884606136
3,10,4,BERT,Français,12.167901250565496
3,10,6,BERT,Français,11.811916786406647
3,10,8,BERT,Français,16.3411494963379
3,10,9,BERT,Français,10.513470718562408
3,10,10,BERT,Français,16.139817030936765
3,11,1,BERT,Français,12.174844774993856
3,11,2,BERT,Français,10.97816112263535
3,11,3,BERT,Français,0.9654643034320901
3,11,4,BERT,Français,8.549644660289767
3,11,6,BERT,Français,17.5815052376885
3,11,7,BERT,Français,10.935855575026707
3,11,8,BERT,Français,17.427336545520774
3,11,9,BERT,Français,8.32628850451494
3,11,10,BERT,Français,16.69566678389164
3,12,1,BERT,Français,12.492536935094241
3,12,2,BERT,Français,9.442289391246618
3,12,3,BERT,Français,0.3100768667108213
3,12,4,BERT,Français,10.336097533885834
3,12,6,BERT,Français,11.223541163720887
3,12,8,BERT,Français,15.193128675923894
3,12,9,BERT,Français,9.991042802106202
3,12,10,BERT,Français,16.810080000973482
4,1,1,BERT,Français,13.89207067607741
4,1,2,BERT,Français,7.173047756978634
4,1,3,BERT,Français,2.177813336939905
4,1,4,BERT,Français,11.571018207758135
4,1,5,BERT,Français,8.294206591488253
4,1,6,BERT,Français,3.820088936337236
4,1,7,BERT,Français,7.712212247239153
4,1,8,BERT,Français,8.194820578088935
4,1,10,BERT,Français,12.558319559777155
4,2,1,BERT,Français,14.527521971154915
4,2,2,BERT,Français,7.781783852835394
4,2,3,BERT,Français,2.692831994717009
4,2,4,BERT,Français,13.580757167615918
4,2,5,BERT,Français,9.188648729243381
4,2,6,BERT,Français,8.826840156352436
4,2,8,BERT,Français,9.803626902492653
4,2,10,BERT,Français,16.386294715753323
4,3,1,BERT,Français,12.801877838458783
4,3,2,BERT,Français,8.524840278081678
4,3,3,BERT,Français,5.535193286128279
4,3,4,BERT,Français,13.80276710603941
4,3,5,BERT,Français,8.569849930227415
4,3,6,BERT,Français,5.719905799018049
4,3,7,BERT,Français,9.337630749552904
4,3,8,BERT,Français,7.983022751577339
4,3,10,BERT,Français,15.627195238316775
4,4,1,BERT,Français,13.325444779184798
4,4,2,BERT,Français,7.962171900290632
4,4,3,BERT,Français,2.5810187872273747
4,4,4,BERT,Français,12.450836609774619
4,4,5,BERT,Français,10.356363744643897
4,4,6,BERT,Français,9.954061573646271
4,4,8,BERT,Français,6.015665861001219
4,4,10,BERT,Français,15.589277715208162
4,5,1,BERT,Français,15.122772136713408
4,5,2,BERT,Français,6.861393988505194
4,5,3,BERT,Français,1.2625543789340083
4,5,4,BERT,Français,12.791956204625722
4,5,6,BERT,Français,4.122606234765447
4,5,7,BERT,Français,7.690592343275987
4,5,8,BERT,Français,8.00530422474656
4,5,10,BERT,Français,11.924671343658652
4,6,1,BERT,Français,15.264612349363267
4,6,2,BERT,Français,6.635210758956102
4,6,3,BERT,Français,0.7179034912883819
4,6,4,BERT,Français,15.152985869445157
4,6,6,BERT,Français,9.810481253971155
4,6,8,BERT,Français,8.567303278733348
4,6,10,BERT,Français,13.916679424083595
4,7,1,BERT,Français,13.35207820575893
4,7,2,BERT,Français,7.445373444363255
4,7,3,BERT,Français,5.514921872938057
4,7,4,BERT,Français,14.561799532081734
4,7,6,BERT,Français,5.119048899126032
4,7,7,BERT,Français,9.468311926071873
4,7,8,BERT,Français,8.130199470295967
4,7,10,BERT,Français,10.869875987372849
4,8,1,BERT,Français,13.85919768334231
4,8,2,BERT,Français,8.025587248324333
4,8,3,BERT,Français,3.369176096308861
4,8,4,BERT,Français,17.322438414663036
4,8,6,BERT,Français,8.519793705841463
4,8,8,BERT,Français,5.103012090139281
4,8,10,BERT,Français,13.06718899387132
4,9,1,BERT,Français,14.903533833793357
4,9,2,BERT,Français,8.11678899500764
4,9,3,BERT,Français,0.18878231480832788
4,9,4,BERT,Français,10.38911922841727
4,9,6,BERT,Français,6.414022241711771
4,9,7,BERT,Français,6.60597738641103
4,9,8,BERT,Français,2.9604895221199277
4,9,9,BERT,Français,10.067058187929083
4,9,10,BERT,Français,15.27024225375335
4,10,1,BERT,Français,15.445772898801575
4,10,2,BERT,Français,7.683941005877242
4,10,3,BERT,Français,0.11323842276761215
4,10,4,BERT,Français,10.140380288899467
4,10,6,BERT,Français,6.604705274036863
4,10,8,BERT,Français,2.083287984045411
4,10,9,BERT,Français,12.391759731727944
4,10,10,BERT,Français,13.651915385871762
4,11,1,BERT,Français,12.831781310738663
4,11,2,BERT,Français,7.730317410566562
4,11,3,BERT,Français,1.4429922470358603
4,11,4,BERT,Français,13.63302619163835
4,11,6,BERT,Français,5.802186095802763
4,11,7,BERT,Français,9.136520264315427
4,11,8,BERT,Français,5.605390510716169
4,11,9,BERT,Français,9.690436079424837
4,11,10,BERT,Français,16.351487273764615
4,12,1,BERT,Français,13.842777210730462
4,12,2,BERT,Français,9.017876362335798
4,12,3,BERT,Français,0.9749706375855359
4,12,4,BERT,Français,11.878352189431943
4,12,6,BERT,Français,7.003928008814123
4,12,8,BERT,Français,1.2557825773606763
4,12,9,BERT,Français,13.7115957436022
4,12,10,BERT,Français,16.02034227765049
5,1,1,BERT,Français,10.309887326958576
5,1,2,BERT,Français,5.1248830594643024
5,1,3,BERT,Français,0.4992147588007033
5,1,4,BERT,Français,8.022174028468493
5,1,5,BERT,Français,11.288164067118503
5,1,6,BERT,Français,0.9294649692128452
5,1,7,BERT,Français,2.025706469177186
5,1,8,BERT,Français,10.21707235683799
5,1,10,BERT,Français,16.04927743523329
5,2,1,BERT,Français,10.674978435634381
5,2,2,BERT,Français,6.319056672755522
5,2,3,BERT,Français,0.5157472108768129
5,2,4,BERT,Français,9.97070266147478
5,2,5,BERT,Français,9.914123670336751
5,2,6,BERT,Français,5.83536493459556
5,2,8,BERT,Français,11.090531602108397
5,2,10,BERT,Français,17.011588951386653
5,3,1,BERT,Français,14.738124448615295
5,3,2,BERT,Français,7.796553265144261
5,3,3,BERT,Français,2.941798810480463
5,3,4,BERT,Français,7.965827884266499
5,3,5,BERT,Français,12.634006829212773
5,3,6,BERT,Français,1.3382064654875767
5,3,7,BERT,Français,5.1503352910630245
5,3,8,BERT,Français,8.632590581396926
5,3,10,BERT,Français,14.712020380311573
5,4,1,BERT,Français,14.687131166831868
5,4,2,BERT,Français,10.462182048562832
5,4,3,BERT,Français,3.467141754513229
5,4,4,BERT,Français,8.409589413738026
5,4,5,BERT,Français,11.099706677435753
5,4,6,BERT,Français,8.501204223893007
5,4,8,BERT,Français,9.790053491014058
5,4,10,BERT,Français,16.853749554114014
5,5,1,BERT,Français,9.787880820545062
5,5,2,BERT,Français,5.1884311768836575
5,5,3,BERT,Français,1.0142430812411072
5,5,4,BERT,Français,7.578078876074328
5,5,6,BERT,Français,1.0252085555075765
5,5,7,BERT,Français,2.6626241833711886
5,5,8,BERT,Français,7.992872615601209
5,5,10,BERT,Français,17.427798241172482
5,6,1,BERT,Français,8.974013937287728
5,6,2,BERT,Français,7.770374069960857
5,6,3,BERT,Français,1.4321348829352452
5,6,4,BERT,Français,9.511841629316942
5,6,6,BERT,Français,6.234218894350475
5,6,8,BERT,Français,11.643473208377058
5,6,10,BERT,Français,16.13566628554011
5,7,1,BERT,Français,10.711659536761454
5,7,2,BERT,Français,8.173833652700484
5,7,3,BERT,Français,4.333597838828126
5,7,4,BERT,Français,6.616468137131278
5,7,6,BERT,Français,5.1457977943254285
5,7,7,BERT,Français,6.083293085753664
5,7,8,BERT,Français,8.960171450411828
5,7,10,BERT,Français,16.241584622353855
5,8,1,BERT,Français,14.52257176186717
5,8,2,BERT,Français,8.556447205390917
5,8,3,BERT,Français,1.9817755361804372
5,8,4,BERT,Français,7.493993696325346
5,8,6,BERT,Français,11.968595275042016
5,8,8,BERT,Français,10.803586827294776
5,8,10,BERT,Français,16.069531273593192
5,9,1,BERT,Français,9.580763984044145
5,9,2,BERT,Français,5.194462555617105
5,9,3,BERT,Français,0.6390570293278756
5,9,4,BERT,Français,11.832422444928433
5,9,6,BERT,Français,1.1232143230058271
5,9,7,BERT,Français,2.419544975412887
5,9,8,BERT,Français,11.14875231183049
5,9,9,BERT,Français,12.487844158389436
5,9,10,BERT,Français,18.07590706437846
5,10,1,BERT,Français,9.37114333498154
5,10,2,BERT,Français,7.198694136241677
5,10,3,BERT,Français,3.731076846708681
5,10,4,BERT,Français,11.953694450196371
5,10,6,BERT,Français,7.0993269078604895
5,10,8,BERT,Français,11.836400685941577
5,10,9,BERT,Français,12.895104720712403
5,10,10,BERT,Français,16.85265701993637
5,11,1,BERT,Français,9.972417245778514
5,11,2,BERT,Français,7.689628939485946
5,11,3,BERT,Français,3.0479134058567143
5,11,4,BERT,Français,7.786489760233415
5,11,6,BERT,Français,1.2696946840449481
5,11,7,BERT,Français,7.898043238189855
5,11,8,BERT,Français,12.285949369857205
5,11,9,BERT,Français,13.651893362438718
5,11,10,BERT,Français,16.10696710392229
5,12,1,BERT,Français,11.24531715896756
5,12,2,BERT,Français,7.961136590293346
5,12,3,BERT,Français,3.860010624282193
5,12,4,BERT,Français,8.705459316183429
5,12,6,BERT,Français,9.265132881330796
5,12,8,BERT,Français,11.47995196230918
5,12,9,BERT,Français,13.12074236671981
5,12,10,BERT,Français,15.541733706005623
6,1,1,BERT,Français,10.53559920825955
6,1,2,BERT,Français,8.40100805883801
6,1,3,BERT,Français,1.8119871361398991
6,1,4,BERT,Français,15.871051631310138
6,1,5,BERT,Français,7.205135499127515
6,1,6,BERT,Français,6.137807053461597
6,1,7,BERT,Français,5.9684522446688275
6,1,8,BERT,Français,10.163207822004143
6,1,10,BERT,Français,15.332771272479164
6,2,1,BERT,Français,10.076428411262288
6,2,2,BERT,Français,8.088835711580202
6,2,3,BERT,Français,3.2612398515533307
6,2,4,BERT,Français,15.439139048387341
6,2,5,BERT,Français,7.815158396818106
6,2,6,BERT,Français,13.163877487793698
6,2,8,BERT,Français,14.49183601102937
6,2,10,BERT,Français,16.198302691179784
6,3,1,BERT,Français,9.450353148711303
6,3,2,BERT,Français,8.979792339095983
6,3,3,BERT,Français,2.8640593627338715
6,3,4,BERT,Français,9.774305804106623
6,3,5,BERT,Français,6.59288916136152
6,3,6,BERT,Français,6.860359190122677
6,3,7,BERT,Français,5.817680366555857
6,3,8,BERT,Français,10.3035480596366
6,3,10,BERT,Français,15.961933522238816
6,4,1,BERT,Français,9.93793738807661
6,4,2,BERT,Français,8.39557809609008
6,4,3,BERT,Français,2.8632765189686906
6,4,4,BERT,Français,12.047813846735894
6,4,5,BERT,Français,7.631761325500339
6,4,6,BERT,Français,13.183613654635222
6,4,8,BERT,Français,13.808938073764972
6,4,10,BERT,Français,16.505252673054837
6,5,1,BERT,Français,8.013521323620006
6,5,2,BERT,Français,8.657828868063561
6,5,3,BERT,Français,1.8524564054455483
6,5,4,BERT,Français,0.8007889700008927
6,5,6,BERT,Français,6.398234537973435
6,5,7,BERT,Français,5.120774530345613
6,5,8,BERT,Français,6.83490148179329
6,5,10,BERT,Français,11.410969201142487
6,6,1,BERT,Français,8.38343814431332
6,6,2,BERT,Français,5.471620174611515
6,6,3,BERT,Français,2.2652487298915136
6,6,4,BERT,Français,2.656702711712602
6,6,6,BERT,Français,11.700082543643632
6,6,8,BERT,Français,14.152765502861188
6,6,10,BERT,Français,13.49662479612637
6,7,1,BERT,Français,6.874385522437908
6,7,2,BERT,Français,8.770828985301117
6,7,3,BERT,Français,3.4549258266535237
6,7,4,BERT,Français,0.49939684309160487
6,7,6,BERT,Français,6.5078377654929485
6,7,7,BERT,Français,4.628010709919058
6,7,8,BERT,Français,7.3446459438043545
6,7,10,BERT,Français,12.850266677930017
6,8,1,BERT,Français,7.689376263493462
6,8,2,BERT,Français,8.011501228972744
6,8,3,BERT,Français,2.0943322375800744
6,8,4,BERT,Français,1.171565186080013
6,8,6,BERT,Français,11.44742400237789
6,8,8,BERT,Français,11.550040820216132
6,8,10,BERT,Français,14.302037263828636
6,9,1,BERT,Français,6.544682563630531
6,9,2,BERT,Français,8.041807337752692
6,9,3,BERT,Français,4.950927208678931
6,9,4,BERT,Français,6.234847672332874
6,9,6,BERT,Français,5.3359113825368825
6,9,7,BERT,Français,9.519026552376747
6,9,8,BERT,Français,14.822010725603862
6,9,9,BERT,Français,6.767765735396932
6,9,10,BERT,Français,16.154004295028354
6,10,1,BERT,Français,6.635631396571167
6,10,2,BERT,Français,9.265774143911301
6,10,3,BERT,Français,4.567573811989287
6,10,4,BERT,Français,10.551577897775413
6,10,6,BERT,Français,10.795628560668614
6,10,8,BERT,Français,18.189548882251366
6,10,9,BERT,Français,10.701274268811503
6,10,10,BERT,Français,15.792012485066063
6,11,1,BERT,Français,6.2540366667179095
6,11,2,BERT,Français,7.829833020152988
6,11,3,BERT,Français,3.654403088772104
6,11,4,BERT,Français,5.150500690311753
6,11,6,BERT,Français,5.8505164498151645
6,11,7,BERT,Français,7.404141683160302
6,11,8,BERT,Français,17.661809322366317
6,11,9,BERT,Français,7.235487860615563
6,11,10,BERT,Français,13.05215210187048
6,12,1,BERT,Français,6.092564757898089
6,12,2,BERT,Français,9.050463392796859
6,12,3,BERT,Français,4.100101109742384
6,12,4,BERT,Français,11.466941113105722
6,12,6,BERT,Français,11.210536800843316
6,12,8,BERT,Français,17.437053656022258
6,12,9,BERT,Français,9.980396377308779
6,12,10,BERT,Français,14.936244020169498
7,1,1,BERT,Français,9.450176327510794
7,1,2,BERT,Français,13.595083107877644
7,1,3,BERT,Français,0.6811374139667132
7,1,4,BERT,Français,8.9485729710948
7,1,5,BERT,Français,17.091001566283374
7,1,6,BERT,Français,13.972449472759303
7,1,7,BERT,Français,10.008192478818927
7,1,8,BERT,Français,8.530053561604527
7,1,10,BERT,Français,15.556360454688248
7,2,1,BERT,Français,8.930824134980725
7,2,2,BERT,Français,14.262165742257325
7,2,3,BERT,Français,1.8174459134530152
7,2,4,BERT,Français,8.496458589186505
7,2,5,BERT,Français,16.731975786737042
7,2,6,BERT,Français,11.500233291721186
7,2,8,BERT,Français,6.244276725934452
7,2,10,BERT,Français,13.834590602362342
7,3,1,BERT,Français,11.7681562676926
7,3,2,BERT,Français,13.959753763638133
7,3,3,BERT,Français,2.9912590298038517
7,3,4,BERT,Français,10.351832695426499
7,3,5,BERT,Français,20.07045939102504
7,3,6,BERT,Français,11.804566812431712
7,3,7,BERT,Français,10.787441869934737
7,3,8,BERT,Français,9.449047297745263
7,3,10,BERT,Français,15.940119550616402
7,4,1,BERT,Français,10.762679591569347
7,4,2,BERT,Français,11.041799016925417
7,4,3,BERT,Français,3.7685387022717682
7,4,4,BERT,Français,9.804551042118733
7,4,5,BERT,Français,18.419923420719464
7,4,6,BERT,Français,8.109820440241803
7,4,8,BERT,Français,4.525389337540196
7,4,10,BERT,Français,13.000096313499329
7,5,1,BERT,Français,9.363878576086906
7,5,2,BERT,Français,10.442910654254293
7,5,3,BERT,Français,4.590493172443762
7,5,4,BERT,Français,5.840926305898406
7,5,6,BERT,Français,10.375654649049407
7,5,7,BERT,Français,10.762733136480305
7,5,8,BERT,Français,7.644188267370159
7,5,10,BERT,Français,13.013298696110866
7,6,1,BERT,Français,8.81844036560875
7,6,2,BERT,Français,8.680434403495227
7,6,3,BERT,Français,5.364849506827876
7,6,4,BERT,Français,5.93329258481829
7,6,6,BERT,Français,8.208514543772086
7,6,8,BERT,Français,6.760771801334674
7,6,10,BERT,Français,11.541944899048765
7,7,1,BERT,Français,9.712086727882657
7,7,2,BERT,Français,15.181443176374795
7,7,3,BERT,Français,0.1445672615039766
7,7,4,BERT,Français,7.247169091981317
7,7,6,BERT,Français,9.16308486380805
7,7,7,BERT,Français,10.383530576270703
7,7,8,BERT,Français,8.732171897471165
7,7,10,BERT,Français,12.984773151115023
7,8,1,BERT,Français,10.916436109771245
7,8,2,BERT,Français,10.771414087308951
7,8,3,BERT,Français,0.4343784028160505
7,8,4,BERT,Français,10.074672031215348
7,8,6,BERT,Français,7.19847595197005
7,8,8,BERT,Français,7.807061442018668
7,8,10,BERT,Français,10.074061156815445
7,9,1,BERT,Français,9.478186925833748
7,9,2,BERT,Français,12.70299238108586
7,9,3,BERT,Français,1.5757582190318171
7,9,4,BERT,Français,9.797548361341155
7,9,6,BERT,Français,6.805190103111918
7,9,7,BERT,Français,9.535768989120779
7,9,8,BERT,Français,9.166774218224809
7,9,9,BERT,Français,16.119358233953648
7,9,10,BERT,Français,15.952317071177985
7,10,1,BERT,Français,7.747335144960472
7,10,2,BERT,Français,12.511676234695825
7,10,3,BERT,Français,2.420046062896909
7,10,4,BERT,Français,6.906757347454475
7,10,6,BERT,Français,5.713612859676902
7,10,8,BERT,Français,7.690928520580502
7,10,9,BERT,Français,13.705726886357377
7,10,10,BERT,Français,14.950598441043299
7,11,1,BERT,Français,9.792373893539434
7,11,2,BERT,Français,11.12583454159156
7,11,3,BERT,Français,2.971158257450096
7,11,4,BERT,Français,8.466660048108118
7,11,6,BERT,Français,7.896074653326267
7,11,7,BERT,Français,9.075066652148493
7,11,8,BERT,Français,10.485425829671211
7,11,9,BERT,Français,13.487084884024865
7,11,10,BERT,Français,15.078840970376158
7,12,1,BERT,Français,8.424683389374822
7,12,2,BERT,Français,11.451921519972158
7,12,3,BERT,Français,3.9635469862648223
7,12,4,BERT,Français,5.463319511468732
7,12,6,BERT,Français,6.425217209881063
7,12,8,BERT,Français,9.338860388738096
7,12,9,BERT,Français,12.850353341239414
7,12,10,BERT,Français,12.926438445268515
8,1,1,BERT,Français,4.087144917982669
8,1,2,BERT,Français,5.7891206084918565
8,1,3,BERT,Français,0.9694347284312511
8,1,4,BERT,Français,9.53927777560623
8,1,5,BERT,Français,8.5207141132578
8,1,6,BERT,Français,3.0303209281763257
8,1,7,BERT,Français,9.239661658256292
8,1,8,BERT,Français,3.7891206084918565
8,1,10,BERT,Français,13.821327247606888
8,2,1,BERT,Français,2.929917390725395
8,2,2,BERT,Français,6.328128777875868
8,2,3,BERT,Français,2.9846307199848985
8,2,4,BERT,Français,11.630861838050023
8,2,5,BERT,Français,10.406161432827874
8,2,6,BERT,Français,15.135635299687966
8,2,8,BERT,Français,3.787566549798148
8,2,10,BERT,Français,16.670865698042046
8,3,1,BERT,Français,3.5360699567204352
8,3,2,BERT,Français,5.824465220466443
8,3,3,BERT,Français,4.775838569092014
8,3,4,BERT,Français,9.879757692218693
8,3,5,BERT,Français,8.883061352995005
8,3,6,BERT,Français,3.745246286326765
8,3,7,BERT,Français,10.452751597252968
8,3,8,BERT,Français,7.027622005588295
8,3,10,BERT,Français,14.203047739503694
8,4,1,BERT,Français,2.716040404718294
8,4,2,BERT,Français,6.541975572808739
8,4,3,BERT,Français,6.899443363086007
8,4,4,BERT,Français,8.2640539007596
8,4,5,BERT,Français,9.689605084536746
8,4,6,BERT,Français,15.552307707300775
8,4,8,BERT,Français,4.138849089769267
8,4,10,BERT,Français,17.020242248486138
8,5,1,BERT,Français,4.2363323313934815
8,5,2,BERT,Français,8.507458403587465
8,5,3,BERT,Français,3.7386878240906944
8,5,4,BERT,Français,10.000140688668019
8,5,6,BERT,Français,4.593184383387988
8,5,7,BERT,Français,6.895805028850275
8,5,8,BERT,Français,7.314785287020511
8,5,10,BERT,Français,12.048564265069864
8,6,1,BERT,Français,3.9234135275125097
8,6,2,BERT,Français,10.52389324880118
8,6,3,BERT,Français,1.9990232972483444
8,6,4,BERT,Français,9.069409368277825
8,6,6,BERT,Français,7.724665182275892
8,6,8,BERT,Français,2.5944949332354317
8,6,10,BERT,Français,11.78461586477681
8,7,1,BERT,Français,5.388906179040941
8,7,2,BERT,Français,7.538547156845627
8,7,3,BERT,Français,5.467959704483063
8,7,4,BERT,Français,10.248159321683442
8,7,6,BERT,Français,5.339452371991463
8,7,7,BERT,Français,8.810454259005503
8,7,8,BERT,Français,8.236386830356935
8,7,10,BERT,Français,12.822774835103752
8,8,1,BERT,Français,6.543028391019308
8,8,2,BERT,Français,6.478046185060079
8,8,3,BERT,Français,3.9148297072757936
8,8,4,BERT,Français,7.876025769806462
8,8,6,BERT,Français,8.39477359195467
8,8,8,BERT,Français,4.557995938016497
8,8,10,BERT,Français,12.27822438525411
8,9,1,BERT,Français,4.668654532148914
8,9,2,BERT,Français,9.525108037568678
8,9,3,BERT,Français,3.9405578318387304
8,9,4,BERT,Français,13.97997432118216
8,9,6,BERT,Français,5.77255797408881
8,9,7,BERT,Français,5.287537651726583
8,9,8,BERT,Français,16.52912693023792
8,9,9,BERT,Français,1.1551454258054492
8,9,10,BERT,Français,13.808292833281365
8,10,1,BERT,Français,5.477744507057674
8,10,2,BERT,Français,9.702640365866005
8,10,3,BERT,Français,4.452881534926057
8,10,4,BERT,Français,9.493450037962491
8,10,6,BERT,Français,11.550490739038965
8,10,8,BERT,Français,15.12208131637098
8,10,9,BERT,Français,1.6444578836696702
8,10,10,BERT,Français,14.310612253787093
8,11,1,BERT,Français,7.717554465313716
8,11,2,BERT,Français,9.988172354101362
8,11,3,BERT,Français,4.41995206697405
8,11,4,BERT,Français,11.459844403800215
8,11,6,BERT,Français,6.805407544531725
8,11,7,BERT,Français,6.29598504218771
8,11,8,BERT,Français,21.637928565375375
8,11,9,BERT,Français,1.2442985234160133
8,11,10,BERT,Français,10.867349819673287
8,12,1,BERT,Français,8.249295160215954
8,12,2,BERT,Français,9.824802712835439
8,12,3,BERT,Français,6.459905669949257
8,12,4,BERT,Français,12.226058456929065
8,12,6,BERT,Français,14.148928589375735
8,12,8,BERT,Français,19.101920672315327
8,12,9,BERT,Français,1.0950454388771038
8,12,10,BERT,Français,11.501538969761448
9,1,1,BERT,Français,10.324623515625849
9,1,2,BERT,Français,5.045386020862283
9,1,3,BERT,Français,2.1661906242342237
9,1,4,BERT,Français,6.510297172471007
9,1,5,BERT,Français,5.924760308487244
9,1,6,BERT,Français,3.031920712045109
9,1,7,BERT,Français,2.493109296473182
9,1,8,BERT,Français,7.212299463551088
9,1,10,BERT,Français,12.652846487424222
9,2,1,BERT,Français,9.150891596555445
9,2,2,BERT,Français,3.1522590263293306
9,2,3,BERT,Français,5.434098149543761
9,2,4,BERT,Français,5.325575272140349
9,2,5,BERT,Français,11.920587810573128
9,2,6,BERT,Français,5.450441743694498
9,2,8,BERT,Français,9.840768128175041
9,2,10,BERT,Français,13.066507797835893
9,3,1,BERT,Français,10.32517811889315
9,3,2,BERT,Français,6.54230451162819
9,3,3,BERT,Français,3.829325348999171
9,3,4,BERT,Français,7.631072240956475
9,3,5,BERT,Français,4.70227248628528
9,3,6,BERT,Français,1.7341427686234991
9,3,7,BERT,Français,0.39546566019629703
9,3,8,BERT,Français,6.32054642465784
9,3,10,BERT,Français,13.482636014049882
9,4,1,BERT,Français,9.088291761618372
9,4,2,BERT,Français,4.23300693060218
9,4,3,BERT,Français,3.770748876934952
9,4,4,BERT,Français,3.487221687854786
9,4,5,BERT,Français,10.170980328913183
9,4,6,BERT,Français,4.558814502139473
9,4,8,BERT,Français,10.4971069045623
9,4,10,BERT,Français,13.663385707788857
9,5,1,BERT,Français,9.132651402407944
9,5,2,BERT,Français,2.992693790509476
9,5,3,BERT,Français,2.177778319933046
9,5,4,BERT,Français,3.3777670531514326
9,5,6,BERT,Français,1.6278007530009801
9,5,7,BERT,Français,5.749369353257364
9,5,8,BERT,Français,4.615758513153784
9,5,10,BERT,Français,12.984182927801681
9,6,1,BERT,Français,8.093409556803906
9,6,2,BERT,Français,3.119196646799125
9,6,3,BERT,Français,0.9037490792235141
9,6,4,BERT,Français,3.737354843411475
9,6,6,BERT,Français,4.9808530087233525
9,6,8,BERT,Français,10.737164907162015
9,6,10,BERT,Français,10.00324052211213
9,7,1,BERT,Français,9.055609369237576
9,7,2,BERT,Français,7.404569378542167
9,7,3,BERT,Français,3.9171345108842712
9,7,4,BERT,Français,4.7009113501542314
9,7,6,BERT,Français,3.7069992246790737
9,7,7,BERT,Français,5.142556449933338
9,7,8,BERT,Français,5.830026691350747
9,7,10,BERT,Français,12.949194459370881
9,8,1,BERT,Français,7.83571097210268
9,8,2,BERT,Français,9.25195040067224
9,8,3,BERT,Français,5.094853307218336
9,8,4,BERT,Français,4.386323263967953
9,8,6,BERT,Français,5.646348898012255
9,8,8,BERT,Français,13.695625280725471
9,8,10,BERT,Français,12.156065726131539
9,9,1,BERT,Français,6.469499002290214
9,9,2,BERT,Français,3.1233811379204415
9,9,3,BERT,Français,0.06085242792821428
9,9,4,BERT,Français,5.860815434418437
9,9,6,BERT,Français,1.7540472569324261
9,9,7,BERT,Français,1.2482774922146531
9,9,8,BERT,Français,7.744976474263908
9,9,9,BERT,Français,7.556899126864911
9,9,10,BERT,Français,13.286947073684154
9,10,1,BERT,Français,7.137040061961078
9,10,2,BERT,Français,3.0538591248353972
9,10,3,BERT,Français,0.27824586746532254
9,10,4,BERT,Français,9.035716162024308
9,10,6,BERT,Français,5.771934377268058
9,10,8,BERT,Français,7.979019213597315
9,10,9,BERT,Français,7.57132483140451
9,10,10,BERT,Français,13.545337611014746
9,11,1,BERT,Français,9.197222747113607
9,11,2,BERT,Français,6.9421786152998
9,11,3,BERT,Français,0.05177332477609819
9,11,4,BERT,Français,6.455470957598387
9,11,6,BERT,Français,1.9503995214799257
9,11,7,BERT,Français,1.1438402760296107
9,11,8,BERT,Français,12.028637742228224
9,11,9,BERT,Français,7.255464944540091
9,11,10,BERT,Français,13.767223821853767
9,12,1,BERT,Français,7.688119088811335
9,12,2,BERT,Français,7.4733879353284545
9,12,3,BERT,Français,0.8493067533170632
9,12,4,BERT,Français,8.867761517667784
9,12,6,BERT,Français,7.15143111611088
9,12,8,BERT,Français,7.209354105494604
9,12,9,BERT,Français,6.257809826213713
9,12,10,BERT,Français,16.353297376619857
10,1,1,BERT,Français,11.216816597367963
10,1,2,BERT,Français,8.87832231344189
10,1,3,BERT,Français,3.24861591998193
10,1,4,BERT,Français,3.362443911058424
10,1,5,BERT,Français,10.103430060864705
10,1,6,BERT,Français,11.62708141718153
10,1,7,BERT,Français,9.555477058027348
10,1,8,BERT,Français,5.954244337341523
10,1,10,BERT,Français,16.559046707362967
10,2,1,BERT,Français,11.846859002259455
10,2,2,BERT,Français,8.37932095120117
10,2,3,BERT,Français,2.9562093845302937
10,2,4,BERT,Français,5.485798718787851
10,2,5,BERT,Français,11.408640190759757
10,2,6,BERT,Français,11.148985509981607
10,2,8,BERT,Français,7.250538690622533
10,2,10,BERT,Français,17.19619513480151
10,3,1,BERT,Français,11.568267388698178
10,3,2,BERT,Français,9.313945587972862
10,3,3,BERT,Français,7.463597910492903
10,3,4,BERT,Français,3.41049285735942
10,3,5,BERT,Français,10.842994222167885
10,3,6,BERT,Français,11.641290052182354
10,3,7,BERT,Français,9.946052581159776
10,3,8,BERT,Français,5.993867424548589
10,3,10,BERT,Français,16.096919788802566
10,4,1,BERT,Français,12.088478907003497
10,4,2,BERT,Français,7.775229447316691
10,4,3,BERT,Français,6.806497499419982
10,4,4,BERT,Français,4.875796631972216
10,4,5,BERT,Français,12.417577165364893
10,4,6,BERT,Français,11.266618845859046
10,4,8,BERT,Français,7.5235212612362075
10,4,10,BERT,Français,18.05638003908681
10,5,1,BERT,Français,12.934344414723064
10,5,2,BERT,Français,10.534297844748961
10,5,3,BERT,Français,1.8927963363111187
10,5,4,BERT,Français,2.848601397411838
10,5,6,BERT,Français,12.874447003983102
10,5,7,BERT,Français,10.983936463222129
10,5,8,BERT,Français,4.169126137520225
10,5,10,BERT,Français,14.84594631916064
10,6,1,BERT,Français,13.726287337149142
10,6,2,BERT,Français,8.868755317171624
10,6,3,BERT,Français,1.2545041563491848
10,6,4,BERT,Français,3.657145664726811
10,6,6,BERT,Français,11.025158764840308
10,6,8,BERT,Français,8.561913648996494
10,6,10,BERT,Français,16.18941267623641
10,7,1,BERT,Français,14.95365780960748
10,7,2,BERT,Français,12.11300256154088
10,7,3,BERT,Français,2.956014861233541
10,7,4,BERT,Français,3.3251111114093934
10,7,6,BERT,Français,12.859587869031815
10,7,7,BERT,Français,10.441334878575269
10,7,8,BERT,Français,3.777513580922624
10,7,10,BERT,Français,15.055582290196321
10,8,1,BERT,Français,15.827778069680116
10,8,2,BERT,Français,9.864369926540096
10,8,3,BERT,Français,0.3724911630283048
10,8,4,BERT,Français,9.267315621398215
10,8,6,BERT,Français,6.894025171948372
10,8,8,BERT,Français,10.617206996646802
10,8,10,BERT,Français,16.12119534150669
10,9,1,BERT,Français,13.44361509928816
10,9,2,BERT,Français,9.698277056489541
10,9,3,BERT,Français,2.1047620936760287
10,9,4,BERT,Français,2.840589794735373
10,9,6,BERT,Français,10.216448379371105
10,9,7,BERT,Français,11.076724840764172
10,9,8,BERT,Français,9.394150788246236
10,9,9,BERT,Français,12.878106402721539
10,9,10,BERT,Français,15.629217225470223
10,10,1,BERT,Français,12.889108611837596
10,10,2,BERT,Français,9.145022455346393
10,10,3,BERT,Français,1.981875056353742
10,10,4,BERT,Français,4.751488225934716
10,10,6,BERT,Français,10.800168326130787
10,10,8,BERT,Français,9.41383171699323
10,10,9,BERT,Français,13.695312095667456
10,10,10,BERT,Français,12.310074947735908
10,11,1,BERT,Français,16.16980261947929
10,11,2,BERT,Français,9.66743084724351
10,11,3,BERT,Français,3.02503153955222
10,11,4,BERT,Français,4.120720394887676
10,11,6,BERT,Français,10.837897453311758
10,11,7,BERT,Français,11.335351662139479
10,11,8,BERT,Français,12.20662639643906
10,11,9,BERT,Français,13.045515586415547
10,11,10,BERT,Français,14.591122076121206
10,12,1,BERT,Français,12.939744246145498
10,12,2,BERT,Français,10.211588922288923
10,12,3,BERT,Français,2.3335347734373215
10,12,4,BERT,Français,4.332488420399546
10,12,6,BERT,Français,12.776550763907569
10,12,8,BERT,Français,12.86516354538264
10,12,9,BERT,Français,14.399961208181793
10,12,10,BERT,Français,15.648032976000287
11,1,1,BERT,Français,13.972382319968206
11,1,2,BERT,Français,11.023128087957291
11,1,3,BERT,Français,2.228205996717072
11,1,4,BERT,Français,7.071837322708922
11,1,5,BERT,Français,15.497441914922275
11,1,6,BERT,Français,12.1530946788959
11,1,7,BERT,Français,4.089962575301244
11,1,8,BERT,Français,4.390423208429489
11,1,10,BERT,Français,17.776329674909928
11,2,1,BERT,Français,8.429417077557167
11,2,2,BERT,Français,11.111960155982063
11,2,3,BERT,Français,1.013440427311679
11,2,4,BERT,Français,7.875862434360803
11,2,5,BERT,Français,13.584161928668593
11,2,6,BERT,Français,15.125469688827527
11,2,8,BERT,Français,8.030944480897366
11,2,10,BERT,Français,14.425331295760353
11,3,1,BERT,Français,11.789614919475168
11,3,2,BERT,Français,11.40580936454333
11,3,3,BERT,Français,4.552735628790113
11,3,4,BERT,Français,8.418068722683389
11,3,5,BERT,Français,14.841157365873302
11,3,6,BERT,Français,12.166001612401812
11,3,7,BERT,Français,4.5357997811824164
11,3,8,BERT,Français,4.259034582899021
11,3,10,BERT,Français,17.057259021073992
11,4,1,BERT,Français,9.402680304493286
11,4,2,BERT,Français,9.685207125793307
11,4,3,BERT,Français,3.844291418788641
11,4,4,BERT,Français,7.656884106696463
11,4,5,BERT,Français,14.42104599708234
11,4,6,BERT,Français,14.3914569546373
11,4,8,BERT,Français,8.02980544245314
11,4,10,BERT,Français,14.919720009570197
11,5,1,BERT,Français,12.060786592570475
11,5,2,BERT,Français,7.431600352770962
11,5,3,BERT,Français,0.2662493830291662
11,5,4,BERT,Français,8.615647698870465
11,5,6,BERT,Français,7.998912963329711
11,5,7,BERT,Français,5.364400324474955
11,5,8,BERT,Français,4.311834226256021
11,5,10,BERT,Français,13.29244897108442
11,6,1,BERT,Français,4.77055889410746
11,6,2,BERT,Français,8.526286571895717
11,6,3,BERT,Français,3.2835173116249523
11,6,4,BERT,Français,5.409915899846245
11,6,6,BERT,Français,9.103523739865288
11,6,8,BERT,Français,7.0549026208373276
11,6,10,BERT,Français,12.507910397228269
11,7,1,BERT,Français,11.916037870561734
11,7,2,BERT,Français,11.14178674024347
11,7,3,BERT,Français,2.7593505818247857
11,7,4,BERT,Français,8.138067255417795
11,7,6,BERT,Français,8.660319051102903
11,7,7,BERT,Français,5.074097908803613
11,7,8,BERT,Français,4.885739133159635
11,7,10,BERT,Français,16.39951003565662
11,8,1,BERT,Français,6.474156039728554
11,8,2,BERT,Français,10.675251122164402
11,8,3,BERT,Français,0.6820912988941946
11,8,4,BERT,Français,6.779951344632392
11,8,6,BERT,Français,13.035076975300603
11,8,8,BERT,Français,6.990561918508264
11,8,10,BERT,Français,13.704713382810512
11,9,1,BERT,Français,8.014410266558956
11,9,2,BERT,Français,12.229161721111591
11,9,3,BERT,Français,2.2108786312771938
11,9,4,BERT,Français,7.627136268019505
11,9,6,BERT,Français,8.924358949167988
11,9,7,BERT,Français,2.958272845349347
11,9,8,BERT,Français,7.453173584307574
11,9,9,BERT,Français,7.106611898093766
11,9,10,BERT,Français,18.135174369258703
11,10,1,BERT,Français,7.582575208014553
11,10,2,BERT,Français,12.859960367816333
11,10,3,BERT,Français,3.205796254981859
11,10,4,BERT,Français,5.324033386521071
11,10,6,BERT,Français,12.120280841565622
11,10,8,BERT,Français,9.189950318612853
11,10,9,BERT,Français,9.27010039033771
11,10,10,BERT,Français,15.46838854357231
11,11,1,BERT,Français,7.727719060813151
11,11,2,BERT,Français,11.131947355943243
11,11,3,BERT,Français,2.437428222011482
11,11,4,BERT,Français,7.626475806014275
11,11,6,BERT,Français,7.3546825053996425
11,11,7,BERT,Français,2.64090651233771
11,11,8,BERT,Français,6.420484599714827
11,11,9,BERT,Français,4.2599732688473715
11,11,10,BERT,Français,18.332969258610085
11,12,1,BERT,Français,8.437624101577315
11,12,2,BERT,Français,10.008301535512398
11,12,3,BERT,Français,2.5040199695324237
11,12,4,BERT,Français,6.949502314726233
11,12,6,BERT,Français,11.05450740370165
11,12,8,BERT,Français,9.0548652827007
11,12,9,BERT,Français,8.67945544640617
11,12,10,BERT,Français,15.362210226001919
12,1,1,BERT,Français,12.088453946787563
12,1,2,BERT,Français,11.612894175839363
12,1,3,BERT,Français,4.478274970660316
12,1,4,BERT,Français,8.17816997519804
12,1,5,BERT,Français,11.72501195315481
12,1,6,BERT,Français,1.1344451154942288
12,1,7,BERT,Français,19.39308958963528
12,1,8,BERT,Français,10.932801019185977
12,1,10,BERT,Français,16.9818181625814
12,2,1,BERT,Français,12.685278335711736
12,2,2,BERT,Français,11.09815055162419
12,2,3,BERT,Français,4.065657632301834
12,2,4,BERT,Français,10.348285857130369
12,2,5,BERT,Français,12.278263074321528
12,2,6,BERT,Français,6.053327487548025
12,2,8,BERT,Français,10.299029402956172
12,2,10,BERT,Français,14.21529157738288
12,3,1,BERT,Français,12.951148479229314
12,3,2,BERT,Français,12.90800233274363
12,3,3,BERT,Français,5.503734392235452
12,3,4,BERT,Français,5.312164303256932
12,3,5,BERT,Français,12.053338641262126
12,3,6,BERT,Français,1.4145728769804304
12,3,7,BERT,Français,18.718834451537333
12,3,8,BERT,Français,11.38626987701829
12,3,10,BERT,Français,12.698743290156802
12,4,1,BERT,Français,13.048329672947355
12,4,2,BERT,Français,13.530568338063956
12,4,3,BERT,Français,5.654490661134084
12,4,4,BERT,Français,9.154583170657942
12,4,5,BERT,Français,11.597115577444438
12,4,6,BERT,Français,6.574514769243054
12,4,8,BERT,Français,11.510254182213707
12,4,10,BERT,Français,14.03672420770262
12,5,1,BERT,Français,11.362993784004427
12,5,2,BERT,Français,10.427409398493284
12,5,3,BERT,Français,2.8508540439145578
12,5,4,BERT,Français,2.0989513825536092
12,5,6,BERT,Français,2.3234486636188643
12,5,7,BERT,Français,18.727697700483404
12,5,8,BERT,Français,4.76686046441599
12,5,10,BERT,Français,14.118167303915246
12,6,1,BERT,Français,11.508595687667073
12,6,2,BERT,Français,11.791190978768286
12,6,3,BERT,Français,1.8176712726418776
12,6,4,BERT,Français,7.538617728867691
12,6,6,BERT,Français,5.829075094047741
12,6,8,BERT,Français,7.915472994382604
12,6,10,BERT,Français,10.954991960257136
12,7,1,BERT,Français,15.065212224606126
12,7,2,BERT,Français,12.716236904009738
12,7,3,BERT,Français,3.3068209492258505
12,7,4,BERT,Français,2.0811089273886907
12,7,6,BERT,Français,1.4371909196170267
12,7,7,BERT,Français,18.49083329607209
12,7,8,BERT,Français,5.052989526290462
12,7,10,BERT,Français,8.816799735471756
12,8,1,BERT,Français,14.712835779624982
12,8,2,BERT,Français,13.773554584794915
12,8,3,BERT,Français,2.4256604401989232
12,8,4,BERT,Français,7.053540939985783
12,8,6,BERT,Français,5.926286296940439
12,8,8,BERT,Français,9.910398228809205
12,8,10,BERT,Français,11.880019586197552
12,9,1,BERT,Français,11.368111461192765
12,9,2,BERT,Français,9.675375674397756
12,9,3,BERT,Français,1.0128492060920158
12,9,4,BERT,Français,4.279457001162279
12,9,6,BERT,Français,2.058000762793536
12,9,7,BERT,Français,9.281433470023304
12,9,8,BERT,Français,12.314767639010375
12,9,9,BERT,Français,2.415728232277667
12,9,10,BERT,Français,15.012182518044362
12,10,1,BERT,Français,11.459189444396332
12,10,2,BERT,Français,9.082226219289138
12,10,3,BERT,Français,0.8417180712086788
12,10,4,BERT,Français,6.1711043491759625
12,10,6,BERT,Français,7.610633605269576
12,10,8,BERT,Français,11.935058446636377
12,10,9,BERT,Français,2.2401380202690104
12,10,10,BERT,Français,15.86653790776767
12,11,1,BERT,Français,11.580807326992186
12,11,2,BERT,Français,13.086600326662824
12,11,3,BERT,Français,0.6496272872187101
12,11,4,BERT,Français,5.101605273245776
12,11,6,BERT,Français,0.7046999284296457
12,11,7,BERT,Français,11.461113783104432
12,11,8,BERT,Français,17.700517080161397
12,11,9,BERT,Français,2.3461116504322916
12,11,10,BERT,Français,15.916964019169782
12,12,1,BERT,Français,11.982215276983059
12,12,2,BERT,Français,11.782938065959982
12,12,3,BERT,Français,1.0655578310280611
12,12,4,BERT,Français,2.5901956525279006
12,12,6,BERT,Français,7.250123413668296
12,12,8,BERT,Français,11.9727640188954
12,12,9,BERT,Français,2.4925065687727703
12,12,10,BERT,Français,16.24994721279788
13,1,1,BERT,Français,11.360289672828445
13,1,2,BERT,Français,7.762480602831967
13,1,3,BERT,Français,0.24961665135112027
13,1,4,BERT,Français,5.939928009410702
13,1,5,BERT,Français,5.067419554705006
13,1,6,BERT,Français,1.4074130530648103
13,1,7,BERT,Français,6.753773764062564
13,1,8,BERT,Français,13.526600927798482
13,1,10,BERT,Français,13.616945062401955
13,2,1,BERT,Français,11.961457721509214
13,2,2,BERT,Français,7.80964132890471
13,2,3,BERT,Français,0.33857166476073874
13,2,4,BERT,Français,5.917585355575091
13,2,5,BERT,Français,4.714225147271109
13,2,6,BERT,Français,8.111343043981927
13,2,8,BERT,Français,14.251915585147295
13,2,10,BERT,Français,12.776096691727652
13,3,1,BERT,Français,11.714842070101055
13,3,2,BERT,Français,10.087124182668806
13,3,3,BERT,Français,4.626104810530532
13,3,4,BERT,Français,8.148951376417397
13,3,5,BERT,Français,6.092133148492167
13,3,6,BERT,Français,0.716555371628138
13,3,7,BERT,Français,5.75640207744774
13,3,8,BERT,Français,14.503205455366974
13,3,10,BERT,Français,13.278218649766382
13,4,1,BERT,Français,12.280547149889392
13,4,2,BERT,Français,10.087748747739663
13,4,3,BERT,Français,4.80503083717184
13,4,4,BERT,Français,8.425344691050547
13,4,5,BERT,Français,5.275533401818523
13,4,6,BERT,Français,7.44572827527227
13,4,8,BERT,Français,14.100001938575312
13,4,10,BERT,Français,13.859197371360793
13,5,1,BERT,Français,11.999067295681362
13,5,2,BERT,Français,6.296812447968475
13,5,3,BERT,Français,0.3755592619334887
13,5,4,BERT,Français,7.248182199232972
13,5,6,BERT,Français,1.0029996560041705
13,5,7,BERT,Français,5.091458490379123
13,5,8,BERT,Français,12.76058385615289
13,5,10,BERT,Français,11.761071107224838
13,6,1,BERT,Français,11.90792246273
13,6,2,BERT,Français,5.276809558045229
13,6,3,BERT,Français,0.647374328718006
13,6,4,BERT,Français,5.802064344273849
13,6,6,BERT,Français,6.900854802835499
13,6,8,BERT,Français,11.882919736858625
13,6,10,BERT,Français,12.441411010837413
13,7,1,BERT,Français,10.358806300547434
13,7,2,BERT,Français,8.134832639083381
13,7,3,BERT,Français,5.009678036109262
13,7,4,BERT,Français,7.971871352499278
13,7,6,BERT,Français,0.5189411602980724
13,7,7,BERT,Français,5.275746172300806
13,7,8,BERT,Français,12.892015619972472
13,7,10,BERT,Français,12.7516450191249
13,8,1,BERT,Français,12.4997269142567
13,8,2,BERT,Français,8.490697720127622
13,8,3,BERT,Français,5.047775358310111
13,8,4,BERT,Français,8.467847668226256
13,8,6,BERT,Français,7.286932910335176
13,8,8,BERT,Français,10.181521873680026
13,8,10,BERT,Français,12.008982612825404
13,9,1,BERT,Français,10.253996468452225
13,9,2,BERT,Français,8.890887671775667
13,9,3,BERT,Français,2.0895171041396563
13,9,4,BERT,Français,6.887808532476005
13,9,6,BERT,Français,1.0245893133372246
13,9,7,BERT,Français,6.787229790492289
13,9,8,BERT,Français,7.220099937822331
13,9,9,BERT,Français,5.279034673800827
13,9,10,BERT,Français,15.363547517567694
13,10,1,BERT,Français,10.688942851112206
13,10,2,BERT,Français,9.147720628815732
13,10,3,BERT,Français,3.035251527213553
13,10,4,BERT,Français,7.193886835552625
13,10,6,BERT,Français,7.831617551844604
13,10,8,BERT,Français,7.400255902164735
13,10,9,BERT,Français,6.758724809705762
13,10,10,BERT,Français,14.58442094301973
13,11,1,BERT,Français,10.991301082590626
13,11,2,BERT,Français,9.563450346049796
13,11,3,BERT,Français,2.3218421921107733
13,11,4,BERT,Français,8.340233460944514
13,11,6,BERT,Français,1.0411952654026244
13,11,7,BERT,Français,7.246318561982993
13,11,8,BERT,Français,7.115993580236081
13,11,9,BERT,Français,15.971155223038723
13,11,10,BERT,Français,16.10414953117952
13,12,1,BERT,Français,11.882815872717456
13,12,2,BERT,Français,9.483423846439068
13,12,3,BERT,Français,3.203654459316067
13,12,4,BERT,Français,8.310991015375157
13,12,6,BERT,Français,7.179072179039969
13,12,8,BERT,Français,8.030351752524947
13,12,9,BERT,Français,9.385899706915184
13,12,10,BERT,Français,14.997540681655028
14,1,1,BERT,Français,7.9549516193961765
14,1,2,BERT,Français,0.21282318134663586
14,1,3,BERT,Français,1.0056488940137756
14,1,4,BERT,Français,4.633192496903659
14,1,5,BERT,Français,9.423114357601428
14,1,6,BERT,Français,16.6265906414821
14,1,7,BERT,Français,4.603121150436747
14,1,8,BERT,Français,9.824606391107558
14,1,10,BERT,Français,17.99207380702687
14,2,1,BERT,Français,7.7963815086934805
14,2,2,BERT,Français,0.32349267371578616
14,2,3,BERT,Français,1.6144690616258512
14,2,4,BERT,Français,5.017978926747225
14,2,5,BERT,Français,12.924399749205572
14,2,6,BERT,Français,17.644338122652755
14,2,8,BERT,Français,8.217917114980034
14,2,10,BERT,Français,17.860183257652032
14,3,1,BERT,Français,9.452004447396158
14,3,2,BERT,Français,4.583865582530607
14,3,3,BERT,Français,4.579356881788546
14,3,4,BERT,Français,8.255239235730365
14,3,5,BERT,Français,5.084847760444086
14,3,6,BERT,Français,17.49994080178718
14,3,7,BERT,Français,3.4649634125412936
14,3,8,BERT,Français,8.45989325092502
14,3,10,BERT,Français,15.775004440550363
14,4,1,BERT,Français,9.944120336782206
14,4,2,BERT,Français,3.8752927199002944
14,4,3,BERT,Français,4.3480123150053895
14,4,4,BERT,Français,8.26111814127582
14,4,5,BERT,Français,11.834200832435917
14,4,6,BERT,Français,20.39645741166966
14,4,8,BERT,Français,9.814721959481142
14,4,10,BERT,Français,17.59362395587059
14,5,1,BERT,Français,7.4476551365195816
14,5,2,BERT,Français,0.3752353275110657
14,5,3,BERT,Français,0.21554706661787026
14,5,4,BERT,Français,3.5394202443924594
14,5,6,BERT,Français,17.502583632698144
14,5,7,BERT,Français,3.6944524047773046
14,5,8,BERT,Français,6.974250265374596
14,5,10,BERT,Français,13.962651288399126
14,6,1,BERT,Français,8.151070427320079
14,6,2,BERT,Français,0.10812991266345436
14,6,3,BERT,Français,0.2800975634174257
14,6,4,BERT,Français,3.430106389434758
14,6,6,BERT,Français,18.52510704760844
14,6,8,BERT,Français,7.938651387865167
14,6,10,BERT,Français,14.84449352597288
14,7,1,BERT,Français,8.41883493944083
14,7,2,BERT,Français,8.37756315840465
14,7,3,BERT,Français,3.036784984540517
14,7,4,BERT,Français,8.81459339826675
14,7,6,BERT,Français,17.098411615284625
14,7,7,BERT,Français,5.155251333895859
14,7,8,BERT,Français,5.377359180770584
14,7,10,BERT,Français,13.410856473961243
14,8,1,BERT,Français,9.865709372515205
14,8,2,BERT,Français,5.162312017375429
14,8,3,BERT,Français,3.652315108801031
14,8,4,BERT,Français,4.6770817624821905
14,8,6,BERT,Français,17.951059035957208
14,8,8,BERT,Français,5.6125229748032766
14,8,10,BERT,Français,13.862426715519609
14,9,1,BERT,Français,7.135901629693808
14,9,2,BERT,Français,6.804715963059191
14,9,3,BERT,Français,1.9378138375508265
14,9,4,BERT,Français,9.439178688378805
14,9,6,BERT,Français,16.52425123367334
14,9,7,BERT,Français,2.0100749281301815
14,9,8,BERT,Français,12.556557990840325
14,9,9,BERT,Français,7.861003314099925
14,9,10,BERT,Français,16.198381524232804
14,10,1,BERT,Français,7.973111212998229
14,10,2,BERT,Français,5.95148734995243
14,10,3,BERT,Français,1.7888923849292222
14,10,4,BERT,Français,7.729474393908346
14,10,6,BERT,Français,20.855088970896134
14,10,8,BERT,Français,12.310090939271507
14,10,9,BERT,Français,7.919796956390109
14,10,10,BERT,Français,13.537492984541
14,11,1,BERT,Français,7.808638913793473
14,11,2,BERT,Français,5.087192875246744
14,11,3,BERT,Français,2.925753659083318
14,11,4,BERT,Français,9.136782314219692
14,11,6,BERT,Français,17.340961276115475
14,11,7,BERT,Français,2.7152320867398876
14,11,8,BERT,Français,10.390469647973378
14,11,9,BERT,Français,8.512651588803513
14,11,10,BERT,Français,15.632923110669136
14,12,1,BERT,Français,8.532569824580559
14,12,2,BERT,Français,4.997656061765242
14,12,3,BERT,Français,2.2493015995578234
14,12,4,BERT,Français,9.682923359765502
14,12,6,BERT,Français,21.78458253556411
14,12,8,BERT,Français,10.92580544376602
14,12,9,BERT,Français,7.444423559529848
14,12,10,BERT,Français,15.162581104610979
15,1,1,BERT,Français,10.114934671189749
15,1,2,BERT,Français,3.304753226607675
15,1,3,BERT,Français,0.5462813719254777
15,1,4,BERT,Français,7.186804494180767
15,1,5,BERT,Français,8.508776268119986
15,1,6,BERT,Français,4.268630623045199
15,1,7,BERT,Français,3.227174303559488
15,1,8,BERT,Français,2.0863649456522255
15,1,10,BERT,Français,13.143008635869691
15,2,1,BERT,Français,8.890630971820242
15,2,2,BERT,Français,2.2658274919384715
15,2,3,BERT,Français,3.1765972856462046
15,2,4,BERT,Français,14.991923812423622
15,2,5,BERT,Français,10.709758359878563
15,2,6,BERT,Français,6.9983390880794625
15,2,8,BERT,Français,9.634920298057326
15,2,10,BERT,Français,15.998336854879199
15,3,1,BERT,Français,10.319052059919324
15,3,2,BERT,Français,6.11851500428791
15,3,3,BERT,Français,3.734184250450791
15,3,4,BERT,Français,11.690437189587882
15,3,5,BERT,Français,7.2993573036927
15,3,6,BERT,Français,4.906908578656528
15,3,7,BERT,Français,2.743077255371597
15,3,8,BERT,Français,1.4500971468358257
15,3,10,BERT,Français,14.890803322466281
15,4,1,BERT,Français,10.072753178551052
15,4,2,BERT,Français,8.20561269234896
15,4,3,BERT,Français,2.8648672182961907
15,4,4,BERT,Français,17.198352812321758
15,4,5,BERT,Français,11.22244738517228
15,4,6,BERT,Français,8.484813065671876
15,4,8,BERT,Français,10.117245766681304
15,4,10,BERT,Français,16.349097265465147
15,5,1,BERT,Français,8.788868613717566
15,5,2,BERT,Français,3.2684110276007177
15,5,3,BERT,Français,1.089622328344986
15,5,4,BERT,Français,5.005064912335247
15,5,6,BERT,Français,3.328243535562479
15,5,7,BERT,Français,2.2154950465794006
15,5,8,BERT,Français,2.448914770447267
15,5,10,BERT,Français,13.436141342223761
15,6,1,BERT,Français,7.58417546485238
15,6,2,BERT,Français,2.002012309904966
15,6,3,BERT,Français,0.9008967097586206
15,6,4,BERT,Français,11.805415208925375
15,6,6,BERT,Français,6.336756257482818
15,6,8,BERT,Français,8.578404723569108
15,6,10,BERT,Français,10.778754815001873
15,7,1,BERT,Français,11.344555096287268
15,7,2,BERT,Français,6.05583299183865
15,7,3,BERT,Français,1.3582260545765428
15,7,4,BERT,Français,5.115020346196879
15,7,6,BERT,Français,3.654937132708855
15,7,7,BERT,Français,1.3697277638966143
15,7,8,BERT,Français,2.4592382693500165
15,7,10,BERT,Français,11.298890604573202
15,8,1,BERT,Français,11.639513752555006
15,8,2,BERT,Français,7.621248996756997
15,8,3,BERT,Français,0.3196911318732435
15,8,4,BERT,Français,7.655490066290875
15,8,6,BERT,Français,6.78233806752159
15,8,8,BERT,Français,6.552005981038218
15,8,10,BERT,Français,12.651614383020787
15,9,1,BERT,Français,8.11362717570891
15,9,2,BERT,Français,2.970810184660548
15,9,3,BERT,Français,0.6301429710716622
15,9,4,BERT,Français,7.714365667330487
15,9,6,BERT,Français,2.965754656923858
15,9,7,BERT,Français,3.053520949788442
15,9,8,BERT,Français,2.1345657511437115
15,9,9,BERT,Français,5.820810712375048
15,9,10,BERT,Français,19.535434432726948
15,10,1,BERT,Français,8.38160049413295
15,10,2,BERT,Français,3.3331857964316813
15,10,3,BERT,Français,4.837063232188154
15,10,4,BERT,Français,13.636154526132893
15,10,6,BERT,Français,5.195126315757489
15,10,8,BERT,Français,12.272209349503143
15,10,9,BERT,Français,6.729769272493407
15,10,10,BERT,Français,20.1223839073869
15,11,1,BERT,Français,8.054685394313188
15,11,2,BERT,Français,4.936317410371209
15,11,3,BERT,Français,3.148417358044172
15,11,4,BERT,Français,5.147356961585564
15,11,6,BERT,Français,2.9053246623183058
15,11,7,BERT,Français,1.721914577214613
15,11,8,BERT,Français,1.3074866564993817
15,11,9,BERT,Français,5.000508470309273
15,11,10,BERT,Français,19.669418700131015
15,12,1,BERT,Français,8.232567267900661
15,12,2,BERT,Français,5.988549381735834
15,12,3,BERT,Français,7.154653907212033
15,12,4,BERT,Français,12.061841575585518
15,12,6,BERT,Français,5.102278324893767
15,12,8,BERT,Français,13.468426972826032
15,12,9,BERT,Français,7.458491534605012
15,12,10,BERT,Français,19.2515243778526
16,1,1,BERT,Français,10.87200489211482
16,1,2,BERT,Français,0.39241570346232313
16,1,3,BERT,Français,0.04073452395892763
16,1,4,BERT,Français,9.173780108208161
16,1,5,BERT,Français,10.491356748425593
16,1,6,BERT,Français,7.6206664544729525
16,1,7,BERT,Français,7.344348636005711
16,1,8,BERT,Français,6.164170281307472
16,1,10,BERT,Français,14.915861829994045
16,2,1,BERT,Français,11.765478698305795
16,2,2,BERT,Français,0.2349577746107601
16,2,3,BERT,Français,0.05315626655183416
16,2,4,BERT,Français,14.606101072950265
16,2,5,BERT,Français,14.29012832509761
16,2,6,BERT,Français,14.48554261053677
16,2,8,BERT,Français,1.458847125028242
16,2,10,BERT,Français,16.1066066206686
16,3,1,BERT,Français,9.973749106634905
16,3,2,BERT,Français,3.849596182211601
16,3,3,BERT,Français,1.755674784788297
16,3,4,BERT,Français,9.747419016322286
16,3,5,BERT,Français,8.630248382482584
16,3,6,BERT,Français,7.493681279622263
16,3,7,BERT,Français,7.285833524449587
16,3,8,BERT,Français,5.639142201929503
16,3,10,BERT,Français,15.34901665172483
16,4,1,BERT,Français,11.552797942122199
16,4,2,BERT,Français,3.818144232195243
16,4,3,BERT,Français,2.068873864876899
16,4,4,BERT,Français,15.200986422993223
16,4,5,BERT,Français,14.644027005531253
16,4,6,BERT,Français,13.81092878042841
16,4,8,BERT,Français,1.4041373590540394
16,4,10,BERT,Français,18.212437349494046
16,5,1,BERT,Français,10.59220335358831
16,5,2,BERT,Français,0.19470129300340017
16,5,3,BERT,Français,0.05768506426778456
16,5,4,BERT,Français,8.274671294745868
16,5,6,BERT,Français,8.753485391103476
16,5,7,BERT,Français,5.872298753701827
16,5,8,BERT,Français,10.810609147600951
16,5,10,BERT,Français,13.071615362673377
16,6,1,BERT,Français,9.579170331046875
16,6,2,BERT,Français,0.30635980495802195
16,6,3,BERT,Français,0.06597814096587275
16,6,4,BERT,Français,10.977624397501433
16,6,6,BERT,Français,15.247157048829855
16,6,8,BERT,Français,7.7093248275693895
16,6,10,BERT,Français,15.88981589354645
16,7,1,BERT,Français,10.628574422621623
16,7,2,BERT,Français,4.795682894742239
16,7,3,BERT,Français,0.8136014422520238
16,7,4,BERT,Français,7.168542654679488
16,7,6,BERT,Français,7.493021188857225
16,7,7,BERT,Français,7.276086732832071
16,7,8,BERT,Français,10.28236833723624
16,7,10,BERT,Français,14.166428202557594
16,8,1,BERT,Français,9.008991265691467
16,8,2,BERT,Français,3.341205923619339
16,8,3,BERT,Français,1.393705834783396
16,8,4,BERT,Français,10.472226047283725
16,8,6,BERT,Français,14.370053242280063
16,8,8,BERT,Français,5.358696583864587
16,8,10,BERT,Français,17.847410478926076
16,9,1,BERT,Français,12.051661734205194
16,9,2,BERT,Français,6.898909157654974
16,9,3,BERT,Français,1.3622835110445182
16,9,4,BERT,Français,11.22410754852015
16,9,6,BERT,Français,10.24437186315527
16,9,7,BERT,Français,8.704109460773463
16,9,8,BERT,Français,7.0292299421793265
16,9,9,BERT,Français,12.46603013851216
16,9,10,BERT,Français,17.005697756877396
16,10,1,BERT,Français,12.455281718174831
16,10,2,BERT,Français,6.964467738959672
16,10,3,BERT,Français,0.9859999681549244
16,10,4,BERT,Français,11.873446284133882
16,10,6,BERT,Français,16.60405630622195
16,10,8,BERT,Français,5.021872969455711
16,10,9,BERT,Français,12.796820499094618
16,10,10,BERT,Français,17.367282524817572
16,11,1,BERT,Français,10.207269866368211
16,11,2,BERT,Français,5.405083395303428
16,11,3,BERT,Français,1.4309336277034193
16,11,4,BERT,Français,10.255609585074476
16,11,6,BERT,Français,9.04323675351518
16,11,7,BERT,Français,7.400937662317958
16,11,8,BERT,Français,6.689839212959954
16,11,9,BERT,Français,13.815185026038225
16,11,10,BERT,Français,17.816767623506042
16,12,1,BERT,Français,10.733686261238974
16,12,2,BERT,Français,5.433640821550731
16,12,3,BERT,Français,3.3190487343953996
16,12,4,BERT,Français,10.235053007714415
16,12,6,BERT,Français,16.258974282475524
16,12,8,BERT,Français,5.102945964871846
16,12,9,BERT,Français,13.61262381947904
16,12,10,BERT,Français,17.72792556030718
17,1,1,BERT,Français,15.264564830988672
17,1,2,BERT,Français,9.410646020110176
17,1,3,BERT,Français,0.5818437011981813
17,1,4,BERT,Français,5.329069455556633
17,1,5,BERT,Français,5.043180311678244
17,1,6,BERT,Français,6.541774014323691
17,1,7,BERT,Français,7.709877066108611
17,1,8,BERT,Français,10.132170973630032
17,1,10,BERT,Français,13.934160211075815
17,2,1,BERT,Français,13.822643120898734
17,2,2,BERT,Français,9.770110809781
17,2,3,BERT,Français,0.977067559367428
17,2,4,BERT,Français,7.2184518808397184
17,2,5,BERT,Français,5.8166676568681215
17,2,6,BERT,Français,17.517348224953704
17,2,8,BERT,Français,17.90930071945521
17,2,10,BERT,Français,14.340095539760814
17,3,1,BERT,Français,15.747933033401154
17,3,2,BERT,Français,14.250538997521627
17,3,3,BERT,Français,1.763137340662024
17,3,4,BERT,Français,9.148263823837006
17,3,5,BERT,Français,9.372803903773551
17,3,6,BERT,Français,10.05371399170875
17,3,7,BERT,Français,10.186996545063801
17,3,8,BERT,Français,11.050787669033637
17,3,10,BERT,Français,14.017935392575
17,4,1,BERT,Français,16.733695412850288
17,4,2,BERT,Français,15.63579492934048
17,4,3,BERT,Français,0.6929272135290032
17,4,4,BERT,Français,9.71314461600686
17,4,5,BERT,Français,7.142212207699363
17,4,6,BERT,Français,17.59201215316148
17,4,8,BERT,Français,18.222023365112136
17,4,10,BERT,Français,14.38878210241147
17,5,1,BERT,Français,14.135844089179164
17,5,2,BERT,Français,9.849352766770162
17,5,3,BERT,Français,0.32304886810041716
17,5,4,BERT,Français,5.921514279577
17,5,6,BERT,Français,4.7339529687178095
17,5,7,BERT,Français,5.127134369734232
17,5,8,BERT,Français,10.830201889115749
17,5,10,BERT,Français,11.344233790933485
17,6,1,BERT,Français,14.920142372906827
17,6,2,BERT,Français,10.96407329835051
17,6,3,BERT,Français,0.8824364753669269
17,6,4,BERT,Français,7.5007336417005
17,6,6,BERT,Français,11.100501458205887
17,6,8,BERT,Français,13.235837477785186
17,6,10,BERT,Français,14.642213916621987
17,7,1,BERT,Français,16.58398764553296
17,7,2,BERT,Français,14.974401474844395
17,7,3,BERT,Français,3.491886437164134
17,7,4,BERT,Français,8.651751636854703
17,7,6,BERT,Français,9.27787487499272
17,7,7,BERT,Français,8.424506339431302
17,7,8,BERT,Français,12.384818396867862
17,7,10,BERT,Français,12.286804712123846
17,8,1,BERT,Français,17.52297180007503
17,8,2,BERT,Français,15.149645170985279
17,8,3,BERT,Français,0.10999684998127061
17,8,4,BERT,Français,9.091905386320375
17,8,6,BERT,Français,10.81340134968796
17,8,8,BERT,Français,15.55076834081515
17,8,10,BERT,Français,14.05889318385462
17,9,1,BERT,Français,16.748588092984715
17,9,2,BERT,Français,13.962071552234423
17,9,3,BERT,Français,1.3292352796984515
17,9,4,BERT,Français,6.478912287902172
17,9,6,BERT,Français,5.647289342147996
17,9,7,BERT,Français,11.114111146919313
17,9,8,BERT,Français,9.095750446927056
17,9,9,BERT,Français,13.295655690388962
17,9,10,BERT,Français,17.188143215453234
17,10,1,BERT,Français,13.729198819621642
17,10,2,BERT,Français,14.432563183566243
17,10,3,BERT,Français,1.408855032941255
17,10,4,BERT,Français,7.101156377576776
17,10,6,BERT,Français,8.58273077506036
17,10,8,BERT,Français,11.75992973560125
17,10,9,BERT,Français,11.809728901915694
17,10,10,BERT,Français,15.535112912885152
17,11,1,BERT,Français,16.360324775894007
17,11,2,BERT,Français,14.626640428484919
17,11,3,BERT,Français,2.5183647419705872
17,11,4,BERT,Français,7.281799629103
17,11,6,BERT,Français,6.330643770659932
17,11,7,BERT,Français,10.073930902997693
17,11,8,BERT,Français,12.595660606819832
17,11,9,BERT,Français,13.703524976111394
17,11,10,BERT,Français,14.659051628792229
17,12,1,BERT,Français,16.345596145393852
17,12,2,BERT,Français,15.263531383698009
17,12,3,BERT,Français,2.8270393756909753
17,12,4,BERT,Français,7.776213178615684
17,12,6,BERT,Français,9.348739685848265
17,12,8,BERT,Français,14.539733350236238
17,12,9,BERT,Français,12.23260091236856
17,12,10,BERT,Français,16.388504263509862
18,1,1,BERT,Français,9.148628577669085
18,1,2,BERT,Français,7.093578832874945
18,1,3,BERT,Français,1.9223543146577373
18,1,4,BERT,Français,5.026798910285087
18,1,5,BERT,Français,11.779353915120538
18,1,6,BERT,Français,12.325505121280994
18,1,7,BERT,Français,12.825317327431797
18,1,8,BERT,Français,14.271616292069394
18,1,10,BERT,Français,18.947801629053455
18,2,1,BERT,Français,8.41710058707138
18,2,2,BERT,Français,6.409057461356694
18,2,3,BERT,Français,2.364731578770037
18,2,4,BERT,Français,3.1352161114010686
18,2,5,BERT,Français,10.292667411093369
18,2,6,BERT,Français,10.120741805732699
18,2,8,BERT,Français,14.151653762540924
18,2,10,BERT,Français,20.143646475090215
18,3,1,BERT,Français,9.296123244550131
18,3,2,BERT,Français,8.172178669363626
18,3,3,BERT,Français,3.563628774483
18,3,4,BERT,Français,3.624616876366369
18,3,5,BERT,Français,8.136948341603079
18,3,6,BERT,Français,8.493104818346426
18,3,7,BERT,Français,12.035947036821632
18,3,8,BERT,Français,14.04033556361207
18,3,10,BERT,Français,17.265209561496
18,4,1,BERT,Français,9.7978781196624
18,4,2,BERT,Français,8.30747803662233
18,4,3,BERT,Français,1.4894127981126515
18,4,4,BERT,Français,3.8259075777773544
18,4,5,BERT,Français,11.480212717742738
18,4,6,BERT,Français,13.247349343022973
18,4,8,BERT,Français,15.428881585295866
18,4,10,BERT,Français,18.625695697872285
18,5,1,BERT,Français,7.618697867314902
18,5,2,BERT,Français,7.057470371452613
18,5,3,BERT,Français,1.1804925166879878
18,5,4,BERT,Français,4.5860264766701615
18,5,6,BERT,Français,5.711184465147997
18,5,7,BERT,Français,12.934391085572228
18,5,8,BERT,Français,13.596450771153108
18,5,10,BERT,Français,19.459774506796016
18,6,1,BERT,Français,7.573105430340046
18,6,2,BERT,Français,7.444843117304688
18,6,3,BERT,Français,1.6994012415337927
18,6,4,BERT,Français,3.0548061510737923
18,6,6,BERT,Français,10.00515043197445
18,6,8,BERT,Français,13.792280964049144
18,6,10,BERT,Français,15.715140889909069
18,7,1,BERT,Français,7.682058462413973
18,7,2,BERT,Français,8.15036907563508
18,7,3,BERT,Français,3.0355149370396837
18,7,4,BERT,Français,4.4176808850660745
18,7,6,BERT,Français,9.501341642889809
18,7,7,BERT,Français,11.942890585013746
18,7,8,BERT,Français,14.211965264377863
18,7,10,BERT,Français,20.701596023052304
18,8,1,BERT,Français,8.544489155068824
18,8,2,BERT,Français,8.456017120311806
18,8,3,BERT,Français,1.671041215283284
18,8,4,BERT,Français,3.3559585761644013
18,8,6,BERT,Français,13.442919888735814
18,8,8,BERT,Français,15.639728770578285
18,8,10,BERT,Français,16.11375287536799
18,9,1,BERT,Français,5.754104688320858
18,9,2,BERT,Français,11.834673721924268
18,9,3,BERT,Français,0.4567972732331672
18,9,4,BERT,Français,4.961409664479994
18,9,6,BERT,Français,4.970502467238799
18,9,7,BERT,Français,14.315851627337793
18,9,8,BERT,Français,19.938845562001656
18,9,9,BERT,Français,20.325853215141013
18,9,10,BERT,Français,20.01564056454305
18,10,1,BERT,Français,6.102690542933262
18,10,2,BERT,Français,11.165668321089694
18,10,3,BERT,Français,0.5289573088141447
18,10,4,BERT,Français,5.284293088495062
18,10,6,BERT,Français,8.943320614334533
18,10,8,BERT,Français,19.393904679705717
18,10,9,BERT,Français,20.610116759109598
18,10,10,BERT,Français,18.86426676310252
18,11,1,BERT,Français,5.899144562149164
18,11,2,BERT,Français,8.56356395818377
18,11,3,BERT,Français,0.08905137332651626
18,11,4,BERT,Français,4.789291205410103
18,11,6,BERT,Français,3.7845985334901124
18,11,7,BERT,Français,11.847807394121421
18,11,8,BERT,Français,19.336588697972168
18,11,9,BERT,Français,21.75166442039038
18,11,10,BERT,Français,18.914776369648095
18,12,1,BERT,Français,6.613149062032228
18,12,2,BERT,Français,9.271118631767983
18,12,3,BERT,Français,0.06302901748284008
18,12,4,BERT,Français,4.583909663226056
18,12,6,BERT,Français,9.673528131831624
18,12,8,BERT,Français,19.31132730161017
18,12,9,BERT,Français,21.471899464613763
18,12,10,BERT,Français,18.165436557791043
19,1,1,BERT,Français,1.1095139784507149
19,1,2,BERT,Français,0.1220832816506959
19,1,3,BERT,Français,1.8928183704216217
19,1,4,BERT,Français,9.677486319856522
19,1,5,BERT,Français,5.082791291593301
19,1,6,BERT,Français,2.6956176208756517
19,1,7,BERT,Français,5.895304956859595
19,1,8,BERT,Français,1.3738812572965964
19,1,10,BERT,Français,13.03430553435341
19,2,1,BERT,Français,5.6618149001773475
19,2,2,BERT,Français,0.24952045205676338
19,2,3,BERT,Français,1.0017432370230996
19,2,4,BERT,Français,9.84164949290803
19,2,5,BERT,Français,4.393986598226866
19,2,6,BERT,Français,11.311274805067741
19,2,8,BERT,Français,3.1173152556501993
19,2,10,BERT,Français,14.61593944465867
19,3,1,BERT,Français,0.8873718273816726
19,3,2,BERT,Français,1.7347352136210816
19,3,3,BERT,Français,4.643659933298329
19,3,4,BERT,Français,10.960933366906518
19,3,5,BERT,Français,5.43556904026903
19,3,6,BERT,Français,2.481754344363963
19,3,7,BERT,Français,5.598342345570801
19,3,8,BERT,Français,1.0600045118268038
19,3,10,BERT,Français,13.909550748247742
19,4,1,BERT,Français,5.093576997797496
19,4,2,BERT,Français,3.6146436430624513
19,4,3,BERT,Français,4.602136867003142
19,4,4,BERT,Français,10.555603188326284
19,4,5,BERT,Français,5.093586540225718
19,4,6,BERT,Français,12.076515547416895
19,4,8,BERT,Français,2.9667247168035047
19,4,10,BERT,Français,14.49334956230079
19,5,1,BERT,Français,1.3662168471450544
19,5,2,BERT,Français,0.09499391348837488
19,5,3,BERT,Français,1.4243345040392028
19,5,4,BERT,Français,14.085167088103294
19,5,6,BERT,Français,4.140070109722963
19,5,7,BERT,Français,4.96609613634661
19,5,8,BERT,Français,1.9238873844797566
19,5,10,BERT,Français,11.52755791776891
19,6,1,BERT,Français,7.2832572423144555
19,6,2,BERT,Français,0.2721875416037665
19,6,3,BERT,Français,0.30493210732041
19,6,4,BERT,Français,17.478954713820805
19,6,6,BERT,Français,8.741293803548611
19,6,8,BERT,Français,2.7768533616614866
19,6,10,BERT,Français,13.000038352640921
19,7,1,BERT,Français,1.9038703901247767
19,7,2,BERT,Français,1.8601589066667341
19,7,3,BERT,Français,5.563794895431293
19,7,4,BERT,Français,15.678848787899797
19,7,6,BERT,Français,5.3731955654860615
19,7,7,BERT,Français,5.904118031174134
19,7,8,BERT,Français,2.475613122026118
19,7,10,BERT,Français,12.069557262142725
19,8,1,BERT,Français,5.351405538998186
19,8,2,BERT,Français,3.285497048912945
19,8,3,BERT,Français,3.948401710487334
19,8,4,BERT,Français,13.855562222954454
19,8,6,BERT,Français,7.2463712974017795
19,8,8,BERT,Français,3.3411413265476204
19,8,10,BERT,Français,12.844735505120697
19,9,1,BERT,Français,3.4228856229321094
19,9,2,BERT,Français,4.833722427253581
19,9,3,BERT,Français,2.4559088384142553
19,9,4,BERT,Français,11.339212808162802
19,9,6,BERT,Français,5.091783683490176
19,9,7,BERT,Français,8.571490563062651
19,9,8,BERT,Français,6.507531138472618
19,9,9,BERT,Français,19.097958834318735
19,9,10,BERT,Français,18.89085498383989
19,10,1,BERT,Français,7.0661925732020165
19,10,2,BERT,Français,4.963917296736512
19,10,3,BERT,Français,3.4133161776461076
19,10,4,BERT,Français,14.734016470955632
19,10,6,BERT,Français,9.54312674839624
19,10,8,BERT,Français,6.860789198803845
19,10,9,BERT,Français,20.128658726028128
19,10,10,BERT,Français,18.012539070218107
19,11,1,BERT,Français,3.5126275434813192
19,11,2,BERT,Français,3.7067530319914903
19,11,3,BERT,Français,1.595052063301362
19,11,4,BERT,Français,10.856837913948816
19,11,6,BERT,Français,4.821755200378094
19,11,7,BERT,Français,7.2415939757234575
19,11,8,BERT,Français,6.939065646629581
19,11,9,BERT,Français,18.55312103070578
19,11,10,BERT,Français,18.147856098765498
19,12,1,BERT,Français,7.7748706892608235
19,12,2,BERT,Français,4.203418295378775
19,12,3,BERT,Français,1.8365537786614017
19,12,4,BERT,Français,13.970201385627943
19,12,6,BERT,Français,9.56982133850756
19,12,8,BERT,Français,5.716108632567821
19,12,9,BERT,Français,20.3149204886358
19,12,10,BERT,Français,17.207372125406994
