{"items":[{"conditions":[{"condition_name":"CMPpl","regions":[{"content":"Roland","region_number":1},{"content":"points out to","region_number":2},{"content":"the offenders","region_number":3},{"content":"that","region_number":4},{"content":"the policeman","region_number":5},{"content":"has been intervening","region_number":6},{"content":"secretly","region_number":7},{"content":"for a month.","region_number":8}]},{"condition_name":"CMPsg","regions":[{"content":"Roland","region_number":1},{"content":"points out to","region_number":2},{"content":"the offender","region_number":3},{"content":"that","region_number":4},{"content":"the policeman","region_number":5},{"content":"has been intervening","region_number":6},{"content":"secretly","region_number":7},{"content":"for a month.","region_number":8}]},{"condition_name":"ORCpl","regions":[{"content":"Roland","region_number":1},{"content":"smiles to","region_number":2},{"content":"the offenders","region_number":3},{"content":"that","region_number":4},{"content":"the policeman","region_number":5},{"content":"has been investigating","region_number":6},{"content":"secretly","region_number":7},{"content":"for a month.","region_number":8}]},{"condition_name":"ORCsg","regions":[{"content":"Roland","region_number":1},{"content":"smiles to","region_number":2},{"content":"the offender","region_number":3},{"content":"that","region_number":4},{"content":"the policeman","region_number":5},{"content":"has been investigating","region_number":6},{"content":"secretly","region_number":7},{"content":"for a month.","region_number":8}]}],"item_number":1},{"conditions":[{"condition_name":"CMPpl","regions":[{"content":"Julia","region_number":1},{"content":"points out to","region_number":2},{"content":"the students","region_number":3},{"content":"that","region_number":4},{"content":"the speaker","region_number":5},{"content":"has been yawning","region_number":6},{"content":"frequently","region_number":7},{"content":"from the beginning.","region_number":8}]},{"condition_name":"CMPsg","regions":[{"content":"Julia","region_number":1},{"content":"points out to","region_number":2},{"content":"the student","region_number":3},{"content":"that","region_number":4},{"content":"the speaker","region_number":5},{"content":"has been yawning","region_number":6},{"content":"frequently","region_number":7},{"content":"from the beginning.","region_number":8}]},{"condition_name":"ORCpl","regions":[{"content":"Julia","region_number":1},{"content":"smiles to","region_number":2},{"content":"the students","region_number":3},{"content":"that","region_number":4},{"content":"the speaker","region_number":5},{"content":"has been putting to sleep","region_number":6},{"content":"seriously","region_number":7},{"content":"from the beginning.","region_number":8}]},{"condition_name":"ORCsg","regions":[{"content":"Julia","region_number":1},{"content":"smiles to","region_number":2},{"content":"the student","region_number":3},{"content":"that","region_number":4},{"content":"the speaker","region_number":5},{"content":"has been putting to sleep","region_number":6},{"content":"seriously","region_number":7},{"content":"from the beginning.","region_number":8}]}],"item_number":2},{"conditions":[{"condition_name":"CMPpl","regions":[{"content":"Paul","region_number":1},{"content":"explains to","region_number":2},{"content":"the voters","region_number":3},{"content":"that","region_number":4},{"content":"the politician","region_number":5},{"content":"has been lying","region_number":6},{"content":"shamelessly","region_number":7},{"content":"since the elections.","region_number":8}]},{"condition_name":"CMPsg","regions":[{"content":"Paul","region_number":1},{"content":"explains to","region_number":2},{"content":"the voter","region_number":3},{"content":"that","region_number":4},{"content":"the politician","region_number":5},{"content":"has been lying","region_number":6},{"content":"shamelessly","region_number":7},{"content":"since the elections.","region_number":8}]},{"condition_name":"ORCpl","regions":[{"content":"Paul","region_number":1},{"content":"thinks of","region_number":2},{"content":"the voters","region_number":3},{"content":"that","region_number":4},{"content":"the politician","region_number":5},{"content":"has disappointed","region_number":6},{"content":"deeply","region_number":7},{"content":"since the elections.","region_number":8}]},{"condition_name":"ORCsg","regions":[{"content":"Paul","region_number":1},{"content":"thinks of","region_number":2},{"content":"the voter","region_number":3},{"content":"that","region_number":4},{"content":"the politician","region_number":5},{"content":"has disappointed","region_number":6},{"content":"deeply","region_number":7},{"content":"since the elections.","region_number":8}]}],"item_number":3},{"conditions":[{"condition_name":"CMPpl","regions":[{"content":"Louise","region_number":1},{"content":"repeats to","region_number":2},{"content":"the girls","region_number":3},{"content":"that","region_number":4},{"content":"the witch","region_number":5},{"content":"makes grimaces","region_number":6},{"content":"on purpose","region_number":7},{"content":"for Halloween.","region_number":8}]},{"condition_name":"CMPsg","regions":[{"content":"Louise","region_number":1},{"content":"repeats to","region_number":2},{"content":"the girl","region_number":3},{"content":"that","region_number":4},{"content":"the witch","region_number":5},{"content":"makes grimaces","region_number":6},{"content":"on purpose","region_number":7},{"content":"for Halloween.","region_number":8}]},{"condition_name":"ORCpl","regions":[{"content":"Louise","region_number":1},{"content":"smiles to","region_number":2},{"content":"the girls","region_number":3},{"content":"that","region_number":4},{"content":"the witch","region_number":5},{"content":"frightens","region_number":6},{"content":"on purpose","region_number":7},{"content":"for Halloween.","region_number":8}]},{"condition_name":"ORCsg","regions":[{"content":"Louise","region_number":1},{"content":"smiles to","region_number":2},{"content":"the girl","region_number":3},{"content":"that","region_number":4},{"content":"the witch","region_number":5},{"content":"frightens","region_number":6},{"content":"on purpose","region_number":7},{"content":"for Halloween.","region_number":8}]}],"item_number":4},{"conditions":[{"condition_name":"CMPpl","regions":[{"content":"Laura","region_number":1},{"content":"says to","region_number":2},{"content":"the shepherds","region_number":3},{"content":"that","region_number":4},{"content":"the sheep","region_number":5},{"content":"is bleeting","region_number":6},{"content":"stupidly","region_number":7},{"content":"after the shearing.","region_number":8}]},{"condition_name":"CMPsg","regions":[{"content":"Laura","region_number":1},{"content":"says to","region_number":2},{"content":"the shepherd","region_number":3},{"content":"that","region_number":4},{"content":"the sheep","region_number":5},{"content":"is bleeting","region_number":6},{"content":"stupidly","region_number":7},{"content":"after the shearing.","region_number":8}]},{"condition_name":"ORCpl","regions":[{"content":"Laura","region_number":1},{"content":"smiles to","region_number":2},{"content":"the shepherds","region_number":3},{"content":"that","region_number":4},{"content":"the sheep","region_number":5},{"content":"is following","region_number":6},{"content":"stupidly","region_number":7},{"content":"after the shearing.","region_number":8}]},{"condition_name":"ORCsg","regions":[{"content":"Laura","region_number":1},{"content":"smiles to","region_number":2},{"content":"the shepherd","region_number":3},{"content":"that","region_number":4},{"content":"the sheep","region_number":5},{"content":"is following","region_number":6},{"content":"stupidly","region_number":7},{"content":"after the shearing.","region_number":8}]}],"item_number":5},{"conditions":[{"condition_name":"CMPpl","regions":[{"content":"Peter","region_number":1},{"content":"announces to","region_number":2},{"content":"the candidates","region_number":3},{"content":"that","region_number":4},{"content":"the jury","region_number":5},{"content":"will deliberate","region_number":6},{"content":"firmly","region_number":7},{"content":"after the audition.","region_number":8}]},{"condition_name":"CMPsg","regions":[{"content":"Peter","region_number":1},{"content":"announces to","region_number":2},{"content":"the candidate","region_number":3},{"content":"that","region_number":4},{"content":"the jury","region_number":5},{"content":"will deliberate","region_number":6},{"content":"firmly","region_number":7},{"content":"after the audition.","region_number":8}]},{"condition_name":"ORCpl","regions":[{"content":"Peter","region_number":1},{"content":"calls","region_number":2},{"content":"the candidates","region_number":3},{"content":"that","region_number":4},{"content":"the jury","region_number":5},{"content":"will wait for","region_number":6},{"content":"patiently","region_number":7},{"content":"after the audition.","region_number":8}]},{"condition_name":"ORCsg","regions":[{"content":"Peter","region_number":1},{"content":"calls","region_number":2},{"content":"the candidate","region_number":3},{"content":"that","region_number":4},{"content":"the jury","region_number":5},{"content":"will wait for","region_number":6},{"content":"patiently","region_number":7},{"content":"after the audition.","region_number":8}]}],"item_number":6},{"conditions":[{"condition_name":"CMPpl","regions":[{"content":"Mark","region_number":1},{"content":"repeats to","region_number":2},{"content":"the people","region_number":3},{"content":"that","region_number":4},{"content":"the unhappiness","region_number":5},{"content":"continues","region_number":6},{"content":"inevitably","region_number":7},{"content":"after the tragedy.","region_number":8}]},{"condition_name":"CMPsg","regions":[{"content":"Mark","region_number":1},{"content":"repeats to","region_number":2},{"content":"the population","region_number":3},{"content":"that","region_number":4},{"content":"the unhappiness","region_number":5},{"content":"continues","region_number":6},{"content":"inevitably","region_number":7},{"content":"after the tragedy.","region_number":8}]},{"condition_name":"ORCpl","regions":[{"content":"Mark","region_number":1},{"content":"thinks of","region_number":2},{"content":"the people","region_number":3},{"content":"that","region_number":4},{"content":"the unhappiness","region_number":5},{"content":"unites","region_number":6},{"content":"inevitably","region_number":7},{"content":"after the tragedy.","region_number":8}]},{"condition_name":"ORCsg","regions":[{"content":"Mark","region_number":1},{"content":"thinks of","region_number":2},{"content":"the population","region_number":3},{"content":"that","region_number":4},{"content":"the unhappiness","region_number":5},{"content":"unites","region_number":6},{"content":"inevitably","region_number":7},{"content":"after the tragedy.","region_number":8}]}],"item_number":7},{"conditions":[{"condition_name":"CMPpl","regions":[{"content":"Claire","region_number":1},{"content":"reminds","region_number":2},{"content":"the workers","region_number":3},{"content":"that","region_number":4},{"content":"the fireplace","region_number":5},{"content":"has been smoking","region_number":6},{"content":"a lot","region_number":7},{"content":"since the works.","region_number":8}]},{"condition_name":"CMPsg","regions":[{"content":"Claire","region_number":1},{"content":"reminds","region_number":2},{"content":"the worker","region_number":3},{"content":"that","region_number":4},{"content":"the fireplace","region_number":5},{"content":"has been smoking","region_number":6},{"content":"a lot","region_number":7},{"content":"since the works.","region_number":8}]},{"condition_name":"ORCpl","regions":[{"content":"Claire","region_number":1},{"content":"attracts","region_number":2},{"content":"the workers","region_number":3},{"content":"that","region_number":4},{"content":"the fireplace","region_number":5},{"content":"has blackened","region_number":6},{"content":"a lot","region_number":7},{"content":"since the works.","region_number":8}]},{"condition_name":"ORCsg","regions":[{"content":"Claire","region_number":1},{"content":"attracts","region_number":2},{"content":"the worker","region_number":3},{"content":"that","region_number":4},{"content":"the fireplace","region_number":5},{"content":"has blackened","region_number":6},{"content":"a lot","region_number":7},{"content":"since the works.","region_number":8}]}],"item_number":8},{"conditions":[{"condition_name":"CMPpl","regions":[{"content":"Patricia","region_number":1},{"content":"says to","region_number":2},{"content":"the customers","region_number":3},{"content":"that","region_number":4},{"content":"the hat","region_number":5},{"content":"is pleasing","region_number":6},{"content":"to the eye","region_number":7},{"content":"because of the feathers.","region_number":8}]},{"condition_name":"CMPsg","regions":[{"content":"Patricia","region_number":1},{"content":"says to","region_number":2},{"content":"the customer","region_number":3},{"content":"that","region_number":4},{"content":"the hat","region_number":5},{"content":"is pleasing","region_number":6},{"content":"to the eye","region_number":7},{"content":"because of the feathers.","region_number":8}]},{"condition_name":"ORCpl","regions":[{"content":"Patricia","region_number":1},{"content":"talks to","region_number":2},{"content":"the customers","region_number":3},{"content":"that","region_number":4},{"content":"the hat","region_number":5},{"content":"makes tall","region_number":6},{"content":"because of","region_number":7},{"content":"the feathers.","region_number":8}]},{"condition_name":"ORCsg","regions":[{"content":"Patricia","region_number":1},{"content":"talks to","region_number":2},{"content":"the customer","region_number":3},{"content":"that","region_number":4},{"content":"the hat","region_number":5},{"content":"makes tall","region_number":6},{"content":"because of","region_number":7},{"content":"the feathers.","region_number":8}]}],"item_number":9},{"conditions":[{"condition_name":"CMPpl","regions":[{"content":"Aude","region_number":1},{"content":"repeats to","region_number":2},{"content":"the athletes","region_number":3},{"content":"that","region_number":4},{"content":"the massage","region_number":5},{"content":"begins","region_number":6},{"content":"frequently","region_number":7},{"content":"after the training.","region_number":8}]},{"condition_name":"CMPsg","regions":[{"content":"Aude","region_number":1},{"content":"repeats to","region_number":2},{"content":"the athlete","region_number":3},{"content":"that","region_number":4},{"content":"the massage","region_number":5},{"content":"begins","region_number":6},{"content":"frequently","region_number":7},{"content":"after the training.","region_number":8}]},{"condition_name":"ORCpl","regions":[{"content":"Aude","region_number":1},{"content":"is liked by","region_number":2},{"content":"the athletes","region_number":3},{"content":"that","region_number":4},{"content":"the massage","region_number":5},{"content":"relaxes","region_number":6},{"content":"always","region_number":7},{"content":"after the training.","region_number":8}]},{"condition_name":"ORCsg","regions":[{"content":"Aude","region_number":1},{"content":"is liked by","region_number":2},{"content":"the athlete","region_number":3},{"content":"that","region_number":4},{"content":"the massage","region_number":5},{"content":"relaxes","region_number":6},{"content":"always","region_number":7},{"content":"after the training.","region_number":8}]}],"item_number":10},{"conditions":[{"condition_name":"CMPpl","regions":[{"content":"Luke","region_number":1},{"content":"tells","region_number":2},{"content":"the girls","region_number":3},{"content":"that","region_number":4},{"content":"the seducer","region_number":5},{"content":"has been chatting","region_number":6},{"content":"untiringly","region_number":7},{"content":"for an hour.","region_number":8}]},{"condition_name":"CMPsg","regions":[{"content":"Luke","region_number":1},{"content":"tells","region_number":2},{"content":"the girl","region_number":3},{"content":"that","region_number":4},{"content":"the seducer","region_number":5},{"content":"has been chatting","region_number":6},{"content":"untiringly","region_number":7},{"content":"for an hour.","region_number":8}]},{"condition_name":"ORCpl","regions":[{"content":"Luke","region_number":1},{"content":"thinks of","region_number":2},{"content":"the girls","region_number":3},{"content":"that","region_number":4},{"content":"the seducer","region_number":5},{"content":"has been addressing","region_number":6},{"content":"assiduously","region_number":7},{"content":"for an hour.","region_number":8}]},{"condition_name":"ORCsg","regions":[{"content":"Luke","region_number":1},{"content":"thinks of","region_number":2},{"content":"the girl","region_number":3},{"content":"that","region_number":4},{"content":"the seducer","region_number":5},{"content":"has been addressing","region_number":6},{"content":"assiduously","region_number":7},{"content":"for an hour.","region_number":8}]}],"item_number":11},{"conditions":[{"condition_name":"CMPpl","regions":[{"content":"Anne","region_number":1},{"content":"reminds","region_number":2},{"content":"the actors","region_number":3},{"content":"that","region_number":4},{"content":"the audience","region_number":5},{"content":"has been laughing","region_number":6},{"content":"frantically","region_number":7},{"content":"after each show.","region_number":8}]},{"condition_name":"CMPsg","regions":[{"content":"Anne","region_number":1},{"content":"reminds","region_number":2},{"content":"the actor","region_number":3},{"content":"that","region_number":4},{"content":"the audience","region_number":5},{"content":"has been laughing","region_number":6},{"content":"frantically","region_number":7},{"content":"after each show.","region_number":8}]},{"condition_name":"ORCpl","regions":[{"content":"Anne","region_number":1},{"content":"speaks to","region_number":2},{"content":"the actors","region_number":3},{"content":"that","region_number":4},{"content":"the audience","region_number":5},{"content":"has been applauding","region_number":6},{"content":"frantically","region_number":7},{"content":"after each show.","region_number":8}]},{"condition_name":"ORCsg","regions":[{"content":"Anne","region_number":1},{"content":"speaks to","region_number":2},{"content":"the actor","region_number":3},{"content":"that","region_number":4},{"content":"the audience","region_number":5},{"content":"has been applauding","region_number":6},{"content":"frantically","region_number":7},{"content":"after each show.","region_number":8}]}],"item_number":12},{"conditions":[{"condition_name":"CMPpl","regions":[{"content":"Joan","region_number":1},{"content":"reminds","region_number":2},{"content":"the neighbours","region_number":3},{"content":"that","region_number":4},{"content":"the excursion","region_number":5},{"content":"has falling","region_number":6},{"content":"happily","region_number":7},{"content":"at the end of the year.","region_number":8}]},{"condition_name":"CMPsg","regions":[{"content":"Joan","region_number":1},{"content":"reminds","region_number":2},{"content":"the neighbour","region_number":3},{"content":"that","region_number":4},{"content":"the excursion","region_number":5},{"content":"has falling","region_number":6},{"content":"happily","region_number":7},{"content":"at the end of the year.","region_number":8}]},{"condition_name":"ORCpl","regions":[{"content":"Joan","region_number":1},{"content":"speaks to","region_number":2},{"content":"the neighbours","region_number":3},{"content":"that","region_number":4},{"content":"the excursion","region_number":5},{"content":"has enthused","region_number":6},{"content":"wildly","region_number":7},{"content":"at the end of the year.","region_number":8}]},{"condition_name":"ORCsg","regions":[{"content":"Joan","region_number":1},{"content":"speaks to","region_number":2},{"content":"the neighbour","region_number":3},{"content":"that","region_number":4},{"content":"the excursion","region_number":5},{"content":"has enthused","region_number":6},{"content":"wildly","region_number":7},{"content":"at the end of the year.","region_number":8}]}],"item_number":13},{"conditions":[{"condition_name":"CMPpl","regions":[{"content":"Joan","region_number":1},{"content":"reminds","region_number":2},{"content":"the lawyers","region_number":3},{"content":"that","region_number":4},{"content":"the disappointment","region_number":5},{"content":"remains","region_number":6},{"content":"inevitably","region_number":7},{"content":"after the trial.","region_number":8}]},{"condition_name":"CMPsg","regions":[{"content":"Joan","region_number":1},{"content":"reminds","region_number":2},{"content":"the lawyer","region_number":3},{"content":"that","region_number":4},{"content":"the disappointment","region_number":5},{"content":"remains","region_number":6},{"content":"inevitably","region_number":7},{"content":"after the trial.","region_number":8}]},{"condition_name":"ORCpl","regions":[{"content":"Joan","region_number":1},{"content":"calls","region_number":2},{"content":"the lawyers","region_number":3},{"content":"that","region_number":4},{"content":"the disappointment","region_number":5},{"content":"frustrates","region_number":6},{"content":"inevitably","region_number":7},{"content":"after the trial.","region_number":8}]},{"condition_name":"ORCsg","regions":[{"content":"Joan","region_number":1},{"content":"calls","region_number":2},{"content":"the lawyer","region_number":3},{"content":"that","region_number":4},{"content":"the disappointment","region_number":5},{"content":"frustrates","region_number":6},{"content":"inevitably","region_number":7},{"content":"after the trial.","region_number":8}]}],"item_number":14},{"conditions":[{"condition_name":"CMPpl","regions":[{"content":"Sebastian","region_number":1},{"content":"reveals to","region_number":2},{"content":"the patients","region_number":3},{"content":"that","region_number":4},{"content":"the tranquilliser","region_number":5},{"content":"has been acting","region_number":6},{"content":"progressively","region_number":7},{"content":"for a year.","region_number":8}]},{"condition_name":"CMPsg","regions":[{"content":"Sebastian","region_number":1},{"content":"reveals to","region_number":2},{"content":"the patient","region_number":3},{"content":"that","region_number":4},{"content":"the tranquilliser","region_number":5},{"content":"has been acting","region_number":6},{"content":"progressively","region_number":7},{"content":"for a year.","region_number":8}]},{"condition_name":"ORCpl","regions":[{"content":"Sebastian","region_number":1},{"content":"smiles to","region_number":2},{"content":"the patients","region_number":3},{"content":"that","region_number":4},{"content":"the tranquilliser","region_number":5},{"content":"has been weakening","region_number":6},{"content":"progressively","region_number":7},{"content":"for a year.","region_number":8}]},{"condition_name":"ORCsg","regions":[{"content":"Sebastian","region_number":1},{"content":"smiles to","region_number":2},{"content":"the patient","region_number":3},{"content":"that","region_number":4},{"content":"the tranquilliser","region_number":5},{"content":"has been weakening","region_number":6},{"content":"progressively","region_number":7},{"content":"for a year.","region_number":8}]}],"item_number":15},{"conditions":[{"condition_name":"CMPpl","regions":[{"content":"Jerome","region_number":1},{"content":"points out to","region_number":2},{"content":"the prisoners","region_number":3},{"content":"that","region_number":4},{"content":"the warden","region_number":5},{"content":"comes","region_number":6},{"content":"noisily","region_number":7},{"content":"into the courtyard.","region_number":8}]},{"condition_name":"CMPsg","regions":[{"content":"Jerome","region_number":1},{"content":"points out to","region_number":2},{"content":"the prisoner","region_number":3},{"content":"that","region_number":4},{"content":"the warden","region_number":5},{"content":"comes","region_number":6},{"content":"noisily","region_number":7},{"content":"into the courtyard.","region_number":8}]},{"condition_name":"ORCpl","regions":[{"content":"Jerome","region_number":1},{"content":"talks to","region_number":2},{"content":"the prisoners","region_number":3},{"content":"that","region_number":4},{"content":"the warden","region_number":5},{"content":"lets out","region_number":6},{"content":"noisily","region_number":7},{"content":"into the courtyard.","region_number":8}]},{"condition_name":"ORCsg","regions":[{"content":"Jerome","region_number":1},{"content":"talks to","region_number":2},{"content":"the prisoner","region_number":3},{"content":"that","region_number":4},{"content":"the warden","region_number":5},{"content":"lets out","region_number":6},{"content":"noisily","region_number":7},{"content":"into the courtyard.","region_number":8}]}],"item_number":16},{"conditions":[{"condition_name":"CMPpl","regions":[{"content":"Benjamin","region_number":1},{"content":"reminds","region_number":2},{"content":"the teen-agers","region_number":3},{"content":"that","region_number":4},{"content":"the educator","region_number":5},{"content":"has been drinking","region_number":6},{"content":"frequently","region_number":7},{"content":"for a few years.","region_number":8}]},{"condition_name":"CMPsg","regions":[{"content":"Benjamin","region_number":1},{"content":"reminds","region_number":2},{"content":"the teen-ager","region_number":3},{"content":"that","region_number":4},{"content":"the educator","region_number":5},{"content":"has been drinking","region_number":6},{"content":"frequently","region_number":7},{"content":"for a few years.","region_number":8}]},{"condition_name":"ORCpl","regions":[{"content":"Benjamin","region_number":1},{"content":"thinks of","region_number":2},{"content":"the teen-agers","region_number":3},{"content":"that","region_number":4},{"content":"the educator","region_number":5},{"content":"has been beating","region_number":6},{"content":"often","region_number":7},{"content":"for a few years.","region_number":8}]},{"condition_name":"ORCsg","regions":[{"content":"Benjamin","region_number":1},{"content":"thinks of","region_number":2},{"content":"the teen-ager","region_number":3},{"content":"that","region_number":4},{"content":"the educator","region_number":5},{"content":"has been beating","region_number":6},{"content":"often","region_number":7},{"content":"for a few years.","region_number":8}]}],"item_number":17},{"conditions":[{"condition_name":"CMPpl","regions":[{"content":"Fred","region_number":1},{"content":"tells","region_number":2},{"content":"the children","region_number":3},{"content":"that","region_number":4},{"content":"the priest","region_number":5},{"content":"lhas been eaving","region_number":6},{"content":"happily","region_number":7},{"content":"after each service.","region_number":8}]},{"condition_name":"CMPsg","regions":[{"content":"Fred","region_number":1},{"content":"tells","region_number":2},{"content":"the child","region_number":3},{"content":"that","region_number":4},{"content":"the priest","region_number":5},{"content":"lhas been eaving","region_number":6},{"content":"happily","region_number":7},{"content":"after each service.","region_number":8}]},{"condition_name":"ORCpl","regions":[{"content":"Fred","region_number":1},{"content":"smiles to","region_number":2},{"content":"the children","region_number":3},{"content":"that","region_number":4},{"content":"the priest","region_number":5},{"content":"has been blessing","region_number":6},{"content":"happily","region_number":7},{"content":"after each service.","region_number":8}]},{"condition_name":"ORCsg","regions":[{"content":"Fred","region_number":1},{"content":"smiles to","region_number":2},{"content":"the child","region_number":3},{"content":"that","region_number":4},{"content":"the priest","region_number":5},{"content":"has been blessing","region_number":6},{"content":"happily","region_number":7},{"content":"after each service.","region_number":8}]}],"item_number":18},{"conditions":[{"condition_name":"CMPpl","regions":[{"content":"Charles","region_number":1},{"content":"explains to","region_number":2},{"content":"the victims","region_number":3},{"content":"that","region_number":4},{"content":"the treatment","region_number":5},{"content":"is starting","region_number":6},{"content":"slowly","region_number":7},{"content":"but surely.","region_number":8}]},{"condition_name":"CMPsg","regions":[{"content":"Charles","region_number":1},{"content":"explains to","region_number":2},{"content":"the victim","region_number":3},{"content":"that","region_number":4},{"content":"the treatment","region_number":5},{"content":"is starting","region_number":6},{"content":"slowly","region_number":7},{"content":"but surely.","region_number":8}]},{"condition_name":"ORCpl","regions":[{"content":"Charles","region_number":1},{"content":"smiles to","region_number":2},{"content":"the victims","region_number":3},{"content":"that","region_number":4},{"content":"the treatment","region_number":5},{"content":"is curing","region_number":6},{"content":"slowly","region_number":7},{"content":"but surely.","region_number":8}]},{"condition_name":"ORCsg","regions":[{"content":"Charles","region_number":1},{"content":"smiles to","region_number":2},{"content":"the victim","region_number":3},{"content":"that","region_number":4},{"content":"the treatment","region_number":5},{"content":"is curing","region_number":6},{"content":"slowly","region_number":7},{"content":"but surely.","region_number":8}]}],"item_number":19},{"conditions":[{"condition_name":"CMPpl","regions":[{"content":"Lise","region_number":1},{"content":"promises","region_number":2},{"content":"the women","region_number":3},{"content":"that","region_number":4},{"content":"the diet","region_number":5},{"content":"can be managed","region_number":6},{"content":"surprisingly","region_number":7},{"content":"easily.","region_number":8}]},{"condition_name":"CMPsg","regions":[{"content":"Lise","region_number":1},{"content":"promises","region_number":2},{"content":"the woman","region_number":3},{"content":"that","region_number":4},{"content":"the diet","region_number":5},{"content":"can be managed","region_number":6},{"content":"surprisingly","region_number":7},{"content":"easily.","region_number":8}]},{"condition_name":"ORCpl","regions":[{"content":"Lise","region_number":1},{"content":"speaks to","region_number":2},{"content":"the women","region_number":3},{"content":"whose weight","region_number":4},{"content":"the diet","region_number":5},{"content":"is reducing","region_number":6},{"content":"surprisingly","region_number":7},{"content":"easily.","region_number":8}]},{"condition_name":"ORCsg","regions":[{"content":"Lise","region_number":1},{"content":"speaks to","region_number":2},{"content":"the woman","region_number":3},{"content":"whose","region_number":4},{"content":"weight the diet","region_number":5},{"content":"is reducing","region_number":6},{"content":"surprisingly","region_number":7},{"content":"easily.","region_number":8}]}],"item_number":20},{"conditions":[{"condition_name":"CMPpl","regions":[{"content":"Giles","region_number":1},{"content":"reminds","region_number":2},{"content":"the workers","region_number":3},{"content":"that","region_number":4},{"content":"the effort","region_number":5},{"content":"will double","region_number":6},{"content":"inevitably","region_number":7},{"content":"with time.","region_number":8}]},{"condition_name":"CMPsg","regions":[{"content":"Giles","region_number":1},{"content":"reminds","region_number":2},{"content":"the worker","region_number":3},{"content":"that","region_number":4},{"content":"the effort","region_number":5},{"content":"will double","region_number":6},{"content":"inevitably","region_number":7},{"content":"with time.","region_number":8}]},{"condition_name":"ORCpl","regions":[{"content":"Giles","region_number":1},{"content":"speaks to","region_number":2},{"content":"the workers","region_number":3},{"content":"that","region_number":4},{"content":"the effort","region_number":5},{"content":"has been tiring","region_number":6},{"content":"inevitably","region_number":7},{"content":"with time.","region_number":8}]},{"condition_name":"ORCsg","regions":[{"content":"Giles","region_number":1},{"content":"speaks to","region_number":2},{"content":"the worker","region_number":3},{"content":"that","region_number":4},{"content":"the effort","region_number":5},{"content":"has been tiring","region_number":6},{"content":"inevitably","region_number":7},{"content":"with time.","region_number":8}]}],"item_number":21},{"conditions":[{"condition_name":"CMPpl","regions":[{"content":"Jack","region_number":1},{"content":"explains","region_number":2},{"content":"the owners","region_number":3},{"content":"that","region_number":4},{"content":"the stress","region_number":5},{"content":"arrives","region_number":6},{"content":"prematurely","region_number":7},{"content":"despite the anti-anxiety medications.","region_number":8}]},{"condition_name":"CMPsg","regions":[{"content":"Jack","region_number":1},{"content":"explains","region_number":2},{"content":"the owner","region_number":3},{"content":"that","region_number":4},{"content":"stress","region_number":5},{"content":"arrives","region_number":6},{"content":"prematurely","region_number":7},{"content":"despite the anti-anxiety medications.","region_number":8}]},{"condition_name":"ORCpl","regions":[{"content":"Jack","region_number":1},{"content":"thinks of","region_number":2},{"content":"the owners","region_number":3},{"content":"that","region_number":4},{"content":"the stress","region_number":5},{"content":"has been aging","region_number":6},{"content":"prematurely","region_number":7},{"content":"despite the anti-anxiety medications.","region_number":8}]},{"condition_name":"ORCsg","regions":[{"content":"Jack","region_number":1},{"content":"thinks of","region_number":2},{"content":"the owner","region_number":3},{"content":"that","region_number":4},{"content":"stress","region_number":5},{"content":"has been aging","region_number":6},{"content":"prematurely","region_number":7},{"content":"despite the anti-anxiety medications.","region_number":8}]}],"item_number":22},{"conditions":[{"condition_name":"CMPpl","regions":[{"content":"Patrick","region_number":1},{"content":"repeats to","region_number":2},{"content":"the families","region_number":3},{"content":"that","region_number":4},{"content":"the holidays","region_number":5},{"content":"last","region_number":6},{"content":"every year","region_number":7},{"content":"for ten days.","region_number":8}]},{"condition_name":"CMPsg","regions":[{"content":"Patrick","region_number":1},{"content":"repeats to","region_number":2},{"content":"the family","region_number":3},{"content":"that","region_number":4},{"content":"the holidays","region_number":5},{"content":"last","region_number":6},{"content":"every year","region_number":7},{"content":"for ten days.","region_number":8}]},{"condition_name":"ORCpl","regions":[{"content":"Patrick","region_number":1},{"content":"thinks of","region_number":2},{"content":"the families","region_number":3},{"content":"that","region_number":4},{"content":"the holidays","region_number":5},{"content":"have been reuniting","region_number":6},{"content":"every year","region_number":7},{"content":"for ten days.","region_number":8}]},{"condition_name":"ORCsg","regions":[{"content":"Patrick","region_number":1},{"content":"thinks of","region_number":2},{"content":"the family","region_number":3},{"content":"that","region_number":4},{"content":"the holidays","region_number":5},{"content":"have been reuniting","region_number":6},{"content":"every year","region_number":7},{"content":"for ten days.","region_number":8}]}],"item_number":23},{"conditions":[{"condition_name":"CMPpl","regions":[{"content":"Bernard","region_number":1},{"content":"Bernard","region_number":1},{"content":"reminds","region_number":2},{"content":"reminds","region_number":2},{"content":"the gamblers","region_number":3},{"content":"the gamblers","region_number":3},{"content":"that","region_number":4},{"content":"that","region_number":4},{"content":"the casino","region_number":5},{"content":"the casino","region_number":5},{"content":"ruins","region_number":6},{"content":"ruins","region_number":6},{"content":"unfortunately","region_number":7},{"content":"unfortunately","region_number":7},{"content":"very fast.","region_number":8},{"content":"very fast.","region_number":8}]},{"condition_name":"CMPsg","regions":[{"content":"Bernard","region_number":1},{"content":"Bernard","region_number":1},{"content":"reminds","region_number":2},{"content":"reminds","region_number":2},{"content":"the gambler","region_number":3},{"content":"the gambler","region_number":3},{"content":"that","region_number":4},{"content":"that","region_number":4},{"content":"the casino","region_number":5},{"content":"the casino","region_number":5},{"content":"ruins","region_number":6},{"content":"ruins","region_number":6},{"content":"unfortunately","region_number":7},{"content":"unfortunately","region_number":7},{"content":"very fast.","region_number":8},{"content":"very fast.","region_number":8}]},{"condition_name":"ORCpl","regions":[{"content":"Bernard","region_number":1},{"content":"Bernard","region_number":1},{"content":"remembers","region_number":2},{"content":"remembers","region_number":2},{"content":"the gamblers","region_number":3},{"content":"the gamblers","region_number":3},{"content":"that","region_number":4},{"content":"that","region_number":4},{"content":"the casino","region_number":5},{"content":"the casino","region_number":5},{"content":"ruins","region_number":6},{"content":"ruins","region_number":6},{"content":"unfortunately","region_number":7},{"content":"unfortunately","region_number":7},{"content":"very fast.","region_number":8},{"content":"very fast.","region_number":8}]},{"condition_name":"ORCsg","regions":[{"content":"Bernard","region_number":1},{"content":"Bernard","region_number":1},{"content":"remembers","region_number":2},{"content":"remembers","region_number":2},{"content":"the gambler","region_number":3},{"content":"the gambler","region_number":3},{"content":"that","region_number":4},{"content":"that","region_number":4},{"content":"the casino","region_number":5},{"content":"the casino","region_number":5},{"content":"ruins","region_number":6},{"content":"ruins","region_number":6},{"content":"unfortunately","region_number":7},{"content":"unfortunately","region_number":7},{"content":"very fast.","region_number":8},{"content":"very fast.","region_number":8}]}],"item_number":24}],"meta":{"author":"abc","comment":null,"metric":"sum","name":"ORC-CMP-comparaison","reference":""},"predictions":[{"formula":"(6;%ORCpl%)<(6;%ORCsg%)","type":"formula"}],"region_meta":{"1":"Sujet1","2":"Verbe1","3":"COI","4":"Complementeur","5":"Sujet2","6":"Verbe2","7":"Adverbe","8":"Complement"}}
