﻿1;1;français;Le policier;a découvert;que ;;;;le condamné;au crâne rasé;a introduit clandestinement;une arme à feu ;dans la prison .;;;;;
1;2;français;Le policier;a découvert;que ;;;;le condamné;au crâne rasé;a introduit clandestinement;;dans la prison .;;;;;
1;3;français;Le policier;a découvert;ce que;;;;le condamné;au crâne rasé;a introduit clandestinement;une arme à feu ;dans la prison .;;;;;
1;4;français;Le policier;a découvert;ce que;;;;le condamné;au crâne rasé;a introduit clandestinement;;dans la prison .;;;;;
1;5;français;Le policier;a découvert;que;l'émeute;a éclaté;après que;le condamné;;ait introduit clandestinement;une arme à feu ;dans la prison .;;;;;
1;6;français;Le policier;a découvert;que;l'émeute;a éclaté;après que;le condamné;;ait introduit clandestinement;;dans la prison .;;;;;
1;7;français;Le policier;a découvert;ce que;l'émeute;a éclaté;après que;le condamné;;ait introduit clandestinement;une arme à feu ;dans la prison .;;;;;
1;8;français;Le policier;a découvert;ce que;l'émeute;a éclaté;après que;le condamné;;ait introduit clandestinement;;dans la prison .;;;;;
2;1;français;Le propriétaire du magasin;s'est rendu compte;que;;;;le serveur;en veste blanche;a placé;une bougie ;près de la nappe .;;;;;
2;2;français;Le propriétaire du magasin;s'est rendu compte;que;;;;le serveur;en veste blanche;a placé;;près de la nappe .;;;;;
2;3;français;Le propriétaire du magasin;s'est rendu compte;ce que;;;;le serveur;en veste blanche;a placé;une bougie ;près de la nappe .;;;;;
2;4;français;Le propriétaire du magasin;s'est rendu compte;ce que;;;;le serveur;en veste blanche;a placé;;près de la nappe .;;;;;
2;5;français;Le propriétaire du magasin;s'est rendu compte;que;le feu;a commencé;après que;le serveur;;ait placé;une bougie ;près de la nappe .;;;;;
2;6;français;Le propriétaire du magasin;s'est rendu compte;que;le feu;a commencé;après que;le serveur;;ait placé;;près de la nappe .;;;;;
2;7;français;Le propriétaire du magasin;s'est rendu compte;ce que;le feu;a commencé;après que;le serveur;;ait placé;une bougie ;près de la nappe .;;;;;
2;8;français;Le propriétaire du magasin;s'est rendu compte;ce que;le feu;a commencé;après que;le serveur;;ait placé;;près de la nappe .;;;;;
3;1;français;Le comité;a demandé;que;;;;le banquier;de la grande entreprise;vende;une hypothèque avec un crédit défectueux .;avec un crédit défectueux .;;;;;
3;2;français;Le comité;a demandé;que;;;;le banquier;de la grande entreprise;vende;;avec un crédit défectueux .;;;;;
3;3;français;Le comité;a demandé;ce que;;;;le banquier;de la grande entreprise;vende;une hypothèque avec un crédit défectueux .;avec un crédit défectueux .;;;;;
3;4;français;Le comité;a demandé;ce que;;;;le banquier;de la grande entreprise;vende;;avec un crédit défectueux .;;;;;
3;5;français;Le comité;a demandé;que;le règlement;entre en vigueur;avant que;le banquier;;ne vende;une hypothèque avec un crédit défectueux .;avec un crédit défectueux .;;;;;
3;6;français;Le comité;a demandé;que;le règlement;entre en vigueur;avant que;le banquier;;ne vende;;avec un crédit défectueux .;;;;;
3;7;français;Le comité;a demandé;ce que;le règlement;entre en vigueur;avant que;le banquier;;ne vende;une hypothèque avec un crédit défectueux .;avec un crédit défectueux .;;;;;
3;8;français;Le comité;a demandé;ce que;le règlement;entre en vigueur;avant que;le banquier;;ne vende;;avec un crédit défectueux .;;;;;
4;1;français;Le premier partenaire;a dit;que;;;;le marin;en veste de pluie;tirait;une corde;de toutes ses forces .;;;;;
4;2;français;Le premier partenaire;a dit;que;;;;le marin;en veste de pluie;tirait;;de toutes ses forces .;;;;;
4;3;français;Le premier partenaire;a dit;ce que;;;;le marin;en veste de pluie;tirait;une corde;de toutes ses forces .;;;;;
4;4;français;Le premier partenaire;a dit;ce que;;;;le marin;en veste de pluie;tirait;;de toutes ses forces .;;;;;
4;5;français;Le premier partenaire;a dit;que;le capitaine;serrait la roue;pendant que;le marin;;tirait;une corde;de toutes ses forces .;;;;;
4;6;français;Le premier partenaire;a dit;que;le capitaine;serrait la roue;pendant que;le marin;;tirait;;de toutes ses forces .;;;;;
4;7;français;Le premier partenaire;a dit;ce que;le capitaine;serrait la roue;pendant que;le marin;;tirait;une corde;de toutes ses forces .;;;;;
4;8;français;Le premier partenaire;a dit;ce que;le capitaine;serrait la roue;pendant que;le marin;;tirait;;de toutes ses forces .;;;;;
5;1;français;Le journal;a déclaré;que;;;;le footballeur;de l'équipe rivale;a marqué;un but;a marqué durant le championnat .;;;;;
5;2;français;Le journal;a déclaré;que;;;;le footballeur;de l'équipe rivale;a marqué;;a marqué durant le championnat .;;;;;
5;3;français;Le journal;a déclaré;ce que;;;;le footballeur;de l'équipe rivale;a marqué;un but;a marqué durant le championnat .;;;;;
5;4;français;Le journal;a déclaré;ce que;;;;le footballeur;de l'équipe rivale;a marqué;;a marqué durant le championnat .;;;;;
5;5;français;Le journal;a déclaré;que;les fans;se sont révoltés;après que;le footballeur;;ait marqué;un but;a marqué durant le championnat .;;;;;
5;6;français;Le journal;a déclaré;que;les fans;se sont révoltés;après que;le footballeur;;ait marqué;;a marqué durant le championnat .;;;;;
5;7;français;Le journal;a déclaré;ce que;les fans;se sont révoltés;après que;le footballeur;;ait marqué;un but;a marqué durant le championnat .;;;;;
5;8;français;Le journal;a déclaré;ce que;les fans;se sont révoltés;après que;le footballeur;;ait marqué;;a marqué durant le championnat .;;;;;
6;1;français;Le mari;a vu;que;;;;la femme de ménage;du nouveau service de nettoyage;a cassé;un vase ;dans le couloir .;;;;;
6;2;français;Le mari;a vu;que;;;;la femme de ménage;du nouveau service de nettoyage;a cassé;;dans le couloir .;;;;;
6;3;français;Le mari;a vu;ce que;;;;la femme de ménage;du nouveau service de nettoyage;a cassé;un vase ;dans le couloir .;;;;;
6;4;français;Le mari;a vu;ce que;;;;la femme de ménage;du nouveau service de nettoyage;a cassé;;dans le couloir .;;;;;
6;5;français;Le mari;a vu;que;la femmme;;après que;la femme de ménage;;ait cassé;un vase ;dans le couloir .;;;;;
6;6;français;Le mari;a vu;que;la femmme;;après que;la femme de ménage;;ait cassé;;dans le couloir .;;;;;
6;7;français;Le mari;a vu;ce que;la femmme;;après que;la femme de ménage;;ait cassé;un vase ;dans le couloir .;;;;;
6;8;français;Le mari;a vu;ce que;la femmme;;après que;la femme de ménage;;ait cassé;;dans le couloir .;;;;;
7;1;français;L'administrateur;a découvert;que;;;;les étudiants  ;qui étaient tous très diligents;ont écrit;sur la philosophie ; pour leur mémoire .;;;;;
7;2;français;L'administrateur;a découvert;que;;;;les étudiants;qui étaient tous très diligents;ont écrit;; pour leur mémoire .;;;;;
7;3;français;L'administrateur;a découvert;ce que;;;;les étudiants;qui étaient tous très diligents;ont écrit;sur la philosophie ; pour leur mémoire .;;;;;
7;4;français;L'administrateur;a découvert;ce que;;;;les étudiants;qui étaient tous très diligents;ont écrit;; pour leur mémoire .;;;;;
7;5;français;L'administrateur;a découvert;que;le professeur;était impressionné;après que;les étudiants;;aient écrit;sur la philosophie ; pour leur mémoire .;;;;;
7;6;français;L'administrateur;a découvert;que;le professeur;était impressionné;après que;les étudiants;;aient écrit;; pour leur mémoire .;;;;;
7;7;français;L'administrateur;a découvert;ce que;le professeur;était impressionné;après que;les étudiants;;aient écrit;sur la philosophie ; pour leur mémoire .;;;;;
7;8;français;L'administrateur;a découvert;ce que;le professeur;était impressionné;après que;les étudiants;;aient écrit;; pour leur mémoire .;;;;;
8;1;français;Ma mère;s'est souvenue;que;;;;le pompier;qui a récemment commencé à travailler pour le département;a sauvé;son chat ;de l'immeuble en flammes .;;;;;
8;2;français;Ma mère;s'est souvenue;que;;;;le pompier;qui a récemment commencé à travailler pour le département;a sauvé;;de l'immeuble en flammes .;;;;;
8;3;français;Ma mère;s'est souvenue;ce que;;;;le pompier;qui a récemment commencé à travailler pour le département;a sauvé;son chat ;de l'immeuble en flammes .;;;;;
8;4;français;Ma mère;s'est souvenue;ce que;;;;le pompier;qui a récemment commencé à travailler pour le département;a sauvé;;de l'immeuble en flammes .;;;;;
8;5;français;Ma mère;s'est souvenue;que;cette dame;a failli avoir une crise cardiaque;après que;le pompier;;ait sauvé;son chat ;de l'immeuble en flammes .;;;;;
8;6;français;Ma mère;s'est souvenue;que;cette dame;a failli avoir une crise cardiaque;après que;le pompier;;ait sauvé;;de l'immeuble en flammes .;;;;;
8;7;français;Ma mère;s'est souvenue;ce que;cette dame;a failli avoir une crise cardiaque;après que;le pompier;;ait sauvé;son chat ;de l'immeuble en flammes .;;;;;
8;8;français;Ma mère;s'est souvenue;ce que;cette dame;a failli avoir une crise cardiaque;après que;le pompier;;ait sauvé;;de l'immeuble en flammes .;;;;;
9;1;français;Notre ami;a dit;que;;;;le client;qui n'avait jamais possédé de véhicule auparavant; a acheté;la nouvelle voiture; à crédit .;;;;;
9;2;français;Notre ami;a dit;que;;;;le client;qui n'avait jamais possédé de véhicule auparavant; a acheté;; à crédit .;;;;;
9;3;français;Notre ami;a dit;ce que;;;;le client;qui n'avait jamais possédé de véhicule auparavant; a acheté;la nouvelle voiture; à crédit .;;;;;
9;4;français;Notre ami;a dit;ce que;;;;le client;qui n'avait jamais possédé de véhicule auparavant; a acheté;; à crédit .;;;;;
9;5;français;Notre ami;a dit;que;le vendeur;avait fait un calcul rapide;avant que;le client;; ait acheté;la nouvelle voiture; à crédit .;;;;;
9;6;français;Notre ami;a dit;que;le vendeur;avait fait;avant que;le client;; ait acheté;; à crédit .;;;;;
9;7;français;Notre ami;a dit;ce que;le vendeur;avait fait;avant que;le client;; ait acheté;la nouvelle voiture à crédit .; à crédit .;;;;;
9;8;français;Notre ami;a dit;ce que;le vendeur;avait fait;avant que;le client;; ait acheté;; à crédit .;;;;;
10;1;français;Le mémoire;a raconté;que;;;;la joueuse de tennis; qui espérait gagner le tournoi de la grande île;pensait;à son service;avant le match .;;;;;
10;2;français;Le mémoire;a raconté;que;;;;la joueuse de tennis; qui espérait gagner le tournoi de la grande île;pensait;;avant le match .;;;;;
10;3;français;Le mémoire;a raconté;ce que;;;;la joueuse de tennis; qui espérait gagner le tournoi de la grande île;pensait;à son service;avant le match .;;;;;
10;4;français;Le mémoire;a raconté;ce que;;;;la joueuse de tennis; qui espérait gagner le tournoi de la grande île;pensait;;avant le match .;;;;;
10;5;français;Le mémoire;a raconté;que;l'entraîneur;a pris un verre d'eau;pendant que;la joueuse de tennis;;pensait;à son service;avant le match .;;;;;
10;6;français;Le mémoire;a raconté;que;l'entraîneur;a pris un verre d'eau;pendant que;la joueuse de tennis;;pensait;;avant le match .;;;;;
10;7;français;Le mémoire;a raconté;ce que;l'entraîneur;a pris un verre d'eau;pendant que;la joueuse de tennis;;pensait;à son service;avant le match .;;;;;
10;8;français;Le mémoire;a raconté;ce que;l'entraîneur;a pris un verre d'eau;pendant que;la joueuse de tennis;;pensait;;avant le match .;;;;;
11;1;français;Votre père;a remarqué;que;;;;l'auteur;que les fans adoraient ;signait;un exemplaire de son livre ;;;;;;
11;2;français;Votre père;a remarqué;que;;;;l'auteur;que les fans adoraient ;signait;;après la lecture .;;;;;
11;3;français;Votre père;a remarqué;ce que;;;;l'auteur;que les fans adoraient ;signait;un exemplaire de son livre ;après la lecture .;;;;;
11;4;français;Votre père;a remarqué;ce que;;;;l'auteur;que les fans adoraient ;signait;;après la lecture .;;;;;
11;5;français;Votre père;a remarqué;que;les reporters;prenaient des photos;pendant que;l'auteur;que les fans adoraient ;signait;un exemplaire de son livre ;après la lecture .;;;;;
11;6;français;Votre père;a remarqué;que;les reporters;prenaient des photos;pendant que;l'auteur;que les fans adoraient ;signait;;après la lecture .;;;;;
11;7;français;Votre père;a remarqué;ce que;les reporters;prenaient des photos;pendant que;l'auteur;que les fans adoraient ;signait;un exemplaire de son livre ;après la lecture .;;;;;
11;8;français;Votre père;a remarqué;ce que;les reporters;prenaient des photos;pendant que;l'auteur;que les fans adoraient ;signait;;après la lecture .;;;;;
12;1;français;Le rapport;a décrit;que;;;;le gardien du zoo;qui dormait au travail;a perdu la trace;d'un kangourou;au zoo .;;;;;
12;2;français;Le rapport;a décrit;que;;;;le gardien du zoo;qui dormait au travail;a perdu la trace;;au zoo .;;;;;
12;3;français;Le rapport;a décrit;ce que;;;;le gardien du zoo;qui dormait au travail;a perdu la trace;d'un kangourou;au zoo .;;;;;
12;4;français;Le rapport;a décrit;ce que;;;;le gardien du zoo;qui dormait au travail;a perdu la trace;;au zoo .;;;;;
12;5;français;Le rapport;a décrit;que;la police;a réagi rapidement;après que;le gardien du zoo;;ait perdu la trace;d'un kangourou;au zoo .;;;;;
12;6;français;Le rapport;a décrit;que;la police;a réagi rapidement;après que;le gardien du zoo;;ait perdu la trace;;au zoo .;;;;;
12;7;français;Le rapport;a décrit;ce que;la police;a réagi rapidement;après que;le gardien du zoo;;ait perdu la trace;d'un kangourou;au zoo .;;;;;
12;8;français;Le rapport;a décrit;ce que;la police;a réagi rapidement;après que;le gardien du zoo;;ait perdu la trace;;au zoo .;;;;;
13;1;français;Le journaliste;a déclaré;que;;;;les citoyens;qui se soucient de l'engagement civique;parlaient;de loi;à la réunion de la mairie .;;;;;
13;2;français;Le journaliste;a déclaré;que;;;;les citoyens;qui se soucient de l'engagement civique;parlaient;;à la réunion de la mairie .;;;;;
13;3;français;Le journaliste;a déclaré;ce que;;;;les citoyens;qui se soucient de l'engagement civique;parlaient;de loi;à la réunion de la mairie .;;;;;
13;4;français;Le journaliste;a déclaré;ce que;;;;les citoyens;qui se soucient de l'engagement civique;parlaient;;à la réunion de la mairie .;;;;;
13;5;français;Le journaliste;a déclaré;que;le maire;fumait un cigare;pendant que;les citoyens;;parlaient;de loi;à la réunion de la mairie .;;;;;
13;6;français;Le journaliste;a déclaré;que;le maire;fumait un cigare;pendant que;les citoyens;;parlaient;;à la réunion de la mairie .;;;;;
13;7;français;Le journaliste;a déclaré;ce que;le maire;fumait un cigare;pendant que;les citoyens;;parlaient;de loi;à la réunion de la mairie .;;;;;
13;8;français;Le journaliste;a déclaré;ce que;le maire;fumait un cigare;pendant que;les citoyens;;parlaient;;à la réunion de la mairie .;;;;;
14;1;français;L'assistant;s'est rendu compte;que;;;;l'infirmière;en uniforme blanc;réconfortait;le patient ;dans la salle d'attente .;;;;;
14;2;français;L'assistant;s'est rendu compte;que;;;;l'infirmière;en uniforme blanc;réconfortait;;dans la salle d'attente .;;;;;
14;3;français;L'assistant;s'est rendu compte;ce que;;;;l'infirmière;en uniforme blanc;réconfortait;le patient ;dans la salle d'attente .;;;;;
14;4;français;L'assistant;s'est rendu compte;ce que;;;;l'infirmière;en uniforme blanc;réconfortait;;dans la salle d'attente .;;;;;
14;5;français;L'assistant;s'est rendu compte;que;le médecin;faisait une sieste;pendant que;l'infirmière;;réconfortait;le patient ;dans la salle d'attente .;;;;;
14;6;français;L'assistant;s'est rendu compte;que;le médecin;faisait une sieste;pendant que;l'infirmière;;réconfortait;;dans la salle d'attente .;;;;;
14;7;français;L'assistant;s'est rendu compte;ce que;le médecin;faisait une sieste;pendant que;l'infirmière;;réconfortait;le patient ;dans la salle d'attente .;;;;;
14;8;français;L'assistant;s'est rendu compte;ce que;le médecin;faisait une sieste;pendant que;l'infirmière;;réconfortait;;dans la salle d'attente .;;;;;
15;1;français;Votre ami;a dit;que;;;;le bibliothécaire;avec les lunettes en plastique épaisses;a placé;le livre ;sur la mauvaise étagère .;;;;;
15;2;français;Votre ami;a dit;que;;;;le bibliothécaire;avec les lunettes en plastique épaisses;a placé;;sur la mauvaise étagère .;;;;;
15;3;français;Votre ami;a dit;ce que;;;;le bibliothécaire;avec les lunettes en plastique épaisses;a placé;le livre ;sur la mauvaise étagère .;;;;;
15;4;français;Votre ami;a dit;ce que;;;;le bibliothécaire;avec les lunettes en plastique épaisses;a placé;;sur la mauvaise étagère .;;;;;
15;5;français;Votre ami;a dit;que;le patron;s'est fâché;après que;le bibliothécaire;;ait placé;le livre ;sur la mauvaise étagère .;;;;;
15;6;français;Votre ami;a dit;que;le patron;s'est fâché;après que;le bibliothécaire;;ait placé;;sur la mauvaise étagère .;;;;;
15;7;français;Votre ami;a dit;ce que;le patron;s'est fâché;après que;le bibliothécaire;;ait placé;le livre ;sur la mauvaise étagère .;;;;;
15;8;français;Votre ami;a dit;ce que;le patron;s'est fâché;après que;le bibliothécaire;;ait placé;;sur la mauvaise étagère .;;;;;
16;1;français;Le témoin;s'est rendu compte;que;;;;les avocats;en costumes et cravates sombres;déchiraient;les documents;tard dans la nuit .;;;;;
16;2;français;Le témoin;s'est rendu compte;que;;;;les avocats;en costumes et cravates sombres;déchiraient;;tard dans la nuit .;;;;;
16;3;français;Le témoin;s'est rendu compte;ce que;;;;les avocats;en costumes et cravates sombres;déchiraient;les documents;tard dans la nuit .;;;;;
16;4;français;Le témoin;s'est rendu compte;ce que;;;;les avocats;en costumes et cravates sombres;déchiraient;;tard dans la nuit .;;;;;
16;5;français;Le témoin;s'est rendu compte;que;les stagiaires;faisaient du café;pendant que;les avocats;;déchiraient;les documents;tard dans la nuit .;;;;;
16;6;français;Le témoin;s'est rendu compte;que;les stagiaires;faisaient du café;pendant que;les avocats;;déchiraient;;tard dans la nuit .;;;;;
16;7;français;Le témoin;s'est rendu compte;ce que;les stagiaires;faisaient du café;pendant que;les avocats;;déchiraient;les documents tard dans la nuit .;tard dans la nuit .;;;;;
16;8;français;Le témoin;s'est rendu compte;ce que;les stagiaires;faisaient du café;pendant que;les avocats;;déchiraient;;tard dans la nuit .;;;;;
17;1;français;L'article;disait;que;;;;le chef;originaire de France préparait;préparait;la soupe ;avant la ruée du dîner .;;;;;
17;2;français;L'article;disait;que;;;;le chef;originaire de France préparait;préparait;;avant la ruée du dîner .;;;;;.
17;3;français;L'article;disait;ce que;;;;le chef;originaire de France préparait;préparait;la soupe ;avant la ruée du dîner .;;;;;
17;4;français;L'article;disait;ce que;;;;le chef;originaire de France préparait;préparait;;avant la ruée du dîner .;;;;;
17;5;français;L'article;disait;que;le serveur;mettait la table;pendant que;le chef;;préparait;la soupe ;avant la ruée du dîner .;;;;;
17;6;français;L'article;disait;que;le serveur;mettait la table;pendant que;le chef;;préparait;;avant la ruée du dîner .;;;;;
17;7;français;L'article;disait;ce que;le serveur;mettait la table;pendant que;le chef;;préparait;la soupe ;avant la ruée du dîner .;;;;;
17;8;français;L'article;disait;ce que;le serveur;mettait la table;pendant que;le chef;;préparait;;avant la ruée du dîner .;;;;;
18;1;français;La compagnie d'assurance;a conclu;que;;;;le chauffeur de taxi;avec la casquette à carreaux;a heurté;le cerf;pendant qu'il conduisait imprudemment .;;;;;
18;2;français;La compagnie d'assurance;a conclu;que;;;;le chauffeur de taxi;avec la casquette à carreaux;a heurté;;pendant qu'il conduisait imprudemment .;;;;;
18;3;français;La compagnie d'assurance;a conclu;ce que;;;;le chauffeur de taxi;avec la casquette à carreaux;a heurté;le cerf;pendant qu'il conduisait imprudemment .;;;;;
18;4;français;La compagnie d'assurance;a conclu;ce que;;;;le chauffeur de taxi;avec la casquette à carreaux;a heurté;;pendant qu'il conduisait imprudemment .;;;;;
18;5;français;La compagnie d'assurance;a conclu;que;le camionneur;a dévié;après que;le chauffeur de taxi;;ait heurté;le cerf;pendant qu'il conduisait imprudemment .;;;;;
18;6;français;La compagnie d'assurance;a conclu;que;le camionneur;a dévié;après que;le chauffeur de taxi;;ait heurté;;pendant qu'il conduisait imprudemment .;;;;;
18;7;français;La compagnie d'assurance;a conclu;ce que;le camionneur;a dévié;après que;le chauffeur de taxi;;ait heurté;le cerf;pendant qu'il conduisait imprudemment .;;;;;
18;8;français;La compagnie d'assurance;a conclu;ce que;le camionneur;a dévié;après que;le chauffeur de taxi;;ait heurté;;pendant qu'il conduisait imprudemment .;;;;;
19;1;français;La compagnie d'assurance;s'est rendu compte;que;;;;le cambrioleur;qui s'est fait passer pour un visiteur;volait;le cerf;pendant qu'il conduisait imprudemment .;;;;;
19;2;français;Le directeur du musée;s'est rendu compte;que;;;;le cambrioleur;qui s'est fait passer pour un visiteur;volait;;la nuit dernière .;;;;;
19;3;français;Le directeur du musée;s'est rendu compte;ce que;;;;le cambrioleur;qui s'est fait passer pour un visiteur;volait;le tableau ;la nuit dernière .;;;;;
19;4;français;Le directeur du musée;s'est rendu compte;ce que;;;;le cambrioleur;qui s'est fait passer pour un visiteur;volait;;la nuit dernière .;;;;;
19;5;français;Le directeur du musée;s'est rendu compte;que;le gardien de sécurité;somnolait;pendant que;le cambrioleur;;volait;le tableau ;la nuit dernière .;;;;;
19;6;français;Le directeur du musée;s'est rendu compte;que;le gardien de sécurité;somnolait;pendant que;le cambrioleur;;volait;;la nuit dernière .;;;;;
19;7;français;Le directeur du musée;s'est rendu compte;ce que;le gardien de sécurité;somnolait;pendant que;le cambrioleur;;volait;le tableau ;la nuit dernière .;;;;;
19;8;français;Le directeur du musée;s'est rendu compte;ce que;le gardien de sécurité;somnolait;pendant que;le cambrioleur;;volait;;la nuit dernière .;;;;;