numero,variable,langue,phrase
1,1,français,Le policier a découvert que le condamné au crâne rasé a introduit clandestinement une arme à feu dans la prison .
2,1,français,Le propriétaire du magasin s'est rendu compte que le serveur en veste blanche a placé une bougie près de la nappe .
3,1,français,Le comité a demandé que le banquier de la grande entreprise vende une hypothèque avec un crédit défectueux .
4,1,français,Le premier partenaire a dit que le marin en veste de pluie a tiré une corde de toutes ses forces. 
5,1,français,Le journal a déclaré que le footballeur de l'équipe rivale a marqué un but durant le championnat . 
6,1,français,Le mari a vu que la femme de ménage du nouveau service de nettoyage a cassé un vase dans le couloir .
7,1,français,L'administrateur a découvert que les étudiants qui étaient tous très diligents ont écrit sur la philosophie pour leur mémoire .
8,1,français,Ma mère s'est souvenue que le pompier qui a récemment commencé à travailler pour le département a sauvé son chat de l'immeuble en flammes .
9,1,français,Notre ami a dit que le client qui n'avait jamais possédé de véhicule auparavant a offert la nouvelle voiture à crédit .
10,1,français,Le mémoire a raconté que la joueuse de tennis qui espérait gagner le tournoi de la grande île pensait à son service avant le match .
11,1,français,Votre père a remarqué que l'auteur que les fans adoraient a signé un exemplaire de son livre après la lecture .
12,1,français,Le rapport a décrit que le gardien du zoo qui dormait au travail a perdu la trace d'un kangourou au zoo .
13,1,français,Le journaliste a déclaré que les citoyens qui se soucient de l'engagement civique ont parlé d'un nouveau projet de loi à la réunion de la mairie .
14,1,français,L'assistant s'est rendu compte que l'infirmière en uniforme blanc réconfortait le patient dans la salle d'attente .
15,1,français,Votre ami a dit que le bibliothécaire avec les lunettes en plastique épaisses a placé le livre sur la mauvaise étagère .
16,1,français,Le témoin s'est rendu compte que les avocats en costumes et cravates sombres ont déchiré les documents tard dans la nuit .
17,1,français,L'article disait que le chef qui était originaire de France préparait la soupe avant la ruée du dîner * L'article disait que le chef qui était originaire de France préparait avant la ruée du dîner .
18,1,français,La compagnie d'assurance a conclu que le chauffeur de taxi avec la casquette à carreaux a heurté le cerf pendant qu'il conduisait imprudemment .
19,1,français,Le directeur du musée s'est rendu compte que le cambrioleur qui s'est fait passer pour un visiteur a volé le tableau la nuit dernière .
1,2,français,* Le policier a découvert que le condamné au crâne rasé a introduit clandestinement dans la prison . 
2,2,français,* Le propriétaire du magasin s'est rendu compte que le serveur en veste blanche a placé près de la nappe .
3,2,français,* Le comité a demandé que le banquier de la grande entreprise vende avec un crédit défectueux . 
4,2,français,* Le premier partenaire a dit que le marin en veste de pluie a tiré de toutes ses forces .
5,2,français,* Le journal a déclaré que le footballeur de l'équipe rivale a marqué durant le championnat .
6,2,français,* Le mari a vu que la femme de ménage du nouveau service de nettoyage a cassé dans le couloir . 
7,2,français,* L'administrateur a découvert que les étudiants qui étaient tous très diligents ont écrit sur pour leur mémoire .
8,2,français,* Ma mère s'est souvenue que le pompier qui a récemment commencé à travailler pour le département a sauvé de l'immeuble en flammes . 
9,2,français,* Notre ami a dit que le client qui n'avait jamais possédé de véhicule auparavant a offert à crédit 
10,2,français,* Le mémoire a raconté que la joueuse de tennis qui espérait gagner le tournoi de la grande île pensait avant le match .
11,2,français,* Votre père a remarqué que l'auteur que les fans adoraient a signé après la lecture .
12,2,français,* Le rapport a décrit que le gardien du zoo qui dormait au travail a perdu la trace de au zoo .
13,2,français,* Le journaliste a déclaré que les citoyens qui se soucient de l'engagement civique ont parlé de à la réunion de la mairie . 
14,2,français,* L'assistant s'est rendu compte que l'infirmière en uniforme blanc réconfortait dans la salle d'attente . 
15,2,français,* Votre ami a dit que le bibliothécaire avec les lunettes en plastique épaisses a placé sur la mauvaise étagère . 
16,2,français,* Le témoin s'est rendu compte que les avocats en costumes et cravates sombres ont déchiré tard dans la nuit .
17,2,français,* L'article disait ce que le chef qui était originaire de France préparait la soupe avant la ruée du dîner . 
18,2,français,* La compagnie d'assurance a conclu que le chauffeur de taxi avec la casquette à carreaux a heurté pendant qu'il conduisait imprudemment . 
19,2,français,* Le directeur du musée s'est rendu compte que le cambrioleur qui s'est fait passer pour un visiteur a volé la nuit dernière . 
1,3,français,* Le policier a découvert ce que le condamné au crâne rasé a introduit clandestinement une arme à feu dans la prison .
2,3,français,* Le propriétaire du magasin s'est rendu compte ce que le serveur en veste blanche a placé une bougie près de la nappe .
3,3,français,* Le comité a demandé ce que le banquier de la grande entreprise vende une hypothèque avec un crédit défectueux .
4,3,français,* Le premier partenaire a dit ce que le marin en veste de pluie a tiré une corde de toutes ses forces . 
5,3,français,* Le journal a déclaré ce que le footballeur de l'équipe rivale a marqué un but durant le championnat .
6,3,français,* Le mari a vu ce que la femme de ménage du nouveau service de nettoyage a cassé un vase dans le couloir .
7,3,français,* L'administrateur a découvert ce que les étudiants qui étaient tous très diligents ont écrit sur la philosophie pour leur mémoire .
8,3,français,* Ma mère s'est souvenue ce que le pompier qui a récemment commencé à travailler pour le département a sauvé son chat de l'immeuble en flammes .
9,3,français,* Notre ami a dit ce que le client qui n'avait jamais possédé de véhicule auparavant a offert la nouvelle voiture à crédit .
10,3,français,* Le mémoire a raconté ce que la joueuse de tennis qui espérait gagner le tournoi de la grande île pensait à son service avant le match .
11,3,français,* Votre père a remarqué ce que l'auteur que les fans adoraient a signé un exemplaire de son livre après la lecture . 
12,3,français,* Le rapport a décrit ce que le gardien du zoo qui dormait au travail a perdu la trace d'un kangourou au zoo . 
13,3,français,* Le journaliste a déclaré ce que les citoyens qui se soucient de l'engagement civique ont parlé d'un nouveau projet de loi à la réunion de la mairie .
14,3,français,* L'assistant s'est rendu compte ce que l'infirmière en uniforme blanc réconfortait le patient dans la salle d'attente .
15,3,français,* Votre ami a dit ce que le bibliothécaire avec les lunettes en plastique épaisses a placé le livre sur la mauvaise étagère .
16,3,français,* Le témoin s'est rendu compte ce que les avocats en costumes et cravates sombres ont déchiré les documents tard dans la nuit .
17,3,français,L'article disait ce que le chef qui était originaire de France préparait avant la ruée du dîner . L'article disait que le serveur mettait la table pendant que le chef préparait la soupe avant la ruée du dîner .
18,3,français,* La compagnie d'assurance a conclu ce que le chauffeur de taxi avec la casquette à carreaux a heurté le cerf pendant qu'il conduisait imprudemment .
19,3,français,* Le directeur du musée s'est rendu compte ce que le cambrioleur qui s'est fait passer pour un visiteur a volé le tableau la nuit dernière .
1,4,français,Le policier a découvert ce que le condamné au crâne rasé a introduit clandestinement dans la prison . 
2,4,français,Le propriétaire du magasin s'est rendu compte ce que le serveur en veste blanche a placé près de la nappe .
3,4,français,Le comité a demandé ce que le banquier de la grande entreprise vende avec un crédit défectueux 
4,4,français,Le premier partenaire a dit ce que le marin en veste de pluie a tiré de toutes ses forces .
5,4,français,Le journal a déclaré ce que le footballeur de l'équipe rivale a marqué durant le championnat .
6,4,français,Le mari a vu ce que la femme de ménage du nouveau service de nettoyage a cassé dans le couloir . 
7,4,français,L'administrateur a découvert ce que les étudiants qui étaient tous très diligents ont écrit sur pour leur mémoire .
8,4,français,Ma mère s'est souvenue ce que le pompier qui a récemment commencé à travailler pour le département a sauvé de l'immeuble en flammes . 
9,4,français,Notre ami a dit ce que le client qui n'avait jamais possédé de véhicule auparavant a offert à crédit .
10,4,français,Le mémoire a raconté ce que la joueuse de tennis qui espérait gagner le tournoi de la grande île pensait à avant le match .
11,4,français,Votre père a remarqué ce que l'auteur que les fans adoraient a signé après la lecture .
12,4,français,Le rapport a décrit ce que le gardien du zoo qui dormait au travail a perdu la trace de au zoo . 
13,4,français,Le journaliste a déclaré ce que les citoyens qui se soucient de l'engagement civique ont parlé de à la réunion de la mairie. 
14,4,français,L'assistant s'est rendu compte ce que l'infirmière en uniforme blanc réconfortait dans la salle d'attente . 
15,4,français,Votre ami a dit ce que le bibliothécaire avec les lunettes en plastique épaisses a placé sur la mauvaise étagère . 
16,4,français,Le témoin s'est rendu compte ce que les avocats en costumes et cravates sombres ont déchiré tard dans la nuit .
17,4,français,* L'article disait que le serveur mettait la table pendant que le chef préparait avant la ruée du dîner 
18,4,français,La compagnie d'assurance a conclu ce que le chauffeur de taxi avec la casquette à carreaux a heurté pendant qu'il conduisait imprudemment . 
19,4,français,Le directeur du musée s'est rendu compte ce que le cambrioleur qui s'est fait passer pour un visiteur a volé la nuit dernière . 
1,5,français,Le policier a découvert que l'émeute a éclaté après que le condamné a introduit clandestinement une arme à feu dans la prison .
2,5,français,Le propriétaire du magasin s'est rendu compte que le feu a commencé après que le serveur a placé une bougie près de la nappe .
3,5,français,Le comité a demandé que le règlement entre en vigueur avant que le banquier ne vende une hypothèque avec un crédit défectueux.
4,5,français,Le premier partenaire a dit que le capitaine serrait la roue pendant que le marin tirait une corde de toutes ses forces .
5,5,français,Le journal a déclaré que les fans se sont révoltés après que le footballeur a marqué un but durant le championnat . 
6,5,français,Le mari a vu que la femme s'est coupé le pied après que la femme de ménage a cassé un vase dans le couloir .
7,5,français,L'administrateur a découvert que le professeur était impressionné après que les étudiants ont écrit sur la philosophie pour leur mémoire .
8,5,français,Ma mère s'est souvenue que cette dame a failli avoir une crise cardiaque après que le pompier a sauvé son chat de l'immeuble en flammes .
9,5,français,Notre ami a dit que le vendeur avait fait un calcul rapide avant que le client offre la nouvelle voiture à crédit .
10,5,français,Le mémoire a raconté que l'entraîneur a pris un verre d'eau pendant que la joueuse de tennis pensait à son service avant le match .
11,5,français,Votre père a remarqué que les reporters prenaient des photos pendant que l'auteur signait un exemplaire de son livre après la lecture .
12,5,français,Le rapport a décrit que la police a réagi rapidement après que le gardien du zoo a perdu la trace d'un kangourou au zoo .
13,5,français,Le journaliste a déclaré que le maire fumait un cigare pendant que les citoyens parlaient d'un nouveau projet de loi à la réunion de la mairie .
14,5,français,L'assistant s'est rendu compte que le médecin faisait une sieste pendant que l'infirmière réconfortait le patient dans la salle d'attente .
15,5,français,Votre ami a dit que le patron s'est fâché après que le bibliothécaire a placé le livre sur la mauvaise étagère .
16,5,français,Le témoin s'est rendu compte que les stagiaires faisaient du café pendant que les avocats déchiraient les documents tard dans la nuit .
17,5,français,* L'article disait ce que le serveur mettait la table pendant que le chef préparait la soupe avant la ruée du dîner .
18,5,français,La compagnie d'assurance a conclu que le camionneur a dévié après que le chauffeur de taxi a heurté le cerf pendant qu'il conduisait imprudemment .
19,5,français,Le directeur du musée s'est rendu compte que le gardien de sécurité somnolait pendant que le cambrioleur volait le tableau la nuit dernière .
1,6,français,* Le policier a découvert que l'émeute a éclaté après que le condamné a introduit clandestinement dans la prison . 
2,6,français,* Le propriétaire du magasin s'est rendu compte que le feu a commencé après que le serveur a placé près de la nappe .
3,6,français,* Le comité a demandé que le règlement entre en vigueur avant que le banquier ne vende avec un crédit défectueux.
4,6,français,* Le premier partenaire a dit que le capitaine serrait la roue pendant que le marin tirait de toutes ses forces .
5,6,français,* Le journal a déclaré que les fans se sont révoltés après que le footballeur a marqué durant le championnat .
6,6,français,* Le mari a vu que la femme s'est coupé le pied après que la femme de ménage a cassé dans le couloir . 
7,6,français,* L'administrateur a découvert que le professeur était impressionné après que les étudiants ont écrit sur pour leur mémoire .
8,6,français,* Ma mère s'est souvenue que cette dame a failli avoir une crise cardiaque après que le pompier a sauvé de l'immeuble en flammes. 
9,6,français,* Notre ami a dit que le vendeur avait fait un calcul rapide avant que le client offre à crédit .
10,6,français,* Le mémoire a raconté que l'entraîneur a pris un verre d'eau pendant que la joueuse de tennis pensait à avant le match .
11,6,français,* Votre père a remarqué que les reporters prenaient des photos pendant que l'auteur signait après la lecture .
12,6,français,* Le rapport a décrit que la police a réagi rapidement après que le gardien du zoo a perdu la trace de au zoo .
13,6,français,* Le journaliste a déclaré que le maire fumait un cigare pendant que les citoyens parlaient de à la réunion de la mairie . 
14,6,français,* L'assistant s'est rendu compte que le médecin faisait une sieste pendant que l'infirmière réconfortait dans la salle d'attente . 
15,6,français,* Votre ami a dit que le patron s'est fâché après que le bibliothécaire a placé sur la mauvaise étagère .
16,6,français,* Le témoin s'est rendu compte que les stagiaires faisaient du café pendant que les avocats déchiraient tard dans la nuit .
17,6,français,* L'article disait ce que le serveur mettait la table pendant que le chef préparait avant la ruée du dîner . 
18,6,français,* La compagnie d'assurance a conclu que le camionneur a dévié après que le chauffeur de taxi a heurté pendant qu'il conduisait imprudemment . 
19,6,français,* Le directeur du musée s'est rendu compte que le gardien de sécurité somnolait pendant que le cambrioleur volait la nuit dernière . 
1,7,français,* Le policier a découvert ce que l'émeute a éclaté après que le condamné a introduit clandestinement une arme à feu dans la prison . 
2,7,français,* Le propriétaire du magasin s'est rendu compte ce que le feu a commencé après que le serveur a placé une bougie près de la nappe .
3,7,français,* Le comité a demandé ce que le règlement entre en vigueur avant que le banquier ne vende une hypothèque avec un crédit défectueux.
4,7,français,* Le premier partenaire a dit ce que le capitaine serrait la roue pendant que le marin tirait une corde de toutes ses forces .
5,7,français,* Le journal a déclaré ce que les fans se sont révoltés après que le footballeur a marqué un but durant le championnat . 
6,7,français,* Le mari a vu ce que la femme s'est coupé le pied après que la femme de ménage a cassé un vase dans le couloir .
7,7,français,* L'administrateur a découvert ce que le professeur était impressionné après que les étudiants ont écrit sur la philosophie pour leur mémoire .
8,7,français,* Ma mère s'est souvenue ce que cette dame a failli avoir une crise cardiaque après que le pompier a sauvé son chat de l'immeuble en flammes . 
9,7,français,* Notre ami a dit ce que le vendeur avait fait un calcul rapide avant que le client offre la nouvelle voiture à crédit .
10,7,français,* Le mémoire a raconté ce que l'entraîneur a pris un verre d'eau pendant que la joueuse de tennis pensait à son service avant le match .
11,7,français,* Votre père a remarqué ce que les reporters prenaient des photos pendant que l'auteur signait un exemplaire de son livre après la lecture .
12,7,français,* Le rapport a décrit ce que la police a réagi rapidement après que le gardien du zoo a perdu la trace d'un kangourou au zoo .
13,7,français,* Le journaliste a déclaré ce que le maire fumait un cigare pendant que les citoyens parlaient d'un nouveau projet de loi à la réunion de la mairie .
14,7,français,* L'assistant s'est rendu compte ce que le médecin faisait une sieste pendant que l'infirmière réconfortait le patient dans la salle d'attente .
15,7,français,* Votre ami a dit ce que le patron s'est fâché après que le bibliothécaire a placé le livre sur la mauvaise étagère .
16,7,français,* Le témoin s'est rendu compte ce que les stagiaires faisaient du café pendant que les avocats déchiraient les documents tard dans la nuit .
17,7,français,L'article disait que pendant que le chef préparait la soupe avant la ruée du dîner le serveur mettait la table .
18,7,français,* La compagnie d'assurance a conclu ce que le camionneur a dévié après que le chauffeur de taxi a heurté le cerf pendant qu'il conduisait imprudemment .
19,7,français,* Le directeur du musée s'est rendu compte ce que le gardien de sécurité somnolait pendant que le cambrioleur volait le tableau la nuit dernière .
1,8,français,* Le policier a découvert ce que l'émeute a éclaté après que le condamné a introduit clandestinement dans la prison .
2,8,français,* Le propriétaire du magasin s'est rendu compte ce que le feu a commencé après que le serveur a placé près de la nappe .
3,8,français,* Le comité a demandé ce que le règlement entre en vigueur avant que le banquier ne vende avec un crédit défectueux.
4,8,français,* Le premier partenaire a dit ce que le capitaine serrait la roue pendant que le marin tirait de toutes ses forces .
5,8,français,* Le journal a déclaré ce que les fans se sont révoltés après que le footballeur a marqué durant le championnat .
6,8,français,* Le mari a vu ce que la femme s'est coupé le pied après que la femme de ménage a cassé dans le couloir .
7,8,français,* L'administrateur a découvert ce que le professeur était impressionné après que les étudiants ont écrit sur pour leur mémoire .
8,8,français,* Ma mère s'est souvenue ce que cette dame a failli avoir une crise cardiaque après que le pompier a sauvé de l'immeuble en flammes .
9,8,français,* Notre ami a dit ce que le vendeur avait fait un calcul rapide avant que le client offre à crédit . 
10,8,français,* Le mémoire a raconté ce que l'entraîneur a pris un verre d'eau pendant que la joueuse de tennis pensait à avant le match .
11,8,français,* Votre père a remarqué ce que les reporters prenaient des photos pendant que l'auteur signait livre après la lecture .
12,8,français,* Le rapport a décrit ce que la police a réagi rapidement après que le gardien du zoo a perdu la trace au zoo .
13,8,français,* Le journaliste a déclaré ce que le maire fumait un cigare pendant que les citoyens parlaient de à la réunion de la mairie .
14,8,français,* L'assistant s'est rendu compte ce que le médecin faisait une sieste pendant que l'infirmière réconfortait dans la salle d'attente . 
15,8,français,* Votre ami a dit ce que le patron s'est fâché après que le bibliothécaire a placé sur la mauvaise étagère .
16,8,français,* Le témoin s'est rendu compte ce que les stagiaires faisaient du café pendant que les avocats déchiraient tard dans la nuit .
17,8,français,* L'article disait que pendant que le chef préparait avant la ruée du dîner le serveur mettait la table .
18,8,français,* La compagnie d'assurance a conclu ce que le camionneur a dévié après que le chauffeur de taxi a heurté pendant qu'il conduisait imprudemment . 
19,8,français,* Le directeur du musée s'est rendu compte ce que le gardien de sécurité somnolait pendant que le cambrioleur volait la nuit dernière . 
1,9,français,Le policier a découvert qu'après que le condamné a introduit clandestinement une arme à feu dans la prison l'émeute a éclaté .
2,9,français,Le propriétaire du magasin s'est rendu compte qu'après que le serveur a placé une bougie près de la nappe le feu a commencé .
3,9,français,Le comité a demandé qu'avant que le banquier ne vende une hypothèque avec un crédit défectueux le règlement entre en vigueur.
4,9,français,Le premier partenaire a dit que pendant que le marin tirait une corde de toutes ses forces le capitaine serrait la roue .
5,9,français,Le journal a déclaré qu'après que le footballeur a marqué un but durant le championnat les fans se sont révoltés . 
6,9,français,Le mari a vu qu'après que la femme de ménage a cassé un vase dans le couloir la femme s'est coupé le pied .
7,9,français,L'administrateur a découvert qu'après que les étudiants ont écrit sur la philosophie pour leur mémoire le professeur était impressionné .
8,9,français,Ma mère s'est souvenue qu'après que le pompier a sauvé son chat de l'immeuble en flammes la dame a failli avoir une crise cardiaque.
9,9,français,Notre ami a dit qu'avant que le client offre la nouvelle voiture à crédit le vendeur avait fait un calcul rapide .
10,9,français,Le mémoire a raconté que pendant que la joueuse de tennis pensait à son service avant le match l'entraîneur a pris un verre d'eau .
11,9,français,Votre père a remarqué que pendant que l'auteur signait un exemplaire de son livre après la lecture les reporters prenaient des photos .
12,9,français,Le rapport a décrit qu'après que le gardien du zoo a perdu la trace d'un kangourou au zoo la police a réagi rapidement .
13,9,français,Le journaliste a déclaré que pendant que les citoyens parlaient d'un nouveau projet de loi à la réunion de la mairie le maire fumait un cigare .
14,9,français,L'assistant s'est rendu compte que pendant que l'infirmière réconfortait le patient dans la salle d'attente le médecin faisait une sieste .
15,9,français,Votre ami a dit qu'après que le bibliothécaire a placé le livre sur la mauvaise étagère le patron s'est fâché.
16,9,français,Le témoin s'est rendu compte que pendant que les avocats déchiraient les documents tard dans la nuit les stagiaires faisaient du café .
17,9,français,* L'article disait que pendant que le chef préparait la soupe avant la ruée du dîner le serveur mettait la table .
18,9,français,La compagnie d'assurance a conclu qu'après que le chauffeur de taxi a heurté le cerf pendant qu'il conduisait imprudemment le camionneur a dévié .
19,9,français,Le directeur du musée s'est rendu compte que pendant que le cambrioleur volait le tableau la nuit dernière le gardien de sécurité somnolait .
1,10,français,* Le policier a découvert qu'après que le condamné a introduit clandestinement dans la prison l'émeute a éclaté .
2,10,français,* Le propriétaire du magasin s'est rendu compte qu'après que le serveur a placé près de la nappe le feu a commencé .
3,10,français,* Le comité a demandé qu'avant que le banquier ne vende avec un crédit défectueux le règlement entre en vigueur.
4,10,français,* Le premier partenaire a dit que pendant que le marin tirait de toutes ses forces le capitaine serrait la roue .
5,10,français,* Le journal a déclaré qu'après que le footballeur a marqué durant le championnat les fans se sont révoltés .
6,10,français,* Le mari a vu qu'après que la femme de ménage a cassé dans le couloir la femme s'est coupé le pied .
7,10,français,* L'administrateur a découvert qu'après que les étudiants ont écrit sur pour leur mémoire le professeur était impressionné .
8,10,français,* Ma mère s'est souvenue qu'après que le pompier a sauvé de l'immeuble en flammes la dame a failli avoir une crise cardiaque .
9,10,français,* Notre ami a dit qu'avant que le client offre à crédit le vendeur avait fait un calcul rapide .
10,10,français,* Le mémoire a raconté que pendant que la joueuse de tennis pensait à avant le match l'entraîneur a pris un verre d'eau .
11,10,français,* Votre père a remarqué que pendant que l'auteur signait après la lecture les reporters prenaient des photos .
12,10,français,* Le rapport a décrit qu'après que le gardien du zoo a perdu la trace de au zoo la police a réagi rapidement .
13,10,français,* Le journaliste a déclaré que pendant que les citoyens parlaient de à la réunion de la mairie le maire fumait un cigare .
14,10,français,* L'assistant s'est rendu compte que pendant que l'infirmière réconfortait dans la salle d'attente le médecin faisait une sieste .
15,10,français,* Votre ami a dit qu'après que le bibliothécaire a placé sur la mauvaise étagère le patron s'est fâché.
16,10,français,* Le témoin s'est rendu compte que pendant que les avocats déchiraient tard dans la nuit les stagiaires faisaient du café .
17,10,français,* L'article disait que pendant que le chef préparait avant la ruée du dîner le serveur mettait la table . 
18,10,français,* La compagnie d'assurance a conclu qu'après que le chauffeur de taxi a heurté en conduisant imprudemment le camionneur a dévié . 
19,10,français,* Le directeur du musée s'est rendu compte que pendant que le cambrioleur volait la nuit dernière le gardien de sécurité somnolait . 
1,11,français,* Le policier a découvert ce qu'après que le condamné a introduit clandestinement une arme à feu dans la prison l'émeute a éclaté .
2,11,français,* Le propriétaire du magasin s'est rendu compte ce qu'après que le serveur a placé une bougie près de la nappe le feu a commencé .
3,11,français,* Le comité a demandé ce qu'avant que le banquier ne vende une hypothèque avec un crédit défectueux le règlement entre en vigueur .
4,11,français,* Le premier partenaire a dit ce que pendant que le marin tirait une corde de toutes ses forces le capitaine serrait la roue .
5,11,français,* Le journal a déclaré ce qu'après que le footballeur a marqué un but durant le championnat les fans se sont révoltés .
6,11,français,* Le mari a vu ce qu'après que la femme de ménage a cassé un vase dans le couloir la femme s'est coupé le pied . 
7,11,français,* L'administrateur a découvert ce qu'après que les étudiants ont écrit sur la philosophie pour leur mémoire le professeur était impressionné .
8,11,français,* Ma mère s'est souvenue ce qu'après que le pompier a sauvé son chat de l'immeuble en flammes la dame a failli avoir une crise cardiaque .
9,11,français,* Notre ami a dit ce qu'avant que le client offre la nouvelle voiture à crédit le vendeur avait fait un calcul rapide .
10,11,français,* Le mémoire a raconté ce que pendant que la joueuse de tennis pensait à son service avant le match l'entraîneur a pris un verre d'eau .
11,11,français,* Votre père a remarqué ce que pendant que l'auteur signait un exemplaire de son livre après la lecture les reporters prenaient des photos .
12,11,français,* Le rapport a décrit ce qu'après que le gardien du zoo a perdu la trace d'un kangourou au zoo la police a réagi rapidement .
13,11,français,* Le journaliste a déclaré ce que pendant que les citoyens parlaient d'un nouveau projet de loi à la réunion de la mairie le maire fumait un cigare .
14,11,français,* L'assistant s'est rendu compte ce que pendant que l'infirmière réconfortait le patient dans la salle d'attente le médecin faisait une sieste .
15,11,français,* Votre ami a dit ce qu'après que le bibliothécaire a placé le livre sur la mauvaise étagère le patron s'est fâché.
16,11,français,* Le témoin s'est rendu compte ce que pendant que les avocats déchiraient les documents tard dans la nuit les stagiaires faisaient du café .
17,11,français,* L'article disait ce que pendant que le chef préparait la soupe avant la ruée du dîner le serveur mettait la table .
18,11,français,* La compagnie d'assurance a conclu ce qu'après que le chauffeur de taxi a heurté le cerf pendant qu'il conduisait imprudemment le camionneur a dévié .
19,11,français,* Le directeur du musée s'est rendu compte ce que pendant que le cambrioleur volait le tableau la nuit dernière le gardien de sécurité somnolait .
1,12,français,* Le policier a découvert ce qu'après que le condamné a introduit clandestinement dans la prison l'émeute a éclaté . 
2,12,français,* Le propriétaire du magasin s'est rendu compte ce qu'après que le serveur a placé près de la nappe le feu a commencé . 
3,12,français,* Le comité a demandé ce qu'avant que le banquier ne vende avec un crédit défectueux le règlement entre en vigueur . 
4,12,français,* Le premier partenaire a dit ce que pendant que le marin tirait de toutes ses forces le capitaine serrait la roue . 
5,12,français,* Le journal a déclaré ce qu'après que le footballeur a marqué durant le championnat les fans se sont révoltés . 
6,12,français,* Le mari a vu ce qu'après que la femme de ménage a cassé dans le couloir la femme s'est coupé le pied . 
7,12,français,* L'administrateur a découvert ce qu'après que les étudiants ont écrit sur pour leur mémoire le professeur était impressionné . 
8,12,français,* Ma mère s'est souvenue ce qu'après que le pompier a sauvé de l'immeuble en flammes la dame a failli avoir une crise cardiaque . 
9,12,français,* Notre ami a dit ce qu'avant que le client offre à crédit le vendeur avait fait un calcul rapide . 
10,12,français,* Le mémoire a raconté ce que pendant que la joueuse de tennis pensait à avant le match l'entraîneur a pris un verre d'eau . 
11,12,français,* Votre père a remarqué ce que pendant que l'auteur signait après la lecture les reporters prenaient des photos . 
12,12,français,* Le rapport a décrit ce qu'après que le gardien du zoo a perdu la trace de au zoo la police a réagi rapidement . 
13,12,français,* Le journaliste a déclaré ce que pendant que les citoyens parlaient de à la réunion de la mairie le maire fumait un cigare 
14,12,français,* L'assistant s'est rendu compte ce que pendant que l'infirmière réconfortait dans la salle d'attente le médecin faisait une sieste . 
15,12,français,* Votre ami a dit ce qu'après que le bibliothécaire a placé sur la mauvaise étagère le patron s'est fâché. 
16,12,français,* Le témoin s'est rendu compte ce que pendant que les avocats déchiraient tard dans la nuit les stagiaires faisaient du café . 
17,12,français,* L'article disait ce que pendant que le chef préparait avant la ruée du dîner le serveur mettait la table . 
18,12,français,* La compagnie d'assurance a conclu ce qu'après que le chauffeur de taxi a heurté pendant qu'il conduisait imprudemment le camionneur a dévié . 
19,12,français,* Le directeur du musée s'est rendu compte ce que pendant que le cambrioleur volait la nuit dernière le gardien de sécurité somnolait . 
1,13,français,
2,13,français,
3,13,français,
4,13,français,
5,13,français,
6,13,français,
7,13,français,
8,13,français,
9,13,français,
10,13,français,
11,13,français,
12,13,français,
13,13,français,
14,13,français,
15,13,français,
16,13,français,
17,13,français,
18,13,français,
19,13,français,
1,14,français,
2,14,français,
3,14,français,
4,14,français,
5,14,français,
6,14,français,
7,14,français,
8,14,français,
9,14,français,
10,14,français,
11,14,français,
12,14,français,
13,14,français,
14,14,français,
15,14,français,
16,14,français,
17,14,français,
18,14,français,
19,14,français,
1,15,français,
2,15,français,
3,15,français,
4,15,français,
5,15,français,
6,15,français,
7,15,français,
8,15,français,
9,15,français,
10,15,français,
11,15,français,
12,15,français,
13,15,français,
14,15,français,
15,15,français,
16,15,français,
17,15,français,
18,15,français,
19,15,français,
1,16,français,
2,16,français,
3,16,français,
4,16,français,
5,16,français,
6,16,français,
7,16,français,
8,16,français,
9,16,français,
10,16,français,
11,16,français,
12,16,français,
13,16,français,
14,16,français,
15,16,français,
16,16,français,
17,16,français,
18,16,français,
19,16,français,
1,17,français,
2,17,français,
3,17,français,
4,17,français,
5,17,français,
6,17,français,
7,17,français,
8,17,français,
9,17,français,
10,17,français,
11,17,français,
12,17,français,
13,17,français,
14,17,français,
15,17,français,
16,17,français,
17,17,français,
18,17,français,
19,17,français,
1,18,français,
2,18,français,
3,18,français,
4,18,français,
5,18,français,
6,18,français,
7,18,français,
8,18,français,
9,18,français,
10,18,français,
11,18,français,
12,18,français,
13,18,français,
14,18,français,
15,18,français,
16,18,français,
17,18,français,
18,18,français,
19,18,français,
1,19,français,
2,19,français,
3,19,français,
4,19,français,
5,19,français,
6,19,français,
7,19,français,
8,19,français,
9,19,français,
10,19,français,
11,19,français,
12,19,français,
13,19,français,
14,19,français,
15,19,français,
16,19,français,
17,19,français,
18,19,français,
19,19,français,
1,20,français,
2,20,français,
3,20,français,
4,20,français,
5,20,français,
6,20,français,
7,20,français,
8,20,français,
9,20,français,
10,20,français,
11,20,français,
12,20,français,
13,20,français,
14,20,français,
15,20,français,
16,20,français,
17,20,français,
18,20,français,
19,20,français,
1,21,français,
2,21,français,
3,21,français,
4,21,français,
5,21,français,
6,21,français,
7,21,français,
8,21,français,
9,21,français,
10,21,français,
11,21,français,
12,21,français,
13,21,français,
14,21,français,
15,21,français,
16,21,français,
17,21,français,
18,21,français,
19,21,français,
1,22,français,
2,22,français,
3,22,français,
4,22,français,
5,22,français,
6,22,français,
7,22,français,
8,22,français,
9,22,français,
10,22,français,
11,22,français,
12,22,français,
13,22,français,
14,22,français,
15,22,français,
16,22,français,
17,22,français,
18,22,français,
19,22,français,
1,23,français,
2,23,français,
3,23,français,
4,23,français,
5,23,français,
6,23,français,
7,23,français,
8,23,français,
9,23,français,
10,23,français,
11,23,français,
12,23,français,
13,23,français,
14,23,français,
15,23,français,
16,23,français,
17,23,français,
18,23,français,
19,23,français,
1,24,français,
2,24,français,
3,24,français,
4,24,français,
5,24,français,
6,24,français,
7,24,français,
8,24,français,
9,24,français,
10,24,français,
11,24,français,
12,24,français,
13,24,français,
14,24,français,
15,24,français,
16,24,français,
17,24,français,
18,24,français,
19,24,français,
1,25,français,
2,25,français,
3,25,français,
4,25,français,
5,25,français,
6,25,français,
7,25,français,
8,25,français,
9,25,français,
10,25,français,
11,25,français,
12,25,français,
13,25,français,
14,25,français,
15,25,français,
16,25,français,
17,25,français,
18,25,français,
19,25,français,
1,26,français,
2,26,français,
3,26,français,
4,26,français,
5,26,français,
6,26,français,
7,26,français,
8,26,français,
9,26,français,
10,26,français,
11,26,français,
12,26,français,
13,26,français,
14,26,français,
15,26,français,
16,26,français,
17,26,français,
18,26,français,
19,26,français,
1,27,français,
2,27,français,
3,27,français,
4,27,français,
5,27,français,
6,27,français,
7,27,français,
8,27,français,
9,27,français,
10,27,français,
11,27,français,
12,27,français,
13,27,français,
14,27,français,
15,27,français,
16,27,français,
17,27,français,
18,27,français,
19,27,français,
1,28,français,
2,28,français,
3,28,français,
4,28,français,
5,28,français,
6,28,français,
7,28,français,
8,28,français,
9,28,français,
10,28,français,
11,28,français,
12,28,français,
13,28,français,
14,28,français,
15,28,français,
16,28,français,
17,28,français,
18,28,français,
19,28,français,
1,29,français,
2,29,français,
3,29,français,
4,29,français,
5,29,français,
6,29,français,
7,29,français,
8,29,français,
9,29,français,
10,29,français,
11,29,français,
12,29,français,
13,29,français,
14,29,français,
15,29,français,
16,29,français,
17,29,français,
18,29,français,
19,29,français,
1,30,français,
2,30,français,
3,30,français,
4,30,français,
5,30,français,
6,30,français,
7,30,français,
8,30,français,
9,30,français,
10,30,français,
11,30,français,
12,30,français,
13,30,français,
14,30,français,
15,30,français,
16,30,français,
17,30,français,
18,30,français,
19,30,français,
1,31,français,
2,31,français,
3,31,français,
4,31,français,
5,31,français,
6,31,français,
7,31,français,
8,31,français,
9,31,français,
10,31,français,
11,31,français,
12,31,français,
13,31,français,
14,31,français,
15,31,français,
16,31,français,
17,31,français,
18,31,français,
19,31,français,
1,32,français,
2,32,français,
3,32,français,
4,32,français,
5,32,français,
6,32,français,
7,32,français,
8,32,français,
9,32,français,
10,32,français,
11,32,français,
12,32,français,
13,32,français,
14,32,français,
15,32,français,
16,32,français,
17,32,français,
18,32,français,
19,32,français,
1,33,français,
2,33,français,
3,33,français,
4,33,français,
5,33,français,
6,33,français,
7,33,français,
8,33,français,
9,33,français,
10,33,français,
11,33,français,
12,33,français,
13,33,français,
14,33,français,
15,33,français,
16,33,français,
17,33,français,
18,33,français,
19,33,français,
1,34,français,
2,34,français,
3,34,français,
4,34,français,
5,34,français,
6,34,français,
7,34,français,
8,34,français,
9,34,français,
10,34,français,
11,34,français,
12,34,français,
13,34,français,
14,34,français,
15,34,français,
16,34,français,
17,34,français,
18,34,français,
19,34,français,
1,35,français,
2,35,français,
3,35,français,
4,35,français,
5,35,français,
6,35,français,
7,35,français,
8,35,français,
9,35,français,
10,35,français,
11,35,français,
12,35,français,
13,35,français,
14,35,français,
15,35,français,
16,35,français,
17,35,français,
18,35,français,
19,35,français,
1,36,français,
2,36,français,
3,36,français,
4,36,français,
5,36,français,
6,36,français,
7,36,français,
8,36,français,
9,36,français,
10,36,français,
11,36,français,
12,36,français,
13,36,français,
14,36,français,
15,36,français,
16,36,français,
17,36,français,
18,36,français,
19,36,français,
1,37,français,
2,37,français,
3,37,français,
4,37,français,
5,37,français,
6,37,français,
7,37,français,
8,37,français,
9,37,français,
10,37,français,
11,37,français,
12,37,français,
13,37,français,
14,37,français,
15,37,français,
16,37,français,
17,37,français,
18,37,français,
19,37,français,
1,38,français,
2,38,français,
3,38,français,
4,38,français,
5,38,français,
6,38,français,
7,38,français,
8,38,français,
9,38,français,
10,38,français,
11,38,français,
12,38,français,
13,38,français,
14,38,français,
15,38,français,
16,38,français,
17,38,français,
18,38,français,
19,38,français,
1,39,français,
2,39,français,
3,39,français,
4,39,français,
5,39,français,
6,39,français,
7,39,français,
8,39,français,
9,39,français,
10,39,français,
11,39,français,
12,39,français,
13,39,français,
14,39,français,
15,39,français,
16,39,français,
17,39,français,
18,39,français,
19,39,français,
1,40,français,
2,40,français,
3,40,français,
4,40,français,
5,40,français,
6,40,français,
7,40,français,
8,40,français,
9,40,français,
10,40,français,
11,40,français,
12,40,français,
13,40,français,
14,40,français,
15,40,français,
16,40,français,
17,40,français,
18,40,français,
19,40,français,
1,41,français,
2,41,français,
3,41,français,
4,41,français,
5,41,français,
6,41,français,
7,41,français,
8,41,français,
9,41,français,
10,41,français,
11,41,français,
12,41,français,
13,41,français,
14,41,français,
15,41,français,
16,41,français,
17,41,français,
18,41,français,
19,41,français,
1,42,français,
2,42,français,
3,42,français,
4,42,français,
5,42,français,
6,42,français,
7,42,français,
8,42,français,
9,42,français,
10,42,français,
11,42,français,
12,42,français,
13,42,français,
14,42,français,
15,42,français,
16,42,français,
17,42,français,
18,42,français,
19,42,français,
1,43,français,
2,43,français,
3,43,français,
4,43,français,
5,43,français,
6,43,français,
7,43,français,
8,43,français,
9,43,français,
10,43,français,
11,43,français,
12,43,français,
13,43,français,
14,43,français,
15,43,français,
16,43,français,
17,43,français,
18,43,français,
19,43,français,
1,44,français,
2,44,français,
3,44,français,
4,44,français,
5,44,français,
6,44,français,
7,44,français,
8,44,français,
9,44,français,
10,44,français,
11,44,français,
12,44,français,
13,44,français,
14,44,français,
15,44,français,
16,44,français,
17,44,français,
18,44,français,
19,44,français,
1,45,français,
2,45,français,
3,45,français,
4,45,français,
5,45,français,
6,45,français,
7,45,français,
8,45,français,
9,45,français,
10,45,français,
11,45,français,
12,45,français,
13,45,français,
14,45,français,
15,45,français,
16,45,français,
17,45,français,
18,45,français,
19,45,français,
1,46,français,
2,46,français,
3,46,français,
4,46,français,
5,46,français,
6,46,français,
7,46,français,
8,46,français,
9,46,français,
10,46,français,
11,46,français,
12,46,français,
13,46,français,
14,46,français,
15,46,français,
16,46,français,
17,46,français,
18,46,français,
19,46,français,
1,47,français,
2,47,français,
3,47,français,
4,47,français,
5,47,français,
6,47,français,
7,47,français,
8,47,français,
9,47,français,
10,47,français,
11,47,français,
12,47,français,
13,47,français,
14,47,français,
15,47,français,
16,47,français,
17,47,français,
18,47,français,
19,47,français,
1,48,français,
2,48,français,
3,48,français,
4,48,français,
5,48,français,
6,48,français,
7,48,français,
8,48,français,
9,48,français,
10,48,français,
11,48,français,
12,48,français,
13,48,français,
14,48,français,
15,48,français,
16,48,français,
17,48,français,
18,48,français,
19,48,français,
1,49,français,
2,49,français,
3,49,français,
4,49,français,
5,49,français,
6,49,français,
7,49,français,
8,49,français,
9,49,français,
10,49,français,
11,49,français,
12,49,français,
13,49,français,
14,49,français,
15,49,français,
16,49,français,
17,49,français,
18,49,français,
19,49,français,
1,50,français,
2,50,français,
3,50,français,
4,50,français,
5,50,français,
6,50,français,
7,50,français,
8,50,français,
9,50,français,
10,50,français,
11,50,français,
12,50,français,
13,50,français,
14,50,français,
15,50,français,
16,50,français,
17,50,français,
18,50,français,
19,50,français,
1,51,français,
2,51,français,
3,51,français,
4,51,français,
5,51,français,
6,51,français,
7,51,français,
8,51,français,
9,51,français,
10,51,français,
11,51,français,
12,51,français,
13,51,français,
14,51,français,
15,51,français,
16,51,français,
17,51,français,
18,51,français,
19,51,français,
1,52,français,
2,52,français,
3,52,français,
4,52,français,
5,52,français,
6,52,français,
7,52,français,
8,52,français,
9,52,français,
10,52,français,
11,52,français,
12,52,français,
13,52,français,
14,52,français,
15,52,français,
16,52,français,
17,52,français,
18,52,français,
19,52,français,
1,53,français,
2,53,français,
3,53,français,
4,53,français,
5,53,français,
6,53,français,
7,53,français,
8,53,français,
9,53,français,
10,53,français,
11,53,français,
12,53,français,
13,53,français,
14,53,français,
15,53,français,
16,53,français,
17,53,français,
18,53,français,
19,53,français,
1,54,français,
2,54,français,
3,54,français,
4,54,français,
5,54,français,
6,54,français,
7,54,français,
8,54,français,
9,54,français,
10,54,français,
11,54,français,
12,54,français,
13,54,français,
14,54,français,
15,54,français,
16,54,français,
17,54,français,
18,54,français,
19,54,français,
1,55,français,
2,55,français,
3,55,français,
4,55,français,
5,55,français,
6,55,français,
7,55,français,
8,55,français,
9,55,français,
10,55,français,
11,55,français,
12,55,français,
13,55,français,
14,55,français,
15,55,français,
16,55,français,
17,55,français,
18,55,français,
19,55,français,
1,56,français,
2,56,français,
3,56,français,
4,56,français,
5,56,français,
6,56,français,
7,56,français,
8,56,français,
9,56,français,
10,56,français,
11,56,français,
12,56,français,
13,56,français,
14,56,français,
15,56,français,
16,56,français,
17,56,français,
18,56,français,
19,56,français,
1,57,français,
2,57,français,
3,57,français,
4,57,français,
5,57,français,
6,57,français,
7,57,français,
8,57,français,
9,57,français,
10,57,français,
11,57,français,
12,57,français,
13,57,français,
14,57,français,
15,57,français,
16,57,français,
17,57,français,
18,57,français,
19,57,français,
1,58,français,
2,58,français,
3,58,français,
4,58,français,
5,58,français,
6,58,français,
7,58,français,
8,58,français,
9,58,français,
10,58,français,
11,58,français,
12,58,français,
13,58,français,
14,58,français,
15,58,français,
16,58,français,
17,58,français,
18,58,français,
19,58,français,
1,59,français,
2,59,français,
3,59,français,
4,59,français,
5,59,français,
6,59,français,
7,59,français,
8,59,français,
9,59,français,
10,59,français,
11,59,français,
12,59,français,
13,59,français,
14,59,français,
15,59,français,
16,59,français,
17,59,français,
18,59,français,
19,59,français,
1,60,français,
2,60,français,
3,60,français,
4,60,français,
5,60,français,
6,60,français,
7,60,français,
8,60,français,
9,60,français,
10,60,français,
11,60,français,
12,60,français,
13,60,français,
14,60,français,
15,60,français,
16,60,français,
17,60,français,
18,60,français,
19,60,français,
1,61,français,
2,61,français,
3,61,français,
4,61,français,
5,61,français,
6,61,français,
7,61,français,
8,61,français,
9,61,français,
10,61,français,
11,61,français,
12,61,français,
13,61,français,
14,61,français,
15,61,français,
16,61,français,
17,61,français,
18,61,français,
19,61,français,
1,62,français,
2,62,français,
3,62,français,
4,62,français,
5,62,français,
6,62,français,
7,62,français,
8,62,français,
9,62,français,
10,62,français,
11,62,français,
12,62,français,
13,62,français,
14,62,français,
15,62,français,
16,62,français,
17,62,français,
18,62,français,
19,62,français,
1,63,français,
2,63,français,
3,63,français,
4,63,français,
5,63,français,
6,63,français,
7,63,français,
8,63,français,
9,63,français,
10,63,français,
11,63,français,
12,63,français,
13,63,français,
14,63,français,
15,63,français,
16,63,français,
17,63,français,
18,63,français,
19,63,français,
1,64,français,
2,64,français,
3,64,français,
4,64,français,
5,64,français,
6,64,français,
7,64,français,
8,64,français,
9,64,français,
10,64,français,
11,64,français,
12,64,français,
13,64,français,
14,64,français,
15,64,français,
16,64,français,
17,64,français,
18,64,français,
19,64,français,
1,65,français,
2,65,français,
3,65,français,
4,65,français,
5,65,français,
6,65,français,
7,65,français,
8,65,français,
9,65,français,
10,65,français,
11,65,français,
12,65,français,
13,65,français,
14,65,français,
15,65,français,
16,65,français,
17,65,français,
18,65,français,
19,65,français,
1,66,français,
2,66,français,
3,66,français,
4,66,français,
5,66,français,
6,66,français,
7,66,français,
8,66,français,
9,66,français,
10,66,français,
11,66,français,
12,66,français,
13,66,français,
14,66,français,
15,66,français,
16,66,français,
17,66,français,
18,66,français,
19,66,français,
1,67,français,
2,67,français,
3,67,français,
4,67,français,
5,67,français,
6,67,français,
7,67,français,
8,67,français,
9,67,français,
10,67,français,
11,67,français,
12,67,français,
13,67,français,
14,67,français,
15,67,français,
16,67,français,
17,67,français,
18,67,français,
19,67,français,
1,68,français,
2,68,français,
3,68,français,
4,68,français,
5,68,français,
6,68,français,
7,68,français,
8,68,français,
9,68,français,
10,68,français,
11,68,français,
12,68,français,
13,68,français,
14,68,français,
15,68,français,
16,68,français,
17,68,français,
18,68,français,
19,68,français,
1,69,français,
2,69,français,
3,69,français,
4,69,français,
5,69,français,
6,69,français,
7,69,français,
8,69,français,
9,69,français,
10,69,français,
11,69,français,
12,69,français,
13,69,français,
14,69,français,
15,69,français,
16,69,français,
17,69,français,
18,69,français,
19,69,français,
1,70,français,
2,70,français,
3,70,français,
4,70,français,
5,70,français,
6,70,français,
7,70,français,
8,70,français,
9,70,français,
10,70,français,
11,70,français,
12,70,français,
13,70,français,
14,70,français,
15,70,français,
16,70,français,
17,70,français,
18,70,français,
19,70,français,
1,71,français,
2,71,français,
3,71,français,
4,71,français,
5,71,français,
6,71,français,
7,71,français,
8,71,français,
9,71,français,
10,71,français,
11,71,français,
12,71,français,
13,71,français,
14,71,français,
15,71,français,
16,71,français,
17,71,français,
18,71,français,
19,71,français,
1,72,français,
2,72,français,
3,72,français,
4,72,français,
5,72,français,
6,72,français,
7,72,français,
8,72,français,
9,72,français,
10,72,français,
11,72,français,
12,72,français,
13,72,français,
14,72,français,
15,72,français,
16,72,français,
17,72,français,
18,72,français,
19,72,français,
1,73,français,
2,73,français,
3,73,français,
4,73,français,
5,73,français,
6,73,français,
7,73,français,
8,73,français,
9,73,français,
10,73,français,
11,73,français,
12,73,français,
13,73,français,
14,73,français,
15,73,français,
16,73,français,
17,73,français,
18,73,français,
19,73,français,
