﻿1;1;anglais;BERT;The teacher realized;that;;;the student;;was studying for;the test;with great enthusiasm;
1;2;anglais;BERT;The teacher realized;that;;;the student;;was studying for;the test;with great enthusiasm;
1;3;anglais;BERT;The teacher realized;what;;;the student;;was studying for;the test;with great enthusiasm;
1;4;anglais;BERT;The teacher realized;what;;;the student;;was studying for;the test;with great enthusiasm;
1;5;anglais;BERT;The teacher realized;that;;;the student;in the first year;was studying for;the test;with great enthusiasm;
1;6;anglais;BERT;The teacher realized;that;;;the student;in the first year;was studying for;the test;with great enthusiasm;
1;7;anglais;BERT;The teacher realized;what;;;the student;in the first year;was studying for;the test;with great enthusiasm;
1;8;anglais;BERT;The teacher realized;what;;;the student;in the first year;was studying for;the test;with great enthusiasm;
1;9;anglais;BERT;The teacher realized;that;the storm rolled in;while;the student;;was studying for;the test;with great enthusiasm;
1;10;anglais;BERT;The teacher realized;that;the storm rolled in;while;the student;;was studying for;the test;with great enthusiasm;
1;11;anglais;BERT;The teacher realized;what;the storm rolled in;while;the student;;was studying for;the test;with great enthusiasm;
1;12;anglais;BERT;The teacher realized;what;the storm rolled in;while;the student;;was studying for;the test;with great enthusiasm;
2;1;anglais;BERT;The policeman discovered;that;;;the convict;;smuggled;a gun;into the prison;
2;2;anglais;BERT;The policeman discovered;that;;;the convict;;smuggled;a gun;into the prison;
2;3;anglais;BERT;The policeman discovered;what;;;the convict;;smuggled;a gun;into the prison;
2;4;anglais;BERT;The policeman discovered;what;;;the convict;;smuggled;a gun;into the prison;
2;5;anglais;BERT;The policeman discovered;that;;;the convict;with the shaved head;smuggled;a gun;into the prison;
2;6;anglais;BERT;The policeman discovered;that;;;the convict;with the shaved head;smuggled;a gun;into the prison;
2;7;anglais;BERT;The policeman discovered;what;;;the convict;with the shaved head;smuggled;a gun;into the prison;
2;8;anglais;BERT;The policeman discovered;what;;;the convict;with the shaved head;smuggled;a gun;into the prison;
2;9;anglais;BERT;The policeman discovered;that;the riot erupted;after;the convict;;smuggled;a gun;into the prison;
2;10;anglais;BERT;The policeman discovered;that;the riot erupted;after;the convict;;smuggled;a gun;into the prison;
2;11;anglais;BERT;The policeman discovered;what;the riot erupted;after;the convict;;smuggled;a gun;into the prison;
2;12;anglais;BERT;The policeman discovered;what;the riot erupted;after;the convict;;smuggled;a gun;into the prison;
3;1;anglais;BERT;The shop owner realized;that;;;the waiter;;placed;a candle;near the tablecloth;
3;2;anglais;BERT;The shop owner realized;that;;;the waiter;;placed;a candle;near the tablecloth;
3;3;anglais;BERT;The shop owner realized;what;;;the waiter;;placed;a candle;near the tablecloth;
3;4;anglais;BERT;The shop owner realized;what;;;the waiter;;placed;a candle;near the tablecloth;
3;5;anglais;BERT;The shop owner realized;that;;;the waiter;in the white jacket;placed;a candle;near the tablecloth;
3;6;anglais;BERT;The shop owner realized;that;;;the waiter;in the white jacket;placed;a candle;near the tablecloth;
3;7;anglais;BERT;The shop owner realized;what;;;the waiter;in the white jacket;placed;a candle;near the tablecloth;
3;8;anglais;BERT;The shop owner realized;what;;;the waiter;in the white jacket;placed;a candle;near the tablecloth;
3;9;anglais;BERT;The shop owner realized;that;the fire started;after;the waiter;;placed;a candle;near the tablecloth;
3;10;anglais;BERT;The shop owner realized;that;;after;the waiter;;placed;a candle;near the tablecloth;
3;11;anglais;BERT;The shop owner realized;what;;after;the waiter;;placed;a candle;near the tablecloth;
3;12;anglais;BERT;The shop owner realized;what;;after;the waiter;;placed;a candle;near the tablecloth;
4;1;anglais;BERT;The committee asked;that;;;the banker;;sold;a mortgage;with faulty credit;
4;2;anglais;BERT;The committee asked;that;;;the banker;;sold;a mortgage;with faulty credit;
4;3;anglais;BERT;The committee asked;what;;;the banker;;sold;a mortgage;with faulty credit;
4;4;anglais;BERT;The committee asked;what;;;the banker;;sold;a mortgage;with faulty credit;
4;5;anglais;BERT;The committee asked;that;;;the banker;from the big company;sold;a mortgage;with faulty credit;
4;6;anglais;BERT;The committee asked;that;;;the banker;from the big company;sold;a mortgage;with faulty credit;
4;7;anglais;BERT;The committee asked;what;;;the banker;from the big company;sold;a mortgage;with faulty credit;
4;8;anglais;BERT;The committee asked;what;;;the banker;from the big company;sold;a mortgage;with faulty credit;
4;9;anglais;BERT;The committee asked;that;the regulations took effect;before;the banker;;sold;a mortgage;with faulty credit;
4;10;anglais;BERT;The committee asked;that;the regulations took effect;before;the banker;;sold;a mortgage;with faulty credit;
4;11;anglais;BERT;The committee asked;what;the regulations took effect;before;the banker;;sold;a mortgage;with faulty credit;
4;12;anglais;BERT;The committee asked;what;the regulations took effect;before;the banker;;sold;a mortgage;with faulty credit;
5;1;anglais;BERT;The first mate said;that;;;the sailor;;hauled;a line;with all his might;
5;2;anglais;BERT;The first mate said;that;;;the sailor;;hauled;a line;with all his might;
5;3;anglais;BERT;The first mate said;what;;;the sailor;;hauled;a line;with all his might;
5;4;anglais;BERT;The first mate said;what;;;the sailor;;hauled;a line;with all his might;
5;5;anglais;BERT;The first mate said;that;;;the sailor;in the rain jacket;hauled;a line;with all his might;
5;6;anglais;BERT;The first mate said;that;;;the sailor;in the rain jacket;hauled;a line;with all his might;
5;7;anglais;BERT;The first mate said;what;;;the sailor;in the rain jacket;hauled;a line;with all his might;
5;8;anglais;BERT;The first mate said;what;;;the sailor;in the rain jacket;hauled;a line;with all his might;
5;9;anglais;BERT;The first mate said;that;the captain gripped the wheel;while;the sailor;;hauled;a line;with all his might;
5;10;anglais;BERT;The first mate said;that;the captain gripped the wheel;while;the sailor;;hauled;a line;with all his might;
5;11;anglais;BERT;The first mate said;what;the captain gripped the wheel;while;the sailor;;hauled;a line;with all his might;
5;12;anglais;BERT;The first mate said;what;the captain gripped the wheel;while;the sailor;;hauled;a line;with all his might;
6;1;anglais;BERT;The newspaper said;that;;;the soccer player;;scored;a goal;during the championship;
6;2;anglais;BERT;The newspaper said;that;;;the soccer player;;scored;a goal;during the championship;
6;3;anglais;BERT;The newspaper said;what;;;the soccer player;;scored;a goal;during the championship;
6;4;anglais;BERT;The newspaper said;what;;;the soccer player;;scored;a goal;during the championship;
6;5;anglais;BERT;The newspaper said;that;;;the soccer player;from the rival team;scored;a goal;during the championship;
6;6;anglais;BERT;The newspaper said;that;;;the soccer player;from the rival team;scored;a goal;during the championship;
6;7;anglais;BERT;The newspaper said;what;;;the soccer player;from the rival team;scored;a goal;during the championship;
6;8;anglais;BERT;The newspaper said;what;;;the soccer player;from the rival team;scored;a goal;during the championship;
6;9;anglais;BERT;The newspaper said;that;the fans rioted;after;the soccer player;;scored;a goal;during the championship;
6;10;anglais;BERT;The newspaper said;that;the fans rioted;after;the soccer player;;scored;a goal;during the championship;
6;11;anglais;BERT;The newspaper said;what;the fans rioted;after;the soccer player;;scored;a goal;during the championship;
6;12;anglais;BERT;The newspaper said;what;the fans rioted;after;the soccer player;;scored;a goal;during the championship;
7;1;anglais;BERT;The husband saw;that;;;the maid;;broke;a vase;in the hallway;
7;2;anglais;BERT;The husband saw;that;;;the maid;;broke;a vase;in the hallway;
7;3;anglais;BERT;The husband saw;what;;;the maid;;broke;a vase;in the hallway;
7;4;anglais;BERT;The husband saw;what;;;the maid;;broke;a vase;in the hallway;
7;5;anglais;BERT;The husband saw;that;;;the maid;from the new cleaning service;broke;a vase;in the hallway;
7;6;anglais;BERT;The husband saw;that;;;the maid;from the new cleaning service;broke;a vase;in the hallway;
7;7;anglais;BERT;The husband saw;what;;;the maid;from the new cleaning service;broke;a vase;in the hallway;
7;8;anglais;BERT;The husband saw;what;;;the maid;from the new cleaning service;broke;a vase;in the hallway;
7;9;anglais;BERT;The husband saw;that;the woman cut her foot;after;the maid;;broke;a vase;in the hallway;
7;10;anglais;BERT;The husband saw;that;the woman cut her foot;after;the maid;;broke;a vase;in the hallway;
7;11;anglais;BERT;The husband saw;what;the woman cut her foot;after;the maid;;broke;a vase;in the hallway;
7;12;anglais;BERT;The husband saw;what;the woman cut her foot;after;the maid;;broke;a vase;in the hallway;
8;1;anglais;BERT;The administrator discovered;that;;;the students;;wrote about;philosophy;for their term paper;
8;2;anglais;BERT;The administrator discovered;that;;;the students;;wrote about;philosophy;for their term paper;
8;3;anglais;BERT;The administrator discovered;what;;;the students;;wrote about;philosophy;for their term paper;
8;4;anglais;BERT;The administrator discovered;what;;;the students;;wrote about;philosophy;for their term paper;
8;5;anglais;BERT;The administrator discovered;that;;;the students;who were all very diligent;wrote about;philosophy;for their term paper;
8;6;anglais;BERT;The administrator discovered;that;;;the students;who were all very diligent;wrote about;philosophy;for their term paper;
8;7;anglais;BERT;The administrator discovered;what;;;the students;who were all very diligent;wrote about;philosophy;for their term paper;
8;8;anglais;BERT;The administrator discovered;what;;;the students;who were all very diligent;wrote about;philosophy;for their term paper;
8;9;anglais;BERT;The administrator discovered;that;the professor was impressed;after;the students;;wrote about;philosophy;for their term paper;
8;10;anglais;BERT;The administrator discovered;that;the professor was impressed;after;the students;;wrote about;philosophy;for their term paper;
8;11;anglais;BERT;The administrator discovered;what;the professor was impressed;after;the students;;wrote about;philosophy;for their term paper;
8;12;anglais;BERT;The administrator discovered;what;the professor was impressed;after;the students;;wrote about;philosophy;for their term paper;
9;1;anglais;BERT;My mother recalled;that;;;the fireman;;rescued;her cat;from the burning building;
9;2;anglais;BERT;My mother recalled;that;;;the fireman;;rescued;her cat;from the burning building;
9;3;anglais;BERT;My mother recalled;what;;;the fireman;;rescued;her cat;from the burning building;
9;4;anglais;BERT;My mother recalled;what;;;the fireman;;rescued;her cat;from the burning building;
9;5;anglais;BERT;My mother recalled;that;;;the fireman;who only recently started working for the department;rescued;her cat;from the burning building;
9;6;anglais;BERT;My mother recalled;that;;;the fireman;who only recently started working for the department;rescued;her cat;from the burning building;
9;7;anglais;BERT;My mother recalled;what;;;the fireman;who only recently started working for the department;rescued;her cat;from the burning building;
9;8;anglais;BERT;My mother recalled;what;;;the fireman;who only recently started working for the department;rescued;her cat;from the burning building;
9;9;anglais;BERT;My mother recalled;that;lady nearly had a heart attack;after;the fireman;;rescued;her cat;from the burning building;
9;10;anglais;BERT;My mother recalled;that;lady nearly had a heart attack;after;the fireman;;rescued;her cat;from the burning building;
9;11;anglais;BERT;My mother recalled;what;lady nearly had a heart attack;after;the fireman;;rescued;her cat;from the burning building;
9;12;anglais;BERT;My mother recalled;what;lady nearly had a heart attack;after;the fireman;;rescued;her cat;from the burning building;
10;1;anglais;BERT;Our friend said;that;;;the customer;;offered to by;the new car;on credit;
10;2;anglais;BERT;Our friend said;that;;;the customer;;offered to by;the new car;on credit;
10;3;anglais;BERT;Our friend said;what;;;the customer;;offered to by;the new car;on credit;
10;4;anglais;BERT;Our friend said;what;;;the customer;;offered to by;the new car;on credit;
10;5;anglais;BERT;Our friend said;that;;;the customer;who had never owned a vehicle before;offered to by;the new car;on credit;
10;6;anglais;BERT;Our friend said;that;;;the customer;who had never owned a vehicle before;offered to by;the new car;on credit;
10;7;anglais;BERT;Our friend said;what;;;the customer;who had never owned a vehicle before;offered to by;the new car;on credit;
10;8;anglais;BERT;Our friend said;what;;;the customer;who had never owned a vehicle before;offered to by;the new car;on credit;
10;9;anglais;BERT;Our friend said;that;the salesman made a quick calculation;before;the customer;;offered to by;the new car;on credit;
10;10;anglais;BERT;Our friend said;that;the salesman made a quick calculation;before;the customer;;offered to by;the new car;on credit;
10;11;anglais;BERT;Our friend said;what;the salesman made a quick calculation;before;the customer;;offered to by;the new car;on credit;
10;12;anglais;BERT;Our friend said;what;the salesman made a quick calculation;before;the customer;;offered to by;the new car;on credit;
11;1;anglais;BERT;The memoir recounted;that;;;the tennis player;;was thinking about;her serve;before the match;
11;2;anglais;BERT;The memoir recounted;that;;;the tennis player;;was thinking about;her serve;before the match;
11;3;anglais;BERT;The memoir recounted;what;;;the tennis player;;was thinking about;her serve;before the match;
11;4;anglais;BERT;The memoir recounted;what;;;the tennis player;;was thinking about;her serve;before the match;
11;5;anglais;BERT;The memoir recounted;that;;;the tennis player;who hoped to win the grand island tournament;was thinking about;her serve;before the match;
11;6;anglais;BERT;The memoir recounted;that;;;the tennis player;who hoped to win the grand island tournament;was thinking about;her serve;before the match;
11;7;anglais;BERT;The memoir recounted;what;;;the tennis player;who hoped to win the grand island tournament;was thinking about;her serve;before the match;
11;8;anglais;BERT;The memoir recounted;what;;;the tennis player;who hoped to win the grand island tournament;was thinking about;her serve;before the match;
11;9;anglais;BERT;The memoir recounted;that;the coach took a drink of water;while;the tennis player;;was thinking about;her serve;before the match;
11;10;anglais;BERT;The memoir recounted;that;the coach took a drink of water;while;the tennis player;;was thinking about;her serve;before the match;
11;11;anglais;BERT;The memoir recounted;what;the coach took a drink of water;while;the tennis player;;was thinking about;her serve;before the match;
11;12;anglais;BERT;The memoir recounted;what;the coach took a drink of water;while;the tennis player;;was thinking about;her serve;before the match;
12;1;anglais;BERT;Your father noticed;that;;;the author;;signed;a copy of his book;after the reading;
12;2;anglais;BERT;Your father noticed;that;;;the author;;signed;a copy of his book;after the reading;
12;3;anglais;BERT;Your father noticed;what;;;the author;;signed;a copy of his book;after the reading;
12;4;anglais;BERT;Your father noticed;what;;;the author;;signed;a copy of his book;after the reading;
12;5;anglais;BERT;Your father noticed;that;;;the author;who the fans adored ;signed;a copy of his book;after the reading;
12;6;anglais;BERT;Your father noticed;that;;;the author;who the fans adored ;signed;a copy of his book;after the reading;
12;7;anglais;BERT;Your father noticed;what;;;the author;who the fans adored ;signed;a copy of his book;after the reading;
12;8;anglais;BERT;Your father noticed;what;;;the author;who the fans adored ;signed;a copy of his book;after the reading;
12;9;anglais;BERT;Your father noticed;that;the reporters took photographs;while;the author;;signed;a copy of his book;after the reading;
12;10;anglais;BERT;Your father noticed;that;the reporters took photographs;while;the author;;signed;a copy of his book;after the reading;
12;11;anglais;BERT;Your father noticed;what;the reporters took photographs;while;the author;;signed;a copy of his book;after the reading;
12;12;anglais;BERT;Your father noticed;what;the reporters took photographs;while;the author;;signed;a copy of his book;after the reading;
13;1;anglais;BERT;The report described;that;;;the zoo keeper;;lost track of;a kangaroo;at the zoo;
13;2;anglais;BERT;The report described;that;;;the zoo keeper;;lost track of;a kangaroo;at the zoo;
13;3;anglais;BERT;The report described;what;;;the zoo keeper;;lost track of;a kangaroo;at the zoo;
13;4;anglais;BERT;The report described;what;;;the zoo keeper;;lost track of;a kangaroo;at the zoo;
13;5;anglais;BERT;The report described;that;;;the zoo keeper;who was sleeping on the job;lost track of;a kangaroo;at the zoo;
13;6;anglais;BERT;The report described;that;;;the zoo keeper;who was sleeping on the job;lost track of;a kangaroo;at the zoo;
13;7;anglais;BERT;The report described;what;;;the zoo keeper;who was sleeping on the job;lost track of;a kangaroo;at the zoo;
13;8;anglais;BERT;The report described;what;;;the zoo keeper;who was sleeping on the job;lost track of;a kangaroo;at the zoo;
13;9;anglais;BERT;The report described;that;the police responded quickly;after;the zoo keeper;;lost track of;a kangaroo;at the zoo;
13;10;anglais;BERT;The report described;that;the police responded quickly;after;the zoo keeper;;lost track of;a kangaroo;at the zoo;
13;11;anglais;BERT;The report described;what;the police responded quickly;after;the zoo keeper;;lost track of;a kangaroo;at the zoo;
13;12;anglais;BERT;The report described;what;the police responded quickly;after;the zoo keeper;;lost track of;a kangaroo;at the zoo;
14;1;anglais;BERT;The reporter said;that;;;the citizens;;talked about;a new bill;at the town hall meeting;
14;2;anglais;BERT;The reporter said;that;;;the citizens;;talked about;a new bill;at the town hall meeting;
14;3;anglais;BERT;The reporter said;what;;;the citizens;;talked about;a new bill;at the town hall meeting;
14;4;anglais;BERT;The reporter said;what;;;the citizens;;talked about;a new bill;at the town hall meeting;
14;5;anglais;BERT;The reporter said;that;;;the citizens;who cared about civic engagement;talked about;a new bill;at the town hall meeting;
14;6;anglais;BERT;The reporter said;that;;;the citizens;who cared about civic engagement;talked about;a new bill;at the town hall meeting;
14;7;anglais;BERT;The reporter said;what;;;the citizens;who cared about civic engagement;talked about;a new bill;at the town hall meeting;
14;8;anglais;BERT;The reporter said;what;;;the citizens;who cared about civic engagement;talked about;a new bill;at the town hall meeting;
14;9;anglais;BERT;The reporter said;that;the mayor smoked a cigar;while;the citizens;;talked about;a new bill;at the town hall meeting;
14;10;anglais;BERT;The reporter said;that;the mayor smoked a cigar;while;the citizens;;talked about;a new bill;at the town hall meeting;
14;11;anglais;BERT;The reporter said;what;the mayor smoked a cigar;while;the citizens;;talked about;a new bill;at the town hall meeting;
14;12;anglais;BERT;The reporter said;what;the mayor smoked a cigar;while;the citizens;;talked about;a new bill;at the town hall meeting;
15;1;anglais;BERT;The assistant realized;that;;;the nurse;;comforted;the patient;in the waiting room;
15;2;anglais;BERT;The assistant realized;that;;;the nurse;;comforted;the patient;in the waiting room;
15;3;anglais;BERT;The assistant realized;what;;;the nurse;;comforted;the patient;in the waiting room;
15;4;anglais;BERT;The assistant realized;what;;;the nurse;;comforted;the patient;in the waiting room;
15;5;anglais;BERT;The assistant realized;that;;;the nurse;in the white uniform;comforted;the patient;in the waiting room;
15;6;anglais;BERT;The assistant realized;that;;;the nurse;in the white uniform;comforted;the patient;in the waiting room;
15;7;anglais;BERT;The assistant realized;what;;;the nurse;in the white uniform;comforted;the patient;in the waiting room;
15;8;anglais;BERT;The assistant realized;what;;;the nurse;in the white uniform;comforted;the patient;in the waiting room;
15;9;anglais;BERT;The assistant realized;that;the doctor napped;while;the nurse;;comforted;the patient;in the waiting room;the doctor napped
15;10;anglais;BERT;The assistant realized;that;the doctor napped;while;the nurse;;comforted;the patient;in the waiting room;the doctor napped
15;11;anglais;BERT;The assistant realized;what;the doctor napped;while;the nurse;;comforted;the patient;in the waiting room;the doctor napped
15;12;anglais;BERT;The assistant realized;what;the doctor napped;while;the nurse;;comforted;the patient;in the waiting room;the doctor napped
16;1;anglais;BERT;Your friend said;that;;;the librarian;;placed;the book;on the wrong shelf;
16;2;anglais;BERT;Your friend said;that;;;the librarian;;placed;the book;on the wrong shelf;
16;3;anglais;BERT;Your friend said;what;;;the librarian;;placed;the book;on the wrong shelf;
16;4;anglais;BERT;Your friend said;what;;;the librarian;;placed;the book;on the wrong shelf;
16;5;anglais;BERT;Your friend said;that;;;the librarian;in the thick plastic glasses ;placed;the book;on the wrong shelf;
16;6;anglais;BERT;Your friend said;that;;;the librarian;in the thick plastic glasses ;placed;the book;on the wrong shelf;
16;7;anglais;BERT;Your friend said;what;;;the librarian;in the thick plastic glasses ;placed;the book;on the wrong shelf;
16;8;anglais;BERT;Your friend said;what;;;the librarian;in the thick plastic glasses ;placed;the book;on the wrong shelf;
16;9;anglais;BERT;Your friend said;that;the patron got angry;after;the librarian;;placed;the book;on the wrong shelf;
16;10;anglais;BERT;Your friend said;that;the patron got angry;after;the librarian;;placed;the book;on the wrong shelf;
16;11;anglais;BERT;Your friend said;what;the patron got angry;after;the librarian;;placed;the book;on the wrong shelf;
16;12;anglais;BERT;Your friend said;what;the patron got angry;after;the librarian;;placed;the book;on the wrong shelf;
17;1;anglais;BERT;The witness realized;that;;;the lawyers;;shredded;the documents;late at night;
17;2;anglais;BERT;The witness realized;that;;;the lawyers;;shredded;the documents;late at night;
17;3;anglais;BERT;The witness realized;what;;;the lawyers;;shredded;the documents;late at night;
17;4;anglais;BERT;The witness realized;what;;;the lawyers;;shredded;the documents;late at night;
17;5;anglais;BERT;The witness realized;that;;;the lawyers;in dark suits and ties;shredded;the documents;late at night;
17;6;anglais;BERT;The witness realized;that;;;the lawyers;in dark suits and ties;shredded;the documents;late at night;
17;7;anglais;BERT;The witness realized;what;;;the lawyers;in dark suits and ties;shredded;the documents;late at night;
17;8;anglais;BERT;The witness realized;what;;;the lawyers;in dark suits and ties;shredded;the documents;late at night;
17;9;anglais;BERT;The witness realized;that;the interns made coffee;while;the lawyers;;shredded;the documents;late at night;
17;10;anglais;BERT;The witness realized;that;the interns made coffee;while;the lawyers;;shredded;the documents;late at night;
17;11;anglais;BERT;The witness realized;what;the interns made coffee;while;the lawyers;;shredded;the documents;late at night;
17;12;anglais;BERT;The witness realized;what;the interns made coffee;while;the lawyers;;shredded;the documents;late at night;
18;1;anglais;BERT;The article said;that;;;the chef;;prepared;the soup;before the dinner rush;
18;2;anglais;BERT;The article said;that;;;the chef;;prepared;the soup;before the dinner rush;
18;3;anglais;BERT;The article said;what;;;the chef;;prepared;the soup;before the dinner rush;
18;4;anglais;BERT;The article said;what;;;the chef;;prepared;the soup;before the dinner rush;
18;5;anglais;BERT;The article said;that;;;the chef;who was originally from France;prepared;the soup;before the dinner rush;
18;6;anglais;BERT;The article said;that;;;the chef;who was originally from France;prepared;the soup;before the dinner rush;
18;7;anglais;BERT;The article said;what;;;the chef;who was originally from France;prepared;the soup;before the dinner rush;
18;8;anglais;BERT;The article said;what;;;the chef;who was originally from France;prepared;the soup;before the dinner rush;
18;9;anglais;BERT;The article said;that;the waiter set the table;while;the chef;;prepared;the soup;before the dinner rush;
18;10;anglais;BERT;The article said;that;the waiter set the table;while;the chef;;prepared;the soup;before the dinner rush;
18;11;anglais;BERT;The article said;what;the waiter set the table;while;the chef;;prepared;the soup;before the dinner rush;
18;12;anglais;BERT;The article said;what;the waiter set the table;while;the chef;;prepared;the soup;before the dinner rush;
19;1;anglais;BERT;The insurance company concluded;that;;;the taxi driver;;hit;the deer;while driving recklessly;
19;2;anglais;BERT;The insurance company concluded;that;;;the taxi driver;;hit;the deer;while driving recklessly;
19;3;anglais;BERT;The insurance company concluded;what;;;the taxi driver;;hit;the deer;while driving recklessly;
19;4;anglais;BERT;The insurance company concluded;what;;;the taxi driver;;hit;the deer;while driving recklessly;
19;5;anglais;BERT;The insurance company concluded;that;;;the taxi driver;in the checkered cap;hit;the deer;while driving recklessly;
19;6;anglais;BERT;The insurance company concluded;that;;;the taxi driver;in the checkered cap;hit;the deer;while driving recklessly;
19;7;anglais;BERT;The insurance company concluded;what;;;the taxi driver;in the checkered cap;hit;the deer;while driving recklessly;
19;8;anglais;BERT;The insurance company concluded;what;;;the taxi driver;in the checkered cap;hit;the deer;while driving recklessly;
19;9;anglais;BERT;The insurance company concluded;that;the trucker swerved;after;the taxi driver;;hit;the deer;while driving recklessly;
19;10;anglais;BERT;The insurance company concluded;that;the trucker swerved;after;the taxi driver;;hit;the deer;while driving recklessly;
19;11;anglais;BERT;The insurance company concluded;what;the trucker swerved;after;the taxi driver;;hit;the deer;while driving recklessly;
19;12;anglais;BERT;The insurance company concluded;what;the trucker swerved;after;the taxi driver;;hit;the deer;while driving recklessly;
20;1;anglais;BERT;The museum director realized;that;;;the burglar;;stole;the painting;last night;
20;2;anglais;BERT;The museum director realized;that;;;the burglar;;stole;the painting;last night;
20;3;anglais;BERT;The museum director realized;what;;;the burglar;;stole;the painting;last night;
20;4;anglais;BERT;The museum director realized;what;;;the burglar;;stole;the painting;last night;
20;5;anglais;BERT;The museum director realized;that;;;the burglar;who posed as a visitor;stole;the painting;last night;
20;6;anglais;BERT;The museum director realized;that;;;the burglar;who posed as a visitor;stole;the painting;last night;
20;7;anglais;BERT;The museum director realized;what;;;the burglar;who posed as a visitor;stole;the painting;last night;
20;8;anglais;BERT;The museum director realized;what;;;the burglar;who posed as a visitor;stole;the painting;last night;
20;9;anglais;BERT;The museum director realized;that;the security guard dozed;while;the burglar;;stole;the painting;last night;
20;10;anglais;BERT;The museum director realized;that;the security guard dozed;while;the burglar;;stole;the painting;last night;
20;11;anglais;BERT;The museum director realized;what;the security guard dozed;while;the burglar;;stole;the painting;last night;
20;12;anglais;BERT;The museum director realized;what;the security guard dozed;while;the burglar;;stole;the painting;last night;