﻿numero;Var;Region;mot;model;langue;surprise;
1;CMPsg;1;Roland;lstm;anglais;0;
1;CMPsg;2;to;lstm;anglais;4.065931;
1;CMPsg;3;offender;lstm;anglais;17.130426;
1;CMPsg;4;that;lstm;anglais;4.532491;
1;CMPsg;5;policeman;lstm;anglais;14.287859;
1;CMPsg;6;intervening;lstm;anglais;15.387637;
1;CMPsg;7;secretly;lstm;anglais;14.525374;
1;CMPsg;8;month;lstm;anglais;7.430395;
1;ORCpl;1;Roland;lstm;anglais;0.0;
1;ORCpl;2;to;lstm;anglais;5.805178;
1;ORCpl;3;offenders;lstm;anglais;18.437792;
1;ORCpl;4;that;lstm;anglais;5.909733999999999;
1;ORCpl;5;policeman;lstm;anglais;13.31361;
1;ORCpl;6;investigating;lstm;anglais;12.466907;
1;ORCpl;7;secretly;lstm;anglais;17.042891;
1;ORCpl;8;month;lstm;anglais;7.762252;
1;ORCsg;1;Roland;lstm;anglais;0.0;
1;ORCsg;2;to;lstm;anglais;5.805178;
1;ORCsg;3;offender;lstm;anglais;17.758926000000002;
1;ORCsg;4;that;lstm;anglais;6.050642;
1;ORCsg;5;policeman;lstm;anglais;13.268298000000001;
1;ORCsg;6;investigating;lstm;anglais;11.858812;
1;ORCsg;7;secretly;lstm;anglais;15.906329999999999;
1;ORCsg;8;month;lstm;anglais;7.753249;
1;CMPpl;1;Roland;lstm;anglais;0;
1;CMPpl;2;to;lstm;anglais;4.065931;
1;CMPpl;3;offenders;lstm;anglais;17.757792000000002;
1;CMPpl;4;that;lstm;anglais;4.527254;
1;CMPpl;5;policeman;lstm;anglais;14.370501999999998;
1;CMPpl;6;intervening;lstm;anglais;15.537829;
1;CMPpl;7;secretly;lstm;anglais;14.65901;
1;CMPpl;8;month;lstm;anglais;7.386655;
2;CMPsg;1;Julia;lstm;anglais;0.0;
2;CMPsg;2;to;lstm;anglais;4.23152;
2;CMPsg;3;student;lstm;anglais;12.259798;
2;CMPsg;4;that;lstm;anglais;6.297011;
2;CMPsg;5;speaker;lstm;anglais;11.718092;
2;CMPsg;6;yawning;lstm;anglais;19.244754999999998;
2;CMPsg;7;frequently;lstm;anglais;14.824541;
2;CMPsg;8;beginning;lstm;anglais;9.233006;
2;ORCpl;1;Julia;lstm;anglais;0.0;
2;ORCpl;2;to;lstm;anglais;6.482704;
2;ORCpl;3;students;lstm;anglais;10.776501;
2;ORCpl;4;that;lstm;anglais;5.782976000000001;
2;ORCpl;5;speaker;lstm;anglais;11.357330000000001;
2;ORCpl;6;sleep;lstm;anglais;9.992759;
2;ORCpl;7;seriously;lstm;anglais;11.405716;
2;ORCpl;8;beginning;lstm;anglais;9.54979;
2;ORCsg;1;Julia;lstm;anglais;0.0;
2;ORCsg;2;to;lstm;anglais;5.729623;
2;ORCsg;3;student;lstm;anglais;11.824661;
2;ORCsg;4;that;lstm;anglais;7.864078999999999;
2;ORCsg;5;speaker;lstm;anglais;11.423005999999999;
2;ORCsg;6;sleep;lstm;anglais;9.633855;
2;ORCsg;7;seriously;lstm;anglais;12.04411;
2;ORCsg;8;beginning;lstm;anglais;9.599777;
2;CMPpl;1;Julia;lstm;anglais;0.0;
2;CMPpl;2;to;lstm;anglais;4.23152;
2;CMPpl;3;students;lstm;anglais;10.515195;
2;CMPpl;4;that;lstm;anglais;4.141506;
2;CMPpl;5;speaker;lstm;anglais;11.768313000000001;
2;CMPpl;6;yawning;lstm;anglais;19.299425;
2;CMPpl;7;frequently;lstm;anglais;14.504207000000001;
2;CMPpl;8;beginning;lstm;anglais;9.230323;
3;CMPsg;1;Paul;lstm;anglais;0.0;
3;CMPsg;2;to;lstm;anglais;4.87329;
3;CMPsg;3;voter;lstm;anglais;16.928509;
3;CMPsg;4;that;lstm;anglais;3.9354419999999997;
3;CMPsg;5;politician;lstm;anglais;12.549615;
3;CMPsg;6;lying;lstm;anglais;11.267358;
3;CMPsg;7;shamelessly;lstm;anglais;21.211796;
3;CMPsg;8;elections;lstm;anglais;11.073893;
3;ORCpl;1;Paul;lstm;anglais;0.0;
3;ORCpl;2;of;lstm;anglais;5.362297;
3;ORCpl;3;voters;lstm;anglais;12.038648;
3;ORCpl;4;that;lstm;anglais;5.666546;
3;ORCpl;5;politician;lstm;anglais;12.800252;
3;ORCpl;6;disappointed;lstm;anglais;15.061712;
3;ORCpl;7;deeply;lstm;anglais;12.713374;
3;ORCpl;8;elections;lstm;anglais;ao√ªt.14;
3;ORCsg;1;Paul;lstm;anglais;0.0;
3;ORCsg;2;of;lstm;anglais;5.362297;
3;ORCsg;3;voter;lstm;anglais;17.382524;
3;ORCsg;4;that;lstm;anglais;6.201507;
3;ORCsg;5;politician;lstm;anglais;12.516950999999999;
3;ORCsg;6;disappointed;lstm;anglais;15.366698999999999;
3;ORCsg;7;deeply;lstm;anglais;12.543616;
3;ORCsg;8;elections;lstm;anglais;9.175953999999999;
3;CMPpl;1;Paul;lstm;anglais;0.0;
3;CMPpl;2;to;lstm;anglais;4.87329;
3;CMPpl;3;voters;lstm;anglais;10.717342;
3;CMPpl;4;that;lstm;anglais;3.727156;
3;CMPpl;5;politician;lstm;anglais;12.704025;
3;CMPpl;6;lying;lstm;anglais;11.421472999999999;
3;CMPpl;7;shamelessly;lstm;anglais;21.332233;
3;CMPpl;8;elections;lstm;anglais;10.822339999999999;
4;CMPsg;1;Louise;lstm;anglais;0.0;
4;CMPsg;2;to;lstm;anglais;6.431661;
4;CMPsg;3;girl;lstm;anglais;11.653156;
4;CMPsg;4;that;lstm;anglais;5.964427;
4;CMPsg;5;witch;lstm;anglais;14.432035;
4;CMPsg;6;grimaces;lstm;anglais;19.577051;
4;CMPsg;7;purpose;lstm;anglais;19.309664;
4;CMPsg;8;Halloween;lstm;anglais;16.099923999999998;
4;ORCpl;1;Louise;lstm;anglais;0.0;
4;ORCpl;2;to;lstm;anglais;5.834015;
4;ORCpl;3;girls;lstm;anglais;12.678456;
4;ORCpl;4;that;lstm;anglais;5.61505;
4;ORCpl;5;witch;lstm;anglais;14.637407000000001;
4;ORCpl;6;frightens;lstm;anglais;17.615398000000003;
4;ORCpl;7;purpose;lstm;anglais;18.289324;
4;ORCpl;8;Halloween;lstm;anglais;15.95563;
4;ORCsg;1;Louise;lstm;anglais;0.0;
4;ORCsg;2;to;lstm;anglais;5.834015;
4;ORCsg;3;girl;lstm;anglais;12.054217;
4;ORCsg;4;that;lstm;anglais;6.440430999999999;
4;ORCsg;5;witch;lstm;anglais;14.334060999999998;
4;ORCsg;6;frightens;lstm;anglais;17.455408;
4;ORCsg;7;purpose;lstm;anglais;18.607893;
4;ORCsg;8;Halloween;lstm;anglais;16.296423;
4;CMPpl;1;Louise;lstm;anglais;0.0;
4;CMPpl;2;to;lstm;anglais;6.431661;
4;CMPpl;3;girls;lstm;anglais;12.210006;
4;CMPpl;4;that;lstm;anglais;5.164176;
4;CMPpl;5;witch;lstm;anglais;14.855459;
4;CMPpl;6;grimaces;lstm;anglais;19.619856;
4;CMPpl;7;purpose;lstm;anglais;19.174519;
4;CMPpl;8;Halloween;lstm;anglais;15.901551000000001;
5;CMPsg;1;Laura;lstm;anglais;0.0;
5;CMPsg;2;to;lstm;anglais;6.523374;
5;CMPsg;3;shepherd;lstm;anglais;17.3111;
5;CMPsg;4;that;lstm;anglais;5.391191;
5;CMPsg;5;sheep;lstm;anglais;14.683335000000001;
5;CMPsg;6;bleeting;lstm;anglais;0;bleeting
5;CMPsg;7;stupidly;lstm;anglais;22.924126;
5;CMPsg;8;shearing;lstm;anglais;19.163877;
5;ORCpl;1;Laura;lstm;anglais;0.0;
5;ORCpl;2;to;lstm;anglais;6.05661;
5;ORCpl;3;shepherds;lstm;anglais;18.588549;
5;ORCpl;4;that;lstm;anglais;4.7645800000000005;
5;ORCpl;5;sheep;lstm;anglais;13.421024;
5;ORCpl;6;following;lstm;anglais;13.251678;
5;ORCpl;7;stupidly;lstm;anglais;22.348965;
5;ORCpl;8;shearing;lstm;anglais;19.28726;
5;ORCsg;1;Laura;lstm;anglais;0.0;
5;ORCsg;2;to;lstm;anglais;6.05661;
5;ORCsg;3;shepherd;lstm;anglais;17.290092;
5;ORCsg;4;that;lstm;anglais;6.262615;
5;ORCsg;5;sheep;lstm;anglais;14.145425;
5;ORCsg;6;following;lstm;anglais;13.422139999999999;
5;ORCsg;7;stupidly;lstm;anglais;21.773897;
5;ORCsg;8;shearing;lstm;anglais;19.329069;
5;CMPpl;1;Laura;lstm;anglais;0.0;
5;CMPpl;2;to;lstm;anglais;6.523374;
5;CMPpl;3;shepherds;lstm;anglais;19.310807999999998;
5;CMPpl;4;that;lstm;anglais;3.755589;
5;CMPpl;5;sheep;lstm;anglais;13.594898;
5;CMPpl;6;bleeting;lstm;anglais;0;bleeting
5;CMPpl;7;stupidly;lstm;anglais;23.211233;
5;CMPpl;8;shearing;lstm;anglais;19.057655;
6;CMPsg;1;Peter;lstm;anglais;0.0;
6;CMPsg;2;to;lstm;anglais;3.939685;
6;CMPsg;3;candidate;lstm;anglais;11.963352;
6;CMPsg;4;that;lstm;anglais;5.306958;
6;CMPsg;5;jury;lstm;anglais;11.914716;
6;CMPsg;6;deliberate;lstm;anglais;17.628410000000002;
6;CMPsg;7;firmly;lstm;anglais;17.251328;
6;CMPsg;8;audition;lstm;anglais;18.511726;
6;ORCpl;1;Peter;lstm;anglais;0.0;
6;ORCpl;2;calls;lstm;anglais;18.653103;
6;ORCpl;3;candidates;lstm;anglais;13.530788000000001;
6;ORCpl;4;that;lstm;anglais;5.613329;
6;ORCpl;5;jury;lstm;anglais;12.325958;
6;ORCpl;6;for;lstm;anglais;1.8055450000000002;
6;ORCpl;7;patiently;lstm;anglais;17.110962;
6;ORCpl;8;audition;lstm;anglais;17.109104000000002;
6;ORCsg;1;Peter;lstm;anglais;0.0;
6;ORCsg;2;calls;lstm;anglais;18.653103;
6;ORCsg;3;candidate;lstm;anglais;11.624046;
6;ORCsg;4;that;lstm;anglais;5.883882;
6;ORCsg;5;jury;lstm;anglais;12.129650999999999;
6;ORCsg;6;for;lstm;anglais;1.739672;
6;ORCsg;7;patiently;lstm;anglais;17.022625;
6;ORCsg;8;audition;lstm;anglais;17.022078;
6;CMPpl;1;Peter;lstm;anglais;0.0;
6;CMPpl;2;to;lstm;anglais;3.939685;
6;CMPpl;3;candidates;lstm;anglais;11.759342;
6;CMPpl;4;that;lstm;anglais;5.1687769999999995;
6;CMPpl;5;jury;lstm;anglais;12.091304;
6;CMPpl;6;deliberate;lstm;anglais;17.483068;
6;CMPpl;7;firmly;lstm;anglais;17.404035999999998;
6;CMPpl;8;audition;lstm;anglais;18.552542000000003;
7;CMPsg;1;Mark;lstm;anglais;0.0;
7;CMPsg;2;to;lstm;anglais;6.699647;
7;CMPsg;3;population;lstm;anglais;13.037253;
7;CMPsg;4;that;lstm;anglais;5.074498;
7;CMPsg;5;unhappiness;lstm;anglais;19.642326;
7;CMPsg;6;continues;lstm;anglais;9.123768;
7;CMPsg;7;inevitably;lstm;anglais;15.618766;
7;CMPsg;8;tragedy;lstm;anglais;13.007721;
7;ORCpl;1;Mark;lstm;anglais;0.0;
7;ORCpl;2;of;lstm;anglais;5.7642940000000005;
7;ORCpl;3;people;lstm;anglais;9.080869;
7;ORCpl;4;that;lstm;anglais;5.084453;
7;ORCpl;5;unhappiness;lstm;anglais;19.456659;
7;ORCpl;6;unites;lstm;anglais;16.055269;
7;ORCpl;7;inevitably;lstm;anglais;19.196312;
7;ORCpl;8;tragedy;lstm;anglais;12.797125999999999;
7;ORCsg;1;Mark;lstm;anglais;0.0;
7;ORCsg;2;of;lstm;anglais;5.7642940000000005;
7;ORCsg;3;population;lstm;anglais;12.231373;
7;ORCsg;4;that;lstm;anglais;5.21018;
7;ORCsg;5;unhappiness;lstm;anglais;20.429169;
7;ORCsg;6;unites;lstm;anglais;16.179384;
7;ORCsg;7;inevitably;lstm;anglais;19.131466;
7;ORCsg;8;tragedy;lstm;anglais;13.143573000000002;
7;CMPpl;1;Mark;lstm;anglais;0.0;
7;CMPpl;2;to;lstm;anglais;6.699647;
7;CMPpl;3;people;lstm;anglais;8.291186999999999;
7;CMPpl;4;that;lstm;anglais;4.777221;
7;CMPpl;5;unhappiness;lstm;anglais;19.028893;
7;CMPpl;6;continues;lstm;anglais;9.621469;
7;CMPpl;7;inevitably;lstm;anglais;16.291187;
7;CMPpl;8;tragedy;lstm;anglais;12.798027000000001;
8;CMPsg;1;Claire;lstm;anglais;0.0;
8;CMPsg;2;reminds;lstm;anglais;18.305082000000002;
8;CMPsg;3;worker;lstm;anglais;11.299456;
8;CMPsg;4;that;lstm;anglais;3.879319;
8;CMPsg;5;fireplace;lstm;anglais;16.705742;
8;CMPsg;6;smoking;lstm;anglais;15.347059;
8;CMPsg;7;lot;lstm;anglais;6.6507830000000006;
8;CMPsg;8;works;lstm;anglais;13.686644;
8;ORCpl;1;Claire;lstm;anglais;0.0;
8;ORCpl;2;attracts;lstm;anglais;20.415348;
8;ORCpl;3;workers;lstm;anglais;10.126219;
8;ORCpl;4;that;lstm;anglais;5.6781559999999995;
8;ORCpl;5;fireplace;lstm;anglais;17.256477;
8;ORCpl;6;blackened;lstm;anglais;18.402876000000003;
8;ORCpl;7;lot;lstm;anglais;5.978994999999999;
8;ORCpl;8;works;lstm;anglais;12.876344;
8;ORCsg;1;Claire;lstm;anglais;0.0;
8;ORCsg;2;attracts;lstm;anglais;20.415348;
8;ORCsg;3;worker;lstm;anglais;12.130713;
8;ORCsg;4;that;lstm;anglais;6.651434;
8;ORCsg;5;fireplace;lstm;anglais;16.717426;
8;ORCsg;6;blackened;lstm;anglais;18.238537;
8;ORCsg;7;lot;lstm;anglais;6.034745;
8;ORCsg;8;works;lstm;anglais;12.606219;
8;CMPpl;1;Claire;lstm;anglais;0.0;
8;CMPpl;2;reminds;lstm;anglais;18.305082000000002;
8;CMPpl;3;workers;lstm;anglais;9.40805;
8;CMPpl;4;that;lstm;anglais;3.356607;
8;CMPpl;5;fireplace;lstm;anglais;17.204007999999998;
8;CMPpl;6;smoking;lstm;anglais;15.383427;
8;CMPpl;7;lot;lstm;anglais;6.507331;
8;CMPpl;8;works;lstm;anglais;14.002007;
9;CMPsg;1;Patricia;lstm;anglais;0.0;
9;CMPsg;2;to;lstm;anglais;1.4488860000000001;
9;CMPsg;3;customer;lstm;anglais;10.985665;
9;CMPsg;4;that;lstm;anglais;4.101486;
9;CMPsg;5;hat;lstm;anglais;16.180466;
9;CMPsg;6;pleasing;lstm;anglais;14.672671;
9;CMPsg;7;eye;lstm;anglais;10.649792999999999;
9;CMPsg;8;feathers;lstm;anglais;16.085663;
9;ORCpl;1;Patricia;lstm;anglais;0.0;
9;ORCpl;2;to;lstm;anglais;4.878743;
9;ORCpl;3;customers;lstm;anglais;11.764142;
9;ORCpl;4;that;lstm;anglais;5.015998000000001;
9;ORCpl;5;hat;lstm;anglais;18.348934;
9;ORCpl;6;tall;lstm;anglais;15.447837;
9;ORCpl;7;of;lstm;anglais;1.8735240000000002;
9;ORCpl;8;feathers;lstm;anglais;16.431097;
9;ORCsg;1;Patricia;lstm;anglais;0.0;
9;ORCsg;2;to;lstm;anglais;4.878743;
9;ORCsg;3;customer;lstm;anglais;11.953398;
9;ORCsg;4;that;lstm;anglais;5.697864;
9;ORCsg;5;hat;lstm;anglais;17.98637;
9;ORCsg;6;tall;lstm;anglais;15.431516;
9;ORCsg;7;of;lstm;anglais;1.9770299999999998;
9;ORCsg;8;feathers;lstm;anglais;16.425714000000003;
9;CMPpl;1;Patricia;lstm;anglais;0.0;
9;CMPpl;2;to;lstm;anglais;1.5185899999999999;
9;CMPpl;3;customers;lstm;anglais;10.965005;
9;CMPpl;4;that;lstm;anglais;3.893764;
9;CMPpl;5;hat;lstm;anglais;16.432281;
9;CMPpl;6;pleasing;lstm;anglais;14.658628;
9;CMPpl;7;eye;lstm;anglais;10.68135;
9;CMPpl;8;feathers;lstm;anglais;15.997504999999999;
10;CMPsg;1;Aude;lstm;anglais;0;
10;CMPsg;2;to;lstm;anglais;6.501023;
10;CMPsg;3;athlete;lstm;anglais;15.965318;
10;CMPsg;4;that;lstm;anglais;6.086393;
10;CMPsg;5;massage;lstm;anglais;18.155659;
10;CMPsg;6;begins;lstm;anglais;9.123594;
10;CMPsg;7;frequently;lstm;anglais;13.849604999999999;
10;CMPsg;8;training;lstm;anglais;12.892794;
10;ORCpl;1;Aude;lstm;anglais;0;
10;ORCpl;2;by;lstm;anglais;3.166992;
10;ORCpl;3;athletes;lstm;anglais;14.453934;
10;ORCpl;4;that;lstm;anglais;6.095651;
10;ORCpl;5;massage;lstm;anglais;18.615976;
10;ORCpl;6;relaxes;lstm;anglais;16.717423999999998;
10;ORCpl;7;always;lstm;anglais;12.129355;
10;ORCpl;8;training;lstm;anglais;13.204294;
10;ORCsg;1;Aude;lstm;anglais;0;
10;ORCsg;2;by;lstm;anglais;3.166992;
10;ORCsg;3;athlete;lstm;anglais;16.331594;
10;ORCsg;4;that;lstm;anglais;7.309825;
10;ORCsg;5;massage;lstm;anglais;18.4524;
10;ORCsg;6;relaxes;lstm;anglais;15.905941;
10;ORCsg;7;always;lstm;anglais;12.304551;
10;ORCsg;8;training;lstm;anglais;13.267416;
10;CMPpl;1;Aude;lstm;anglais;0;
10;CMPpl;2;to;lstm;anglais;6.501023;
10;CMPpl;3;athletes;lstm;anglais;14.120612;
10;CMPpl;4;that;lstm;anglais;5.367361;
10;CMPpl;5;massage;lstm;anglais;18.492466;
10;CMPpl;6;begins;lstm;anglais;9.273858;
10;CMPpl;7;frequently;lstm;anglais;13.640507000000001;
10;CMPpl;8;training;lstm;anglais;12.842027;
11;CMPsg;1;Luke;lstm;anglais;0.0;
11;CMPsg;2;tells;lstm;anglais;13.596060999999999;
11;CMPsg;3;girl;lstm;anglais;11.888223;
11;CMPsg;4;that;lstm;anglais;2.845727;
11;CMPsg;5;seducer;lstm;anglais;17.693320999999997;
11;CMPsg;6;chatting;lstm;anglais;13.479764999999999;
11;CMPsg;7;untiringly;lstm;anglais;0;untrigly
11;CMPsg;8;hour;lstm;anglais;4.905117;
11;ORCpl;1;Luke;lstm;anglais;0.0;
11;ORCpl;2;of;lstm;anglais;5.256184999999999;
11;ORCpl;3;girls;lstm;anglais;14.733879;
11;ORCpl;4;that;lstm;anglais;5.378665;
11;ORCpl;5;seducer;lstm;anglais;18.526455;
11;ORCpl;6;addressing;lstm;anglais;13.559989000000002;
11;ORCpl;7;assiduously;lstm;anglais;20.346619;
11;ORCpl;8;hour;lstm;anglais;6.490965;
11;ORCsg;1;Luke;lstm;anglais;0.0;
11;ORCsg;2;of;lstm;anglais;5.256184999999999;
11;ORCsg;3;girl;lstm;anglais;14.302588;
11;ORCsg;4;that;lstm;anglais;6.571699000000001;
11;ORCsg;5;seducer;lstm;anglais;17.942337;
11;ORCsg;6;addressing;lstm;anglais;13.823476000000001;
11;ORCsg;7;assiduously;lstm;anglais;20.596360999999998;
11;ORCsg;8;hour;lstm;anglais;6.332522;
11;CMPpl;1;Luke;lstm;anglais;0.0;
11;CMPpl;2;tells;lstm;anglais;13.596060999999999;
11;CMPpl;3;girls;lstm;anglais;12.070367;
11;CMPpl;4;that;lstm;anglais;2.71074;
11;CMPpl;5;seducer;lstm;anglais;18.245523000000002;
11;CMPpl;6;chatting;lstm;anglais;13.815757000000001;
11;CMPpl;7;untiringly;lstm;anglais;0;untrigly
11;CMPpl;8;hour;lstm;anglais;5.081491000000001;
12;CMPsg;1;Anne;lstm;anglais;0.0;
12;CMPsg;2;reminds;lstm;anglais;20.334328;
12;CMPsg;3;actor;lstm;anglais;10.488678;
12;CMPsg;4;that;lstm;anglais;4.621851;
12;CMPsg;5;audience;lstm;anglais;9.17628;
12;CMPsg;6;laughing;lstm;anglais;14.442829999999999;
12;CMPsg;7;frantically;lstm;anglais;16.327639;
12;CMPsg;8;show;lstm;anglais;10.131497999999999;
12;ORCpl;1;Anne;lstm;anglais;0.0;
12;ORCpl;2;to;lstm;anglais;5.276318;
12;ORCpl;3;actors;lstm;anglais;12.485985000000001;
12;ORCpl;4;that;lstm;anglais;5.334441;
12;ORCpl;5;audience;lstm;anglais;8.239384;
12;ORCpl;6;applauding;lstm;anglais;14.876473999999998;
12;ORCpl;7;frantically;lstm;anglais;18.769419;
12;ORCpl;8;show;lstm;anglais;10.310021;
12;ORCsg;1;Anne;lstm;anglais;0.0;
12;ORCsg;2;to;lstm;anglais;5.276318;
12;ORCsg;3;actor;lstm;anglais;11.678747;
12;ORCsg;4;that;lstm;anglais;6.695858;
12;ORCsg;5;audience;lstm;anglais;9.07122;
12;ORCsg;6;applauding;lstm;anglais;15.124827999999999;
12;ORCsg;7;frantically;lstm;anglais;18.522297000000002;
12;ORCsg;8;show;lstm;anglais;10.40748;
12;CMPpl;1;Anne;lstm;anglais;0.0;
12;CMPpl;2;reminds;lstm;anglais;20.334328;
12;CMPpl;3;actors;lstm;anglais;oct.25;
12;CMPpl;4;that;lstm;anglais;3.5079550000000004;
12;CMPpl;5;audience;lstm;anglais;8.279558;
12;CMPpl;6;laughing;lstm;anglais;14.269642999999999;
12;CMPpl;7;frantically;lstm;anglais;16.363935;
12;CMPpl;8;show;lstm;anglais;9.999744999999999;
13;CMPsg;1;Joan;lstm;anglais;0.0;
13;CMPsg;2;reminds;lstm;anglais;21.538494;
13;CMPsg;3;neighbour;lstm;anglais;0;neighbours
13;CMPsg;4;that;lstm;anglais;4.730071;
13;CMPsg;5;excursion;lstm;anglais;17.912321;
13;CMPsg;6;falling;lstm;anglais;15.935039999999999;
13;CMPsg;7;happily;lstm;anglais;15.426184;
13;CMPsg;8;year;lstm;anglais;5.275657;
13;ORCpl;1;Joan;lstm;anglais;0.0;
13;ORCpl;2;to;lstm;anglais;5.497022;
13;ORCpl;3;neighbours;lstm;anglais;0;neighbours
13;ORCpl;4;that;lstm;anglais;5.334899;
13;ORCpl;5;excursion;lstm;anglais;18.309048;
13;ORCpl;6;enthused;lstm;anglais;21.861273;
13;ORCpl;7;wildly;lstm;anglais;14.304647000000001;
13;ORCpl;8;year;lstm;anglais;5.245482;
13;ORCsg;1;Joan;lstm;anglais;0.0;
13;ORCsg;2;to;lstm;anglais;5.497022;
13;ORCsg;3;neighbour;lstm;anglais;0;neighbours
13;ORCsg;4;that;lstm;anglais;6.19868;
13;ORCsg;5;excursion;lstm;anglais;17.951723;
13;ORCsg;6;enthused;lstm;anglais;21.845625;
13;ORCsg;7;wildly;lstm;anglais;14.136423;
13;ORCsg;8;year;lstm;anglais;5.2856819999999995;
13;CMPpl;1;Joan;lstm;anglais;0.0;
13;CMPpl;2;reminds;lstm;anglais;21.538494;
13;CMPpl;3;neighbours;lstm;anglais;0;neighbours
13;CMPpl;4;that;lstm;anglais;3.637915;
13;CMPpl;5;excursion;lstm;anglais;18.444847;
13;CMPpl;6;falling;lstm;anglais;16.031584;
13;CMPpl;7;happily;lstm;anglais;15.404922000000001;
13;CMPpl;8;year;lstm;anglais;5.153872;
14;CMPsg;1;Joan;lstm;anglais;0.0;
14;CMPsg;2;reminds;lstm;anglais;21.538494;
14;CMPsg;3;lawyer;lstm;anglais;11.162197;
14;CMPsg;4;that;lstm;anglais;3.822861;
14;CMPsg;5;disappointment;lstm;anglais;18.670219;
14;CMPsg;6;remains;lstm;anglais;8.266191000000001;
14;CMPsg;7;inevitably;lstm;anglais;15.881445999999999;
14;CMPsg;8;trial;lstm;anglais;7.96775;
14;ORCpl;1;Joan;lstm;anglais;0.0;
14;ORCpl;2;calls;lstm;anglais;20.406254;
14;ORCpl;3;lawyers;lstm;anglais;14.022585000000001;
14;ORCpl;4;that;lstm;anglais;5.642158;
14;ORCpl;5;disappointment;lstm;anglais;19.215113;
14;ORCpl;6;frustrates;lstm;anglais;17.858181;
14;ORCpl;7;inevitably;lstm;anglais;19.652622;
14;ORCpl;8;trial;lstm;anglais;7.6564559999999995;
14;ORCsg;1;Joan;lstm;anglais;0.0;
14;ORCsg;2;calls;lstm;anglais;20.406254;
14;ORCsg;3;lawyer;lstm;anglais;12.204493;
14;ORCsg;4;that;lstm;anglais;6.869492;
14;ORCsg;5;disappointment;lstm;anglais;18.933235;
14;ORCsg;6;frustrates;lstm;anglais;17.628107;
14;ORCsg;7;inevitably;lstm;anglais;19.440212;
14;ORCsg;8;trial;lstm;anglais;7.846462;
14;CMPpl;1;Joan;lstm;anglais;0.0;
14;CMPpl;2;reminds;lstm;anglais;21.538494;
14;CMPpl;3;lawyers;lstm;anglais;10.940877;
14;CMPpl;4;that;lstm;anglais;3.579229;
14;CMPpl;5;disappointment;lstm;anglais;18.716167000000002;
14;CMPpl;6;remains;lstm;anglais;8.307494;
14;CMPpl;7;inevitably;lstm;anglais;15.76474;
14;CMPpl;8;trial;lstm;anglais;7.7438009999999995;
15;CMPsg;1;Sebastian;lstm;anglais;0.0;
15;CMPsg;2;to;lstm;anglais;5.90186;
15;CMPsg;3;patient;lstm;anglais;10.312388;
15;CMPsg;4;that;lstm;anglais;5.009626;
15;CMPsg;5;tranquilliser;lstm;anglais;0;tranquiliser
15;CMPsg;6;acting;lstm;anglais;10.021255;
15;CMPsg;7;progressively;lstm;anglais;16.859999;
15;CMPsg;8;year;lstm;anglais;5.104693;
15;ORCpl;1;Sebastian;lstm;anglais;0.0;
15;ORCpl;2;to;lstm;anglais;5.242075;
15;ORCpl;3;patients;lstm;anglais;13.797964000000002;
15;ORCpl;4;that;lstm;anglais;5.712872;
15;ORCpl;5;tranquilliser;lstm;anglais;0;tranquiliser
15;ORCpl;6;weakening;lstm;anglais;16.733898;
15;ORCpl;7;progressively;lstm;anglais;20.082037;
15;ORCpl;8;year;lstm;anglais;4.905929;
15;ORCsg;1;Sebastian;lstm;anglais;0.0;
15;ORCsg;2;to;lstm;anglais;5.242075;
15;ORCsg;3;patient;lstm;anglais;11.34057;
15;ORCsg;4;that;lstm;anglais;6.5121400000000005;
15;ORCsg;5;tranquilliser;lstm;anglais;0;tranquiliser
15;ORCsg;6;weakening;lstm;anglais;17.055006;
15;ORCsg;7;progressively;lstm;anglais;20.085594;
15;ORCsg;8;year;lstm;anglais;4.845813;
15;CMPpl;1;Sebastian;lstm;anglais;0.0;
15;CMPpl;2;to;lstm;anglais;5.90186;
15;CMPpl;3;patients;lstm;anglais;12.622529;
15;CMPpl;4;that;lstm;anglais;4.284369;
15;CMPpl;5;tranquilliser;lstm;anglais;0;tranquiliser
15;CMPpl;6;acting;lstm;anglais;10.240758;
15;CMPpl;7;progressively;lstm;anglais;16.713435999999998;
15;CMPpl;8;year;lstm;anglais;5.1817;
16;CMPsg;1;Jerome;lstm;anglais;0.0;
16;CMPsg;2;to;lstm;anglais;4.073575;
16;CMPsg;3;prisoner;lstm;anglais;18.040075;
16;CMPsg;4;that;lstm;anglais;6.07304;
16;CMPsg;5;warden;lstm;anglais;16.045866;
16;CMPsg;6;comes;lstm;anglais;10.758324;
16;CMPsg;7;noisily;lstm;anglais;16.621901;
16;CMPsg;8;courtyard;lstm;anglais;10.053986;
16;ORCpl;1;Jerome;lstm;anglais;0.0;
16;ORCpl;2;to;lstm;anglais;4.504582;
16;ORCpl;3;prisoners;lstm;anglais;16.181889;
16;ORCpl;4;that;lstm;anglais;5.918476;
16;ORCpl;5;warden;lstm;anglais;16.29273;
16;ORCpl;6;out;lstm;anglais;8.856133;
16;ORCpl;7;noisily;lstm;anglais;19.864473;
16;ORCpl;8;courtyard;lstm;anglais;11.525263;
16;ORCsg;1;Jerome;lstm;anglais;0.0;
16;ORCsg;2;to;lstm;anglais;4.504582;
16;ORCsg;3;prisoner;lstm;anglais;17.556335;
16;ORCsg;4;that;lstm;anglais;6.950419999999999;
16;ORCsg;5;warden;lstm;anglais;16.035816;
16;ORCsg;6;out;lstm;anglais;8.837276;
16;ORCsg;7;noisily;lstm;anglais;19.784538;
16;ORCsg;8;courtyard;lstm;anglais;11.366871000000002;
16;CMPpl;1;Jerome;lstm;anglais;0.0;
16;CMPpl;2;to;lstm;anglais;4.073575;
16;CMPpl;3;prisoners;lstm;anglais;17.257977;
16;CMPpl;4;that;lstm;anglais;4.965601;
16;CMPpl;5;warden;lstm;anglais;16.270475;
16;CMPpl;6;comes;lstm;anglais;11.269406;
16;CMPpl;7;noisily;lstm;anglais;16.753595;
16;CMPpl;8;courtyard;lstm;anglais;10.044589;
17;CMPsg;1;Benjamin;lstm;anglais;0.0;
17;CMPsg;2;reminds;lstm;anglais;20.28669;
17;CMPsg;3;teen-ager;lstm;anglais;14.777766;
17;CMPsg;4;that;lstm;anglais;3.4437629999999997;
17;CMPsg;5;educator;lstm;anglais;18.409292;
17;CMPsg;6;drinking;lstm;anglais;10.681364;
17;CMPsg;7;frequently;lstm;anglais;14.754154999999999;
17;CMPsg;8;years;lstm;anglais;1.531504;
17;ORCpl;1;Benjamin;lstm;anglais;0.0;
17;ORCpl;2;of;lstm;anglais;5.193752;
17;ORCpl;3;teen-agers;lstm;anglais;16.964632;
17;ORCpl;4;that;lstm;anglais;5.20782;
17;ORCpl;5;educator;lstm;anglais;19.032307;
17;ORCpl;6;beating;lstm;anglais;11.203722;
17;ORCpl;7;often;lstm;anglais;15.202619;
17;ORCpl;8;years;lstm;anglais;1.7360259999999998;
17;ORCsg;1;Benjamin;lstm;anglais;0.0;
17;ORCsg;2;of;lstm;anglais;5.193752;
17;ORCsg;3;teen-ager;lstm;anglais;17.20158;
17;ORCsg;4;that;lstm;anglais;6.339528;
17;ORCsg;5;educator;lstm;anglais;18.590172;
17;ORCsg;6;beating;lstm;anglais;11.703362;
17;ORCsg;7;often;lstm;anglais;15.917989000000002;
17;ORCsg;8;years;lstm;anglais;1.714818;
17;CMPpl;1;Benjamin;lstm;anglais;0.0;
17;CMPpl;2;reminds;lstm;anglais;20.28669;
17;CMPpl;3;teen-agers;lstm;anglais;13.134820000000001;
17;CMPpl;4;that;lstm;anglais;3.265607;
17;CMPpl;5;educator;lstm;anglais;18.801111;
17;CMPpl;6;drinking;lstm;anglais;10.679062;
17;CMPpl;7;frequently;lstm;anglais;14.794313;
17;CMPpl;8;years;lstm;anglais;1.539773;
18;CMPsg;1;Fred;lstm;anglais;0.0;
18;CMPsg;2;tells;lstm;anglais;14.751722000000001;
18;CMPsg;3;child;lstm;anglais;10.732679;
18;CMPsg;4;that;lstm;anglais;3.217782;
18;CMPsg;5;priest;lstm;anglais;12.508303999999999;
18;CMPsg;6;eaving;lstm;anglais;0;eaving
18;CMPsg;7;happily;lstm;anglais;15.407873;
18;CMPsg;8;service;lstm;anglais;12.181996;
18;ORCpl;1;Fred;lstm;anglais;0.0;
18;ORCpl;2;to;lstm;anglais;5.827401999999999;
18;ORCpl;3;children;lstm;anglais;10.42249;
18;ORCpl;4;that;lstm;anglais;5.969409;
18;ORCpl;5;priest;lstm;anglais;12.275029;
18;ORCpl;6;blessing;lstm;anglais;20.637638;
18;ORCpl;7;happily;lstm;anglais;16.381367;
18;ORCpl;8;service;lstm;anglais;12.255367999999999;
18;ORCsg;1;Fred;lstm;anglais;0.0;
18;ORCsg;2;to;lstm;anglais;5.827401999999999;
18;ORCsg;3;child;lstm;anglais;11.36802;
18;ORCsg;4;that;lstm;anglais;6.069066;
18;ORCsg;5;priest;lstm;anglais;12.215944;
18;ORCsg;6;blessing;lstm;anglais;20.166853;
18;ORCsg;7;happily;lstm;anglais;15.645103;
18;ORCsg;8;service;lstm;anglais;12.129014999999999;
18;CMPpl;1;Fred;lstm;anglais;0.0;
18;CMPpl;2;tells;lstm;anglais;14.751722000000001;
18;CMPpl;3;children;lstm;anglais;9.670877;
18;CMPpl;4;that;lstm;anglais;2.968553;
18;CMPpl;5;priest;lstm;anglais;12.824762;
18;CMPpl;6;eaving;lstm;anglais;0;eaving
18;CMPpl;7;happily;lstm;anglais;15.284225;
18;CMPpl;8;service;lstm;anglais;12.156363;
19;CMPsg;1;Charles;lstm;anglais;0.0;
19;CMPsg;2;to;lstm;anglais;6.419771;
19;CMPsg;3;victim;lstm;anglais;12.486533;
19;CMPsg;4;that;lstm;anglais;3.486795;
19;CMPsg;5;treatment;lstm;anglais;12.971972000000001;
19;CMPsg;6;starting;lstm;anglais;10.760857000000001;
19;CMPsg;7;slowly;lstm;anglais;12.847111;
19;CMPsg;8;surely;lstm;anglais;10.477861;
19;ORCpl;1;Charles;lstm;anglais;0.0;
19;ORCpl;2;to;lstm;anglais;5.804164;
19;ORCpl;3;victims;lstm;anglais;12.209462;
19;ORCpl;4;that;lstm;anglais;6.011685;
19;ORCpl;5;treatment;lstm;anglais;12.061002;
19;ORCpl;6;curing;lstm;anglais;17.908915;
19;ORCpl;7;slowly;lstm;anglais;15.364142999999999;
19;ORCpl;8;surely;lstm;anglais;10.118088;
19;ORCsg;1;Charles;lstm;anglais;0.0;
19;ORCsg;2;to;lstm;anglais;5.804164;
19;ORCsg;3;victim;lstm;anglais;12.739059;
19;ORCsg;4;that;lstm;anglais;6.38053;
19;ORCsg;5;treatment;lstm;anglais;12.629886;
19;ORCsg;6;curing;lstm;anglais;18.25058;
19;ORCsg;7;slowly;lstm;anglais;15.234653;
19;ORCsg;8;surely;lstm;anglais;10.1559;
19;CMPpl;1;Charles;lstm;anglais;0.0;
19;CMPpl;2;to;lstm;anglais;6.419771;
19;CMPpl;3;victims;lstm;anglais;11.79038;
19;CMPpl;4;that;lstm;anglais;3.568487;
19;CMPpl;5;treatment;lstm;anglais;12.299858;
19;CMPpl;6;starting;lstm;anglais;10.838135000000001;
19;CMPpl;7;slowly;lstm;anglais;13.258767;
19;CMPpl;8;surely;lstm;anglais;10.467139999999999;
20;CMPsg;1;Lise;lstm;anglais;0.0;
20;CMPsg;2;promises;lstm;anglais;16.557002999999998;
20;CMPsg;3;woman;lstm;anglais;11.834767;
20;CMPsg;4;that;lstm;anglais;5.924154;
20;CMPsg;5;diet;lstm;anglais;14.849209;
20;CMPsg;6;managed;lstm;anglais;9.929765;
20;CMPsg;7;surprisingly;lstm;anglais;16.964619;
20;CMPsg;8;easily;lstm;anglais;7.837619;
20;ORCpl;1;Lise;lstm;anglais;0.0;
20;ORCpl;2;to;lstm;anglais;6.087491;
20;ORCpl;3;women;lstm;anglais;9.362247;
20;ORCpl;4;weight;lstm;anglais;11.345642;
20;ORCpl;5;diet;lstm;anglais;13.984342999999999;
20;ORCpl;6;reducing;lstm;anglais;15.214666000000001;
20;ORCpl;7;surprisingly;lstm;anglais;19.427607000000002;
20;ORCpl;8;easily;lstm;anglais;9.857958;
20;ORCsg;1;Lise;lstm;anglais;0.0;
20;ORCsg;2;to;lstm;anglais;6.087491;
20;ORCsg;3;woman;lstm;anglais;8.972128999999999;
20;ORCsg;4;whose;lstm;anglais;7.455214;
20;ORCsg;5;diet;lstm;anglais;14.172325;
20;ORCsg;6;reducing;lstm;anglais;15.407620999999999;
20;ORCsg;7;surprisingly;lstm;anglais;19.299847;
20;ORCsg;8;easily;lstm;anglais;9.777214;
20;CMPpl;1;Lise;lstm;anglais;0.0;
20;CMPpl;2;promises;lstm;anglais;16.557002999999998;
20;CMPpl;3;women;lstm;anglais;12.439351;
20;CMPpl;4;that;lstm;anglais;5.555415;
20;CMPpl;5;diet;lstm;anglais;15.212121;
20;CMPpl;6;managed;lstm;anglais;9.310039;
20;CMPpl;7;surprisingly;lstm;anglais;18.075775;
20;CMPpl;8;easily;lstm;anglais;7.917169;
21;CMPsg;1;Giles;lstm;anglais;0.0;
21;CMPsg;2;reminds;lstm;anglais;19.614479;
21;CMPsg;3;worker;lstm;anglais;11.18856;
21;CMPsg;4;that;lstm;anglais;3.72745;
21;CMPsg;5;effort;lstm;anglais;12.4101000;
21;CMPsg;6;double;lstm;anglais;11.183456;
21;CMPsg;7;inevitably;lstm;anglais;19.670441;
21;CMPsg;8;time;lstm;anglais;11.514074;
21;ORCpl;1;Giles;lstm;anglais;0.0;
21;ORCpl;2;to;lstm;anglais;5.124787;
21;ORCpl;3;workers;lstm;anglais;10.432447;
21;ORCpl;4;that;lstm;anglais;5.2949589999999995;
21;ORCpl;5;effort;lstm;anglais;12.30286;
21;ORCpl;6;tiring;lstm;anglais;17.584839000000002;
21;ORCpl;7;inevitably;lstm;anglais;19.670441;
21;ORCpl;8;time;lstm;anglais;11.514074;
21;ORCsg;1;Giles;lstm;anglais;0.0;
21;ORCsg;2;to;lstm;anglais;5.124787;
21;ORCsg;3;worker;lstm;anglais;12.287532;
21;ORCsg;4;that;lstm;anglais;6.315835;
21;ORCsg;5;effort;lstm;anglais;12.6212000;
21;ORCsg;6;tiring;lstm;anglais;17.351648;
21;ORCsg;7;inevitably;lstm;anglais;19.492399;
21;ORCsg;8;time;lstm;anglais;11.613173;
21;CMPpl;1;Giles;lstm;anglais;0.0;
21;CMPpl;2;reminds;lstm;anglais;19.614479;
21;CMPpl;3;workers;lstm;anglais;9.560642;
21;CMPpl;4;that;lstm;anglais;3.143257;
21;CMPpl;5;effort;lstm;anglais;12.021268;
21;CMPpl;6;double;lstm;anglais;11.288537;
21;CMPpl;7;inevitably;lstm;anglais;17.572884;
21;CMPpl;8;time;lstm;anglais;11.145363;
22;CMPsg;1;Jack;lstm;anglais;0.0;
22;CMPsg;2;explains;lstm;anglais;18.433598999999997;
22;CMPsg;3;owner;lstm;anglais;11.09577;
22;CMPsg;4;that;lstm;anglais;4.592976999999999;
22;CMPsg;5;stress;lstm;anglais;15.035632999999999;
22;CMPsg;6;arrives;lstm;anglais;18.106762;
22;CMPsg;7;prematurely;lstm;anglais;17.580595000000002;
22;CMPsg;8;medications;lstm;anglais;12.328939;
22;ORCpl;1;Jack;lstm;anglais;0.0;
22;ORCpl;2;of;lstm;anglais;4.8399849999999995;
22;ORCpl;3;owners;lstm;anglais;12.430330999999999;
22;ORCpl;4;that;lstm;anglais;4.592976999999999;
22;ORCpl;5;stress;lstm;anglais;15.035632999999999;
22;ORCpl;6;aging;lstm;anglais;15.553859;
22;ORCpl;7;prematurely;lstm;anglais;17.580595000000002;
22;ORCpl;8;medications;lstm;anglais;12.328939;
22;ORCsg;1;Jack;lstm;anglais;0.0;
22;ORCsg;2;of;lstm;anglais;4.8399849999999995;
22;ORCsg;3;owner;lstm;anglais;12.765065;
22;ORCsg;4;that;lstm;anglais;6.196714;
22;ORCsg;5;stress;lstm;anglais;15.101914;
22;ORCsg;6;aging;lstm;anglais;15.408907999999998;
22;ORCsg;7;prematurely;lstm;anglais;16.783794;
22;ORCsg;8;medications;lstm;anglais;12.856708;
22;CMPpl;1;Jack;lstm;anglais;0.0;
22;CMPpl;2;explains;lstm;anglais;18.433598999999997;
22;CMPpl;3;owners;lstm;anglais;12.268568;
22;CMPpl;4;that;lstm;anglais;4.216983;
22;CMPpl;5;stress;lstm;anglais;14.94631;
22;CMPpl;6;arrives;lstm;anglais;14.780794;
22;CMPpl;7;prematurely;lstm;anglais;13.667074;
22;CMPpl;8;medications;lstm;anglais;12.602091;
23;CMPsg;1;Patrick;lstm;anglais;0.0;
23;CMPsg;2;to;lstm;anglais;5.9630980000000005;
23;CMPsg;3;family;lstm;anglais;8.789032;
23;CMPsg;4;that;lstm;anglais;4.808389;
23;CMPsg;5;holidays;lstm;anglais;17.019573;
23;CMPsg;6;last;lstm;anglais;11.188506;
23;CMPsg;7;year;lstm;anglais;2.8111099999999998;
23;CMPsg;8;days;lstm;anglais;4.192544;
23;ORCpl;1;Patrick;lstm;anglais;0.0;
23;ORCpl;2;of;lstm;anglais;5.612762;
23;ORCpl;3;families;lstm;anglais;13.544967000000002;
23;ORCpl;4;that;lstm;anglais;3.88732;
23;ORCpl;5;holidays;lstm;anglais;17.043472;
23;ORCpl;6;reuniting;lstm;anglais;21.719957;
23;ORCpl;7;year;lstm;anglais;4.155811;
23;ORCpl;8;days;lstm;anglais;4.704898;
23;ORCsg;1;Patrick;lstm;anglais;0.0;
23;ORCsg;2;of;lstm;anglais;5.612762;
23;ORCsg;3;family;lstm;anglais;10.343805999999999;
23;ORCsg;4;that;lstm;anglais;5.007876;
23;ORCsg;5;holidays;lstm;anglais;17.354893;
23;ORCsg;6;reuniting;lstm;anglais;21.932028;
23;ORCsg;7;year;lstm;anglais;5.146636;
23;ORCsg;8;days;lstm;anglais;4.583668;
23;CMPpl;1;Patrick;lstm;anglais;0.0;
23;CMPpl;2;to;lstm;anglais;5.9630980000000005;
23;CMPpl;3;families;lstm;anglais;12.098506;
23;CMPpl;4;that;lstm;anglais;4.444318;
23;CMPpl;5;holidays;lstm;anglais;16.671762;
23;CMPpl;6;last;lstm;anglais;11.791862;
23;CMPpl;7;year;lstm;anglais;2.7109419999999997;
23;CMPpl;8;days;lstm;anglais;4.181886;
24;CMPsg;1;Bernard;lstm;anglais;0.0;
24;CMPsg;2;reminds;lstm;anglais;23.555623999999998;
24;CMPsg;3;gambler;lstm;anglais;14.220046;
24;CMPsg;4;that;lstm;anglais;4.275055;
24;CMPsg;5;casino;lstm;anglais;14.589313;
24;CMPsg;6;ruins;lstm;anglais;17.227596;
24;CMPsg;7;unfortunately;lstm;anglais;16.883947;
24;CMPsg;8;fast;lstm;anglais;7.261952000000001;
24;ORCpl;1;Bernard;lstm;anglais;0.0;
24;ORCpl;2;remembers;lstm;anglais;21.790703;
24;ORCpl;3;gamblers;lstm;anglais;17.662842;
24;ORCpl;4;that;lstm;anglais;5.199587;
24;ORCpl;5;casino;lstm;anglais;14.603764000000002;
24;ORCpl;6;ruins;lstm;anglais;16.787682;
24;ORCpl;7;unfortunately;lstm;anglais;17.384724;
24;ORCpl;8;fast;lstm;anglais;6.877039999999999;
24;ORCsg;1;Bernard;lstm;anglais;0.0;
24;ORCsg;2;remembers;lstm;anglais;21.790703;
24;ORCsg;3;gambler;lstm;anglais;14.765421;
24;ORCsg;4;that;lstm;anglais;6.008845;
24;ORCsg;5;casino;lstm;anglais;14.268988;
24;ORCsg;6;ruins;lstm;anglais;17.101763000000002;
24;ORCsg;7;unfortunately;lstm;anglais;17.00391;
24;ORCsg;8;fast;lstm;anglais;7.2222740000000005;
24;CMPpl;1;Bernard;lstm;anglais;0.0;
24;CMPpl;2;reminds;lstm;anglais;23.555623999999998;
24;CMPpl;3;gamblers;lstm;anglais;16.356365;
24;CMPpl;4;that;lstm;anglais;3.3218300000000003;
24;CMPpl;5;casino;lstm;anglais;14.948787;
24;CMPpl;6;ruins;lstm;anglais;16.84572;
24;CMPpl;7;unfortunately;lstm;anglais;16.962015;
24;CMPpl;8;fast;lstm;anglais;7.121392999999999;