numero,variable,region,model,langue,surprisal
1,CMPsg,1,BERT,Français,13.708376657355828
1,CMPsg,2,BERT,Français,11.258462242062931
1,CMPsg,3,BERT,Français,12.637860858838248
1,CMPsg,4,BERT,Français,0.3353996172658419
1,CMPsg,5,BERT,Français,11.06360576063825
1,CMPsg,6,BERT,Français,17.16131300342115
1,CMPsg,7,BERT,Français,14.360469502268803
1,CMPsg,8,BERT,Français,0.4989554073760828
2,CMPsg,1,BERT,Français,7.838902108998517
2,CMPsg,2,BERT,Français,5.3322175321525505
2,CMPsg,3,BERT,Français,11.25216054044403
2,CMPsg,4,BERT,Français,0.20296330607496185
2,CMPsg,5,BERT,Français,18.834584928323316
2,CMPsg,6,BERT,Français,16.445274505429417
2,CMPsg,7,BERT,Français,22.27070475483348
2,CMPsg,8,BERT,Français,0.11845983334695245
3,CMPsg,1,BERT,Français,13.654845877738897
3,CMPsg,2,BERT,Français,14.118577272503504
3,CMPsg,3,BERT,Français,13.252242781836166
3,CMPsg,4,BERT,Français,0.16686399316948664
3,CMPsg,5,BERT,Français,9.899716395824681
3,CMPsg,6,BERT,Français,10.802188045110316
3,CMPsg,7,BERT,Français,8.267467665418271
3,CMPsg,8,BERT,Français,0.11087606512382088
4,CMPsg,1,BERT,Français,11.55371945922642
4,CMPsg,2,BERT,Français,12.268840720161423
4,CMPsg,3,BERT,Français,10.898210386527465
4,CMPsg,4,BERT,Français,0.10301624615815648
4,CMPsg,5,BERT,Français,9.676663435816074
4,CMPsg,6,BERT,Français,8.597845110038
4,CMPsg,7,BERT,Français,10.896678090645597
4,CMPsg,8,BERT,Français,0.6279829353832154
5,CMPsg,1,BERT,Français,11.998799544732305
5,CMPsg,2,BERT,Français,5.968353309601692
5,CMPsg,3,BERT,Français,11.61864531686703
5,CMPsg,4,BERT,Français,0.20084478412217133
5,CMPsg,5,BERT,Français,9.786837325407225
5,CMPsg,6,BERT,Français,14.220213127495644
5,CMPsg,7,BERT,Français,13.931670266121829
5,CMPsg,8,BERT,Français,0.10749183144119918
6,CMPsg,1,BERT,Français,15.71258351598637
6,CMPsg,2,BERT,Français,10.259571326555745
6,CMPsg,3,BERT,Français,13.765976964327953
6,CMPsg,4,BERT,Français,0.22538001354837614
6,CMPsg,5,BERT,Français,15.732366177650759
6,CMPsg,6,BERT,Français,13.140056369749887
6,CMPsg,7,BERT,Français,7.892388127471202
6,CMPsg,8,BERT,Français,0.09187954193910262
7,CMPpl,1,BERT,Français,13.489757014546989
7,CMPpl,2,BERT,Français,8.403762349037741
7,CMPpl,3,BERT,Français,16.104510602804467
7,CMPpl,4,BERT,Français,0.3147661416133903
7,CMPpl,5,BERT,Français,14.690797760230664
7,CMPpl,6,BERT,Français,12.390016250070477
7,CMPpl,7,BERT,Français,10.709180580053788
7,CMPpl,8,BERT,Français,0.17164993256982283
8,CMPpl,1,BERT,Français,12.852235327049879
8,CMPpl,2,BERT,Français,2.1588778670937008
8,CMPpl,3,BERT,Français,14.85552021205536
8,CMPpl,4,BERT,Français,0.21315269487492053
8,CMPpl,5,BERT,Français,12.853498445027716
8,CMPpl,6,BERT,Français,16.2151179823403
8,CMPpl,7,BERT,Français,17.382787025789828
8,CMPpl,8,BERT,Français,0.4727543659772874
9,CMPpl,1,BERT,Français,11.276614651208162
9,CMPpl,2,BERT,Français,7.1953515754265025
9,CMPpl,3,BERT,Français,15.386338999445861
9,CMPpl,4,BERT,Français,0.06955004305422781
9,CMPpl,5,BERT,Français,8.032560348640365
9,CMPpl,6,BERT,Français,15.377541709235247
9,CMPpl,7,BERT,Français,14.139083154554816
9,CMPpl,8,BERT,Français,0.10948475524934237
10,CMPpl,1,BERT,Français,13.294357067154104
10,CMPpl,2,BERT,Français,13.399200071037718
10,CMPpl,3,BERT,Français,15.704076259399248
10,CMPpl,4,BERT,Français,0.4516939351526177
10,CMPpl,5,BERT,Français,7.76340356440028
10,CMPpl,6,BERT,Français,15.762732990578666
10,CMPpl,7,BERT,Français,21.255060253939224
10,CMPpl,8,BERT,Français,0.1902292222801347
11,CMPpl,1,BERT,Français,15.594391452812237
11,CMPpl,2,BERT,Français,7.765175846018019
11,CMPpl,3,BERT,Français,6.384976493629389
11,CMPpl,4,BERT,Français,0.09308656527622935
11,CMPpl,5,BERT,Français,17.001198356725553
11,CMPpl,6,BERT,Français,14.815345568284618
11,CMPpl,7,BERT,Français,20.392375860442367
11,CMPpl,8,BERT,Français,0.21922747342287874
12,CMPpl,1,BERT,Français,14.999026047111096
12,CMPpl,2,BERT,Français,5.783723352083448
12,CMPpl,3,BERT,Français,15.651965649199026
12,CMPpl,4,BERT,Français,0.503378048618275
12,CMPpl,5,BERT,Français,14.6967294207883
12,CMPpl,6,BERT,Français,14.465010059372684
12,CMPpl,7,BERT,Français,8.0090272621713
12,CMPpl,8,BERT,Français,15.378328946248807
13,ORCsg,1,BERT,Français,16.873920081796562
13,ORCsg,2,BERT,Français,13.480557385436306
13,ORCsg,3,BERT,Français,8.583582441286486
13,ORCsg,4,BERT,Français,3.4903589567963422
13,ORCsg,5,BERT,Français,3.174770129556086
13,ORCsg,6,BERT,Français,12.74754577093729
13,ORCsg,7,BERT,Français,11.613883591263006
13,ORCsg,8,BERT,Français,0.1401432654378862
14,ORCsg,1,BERT,Français,15.239295988822287
14,ORCsg,2,BERT,Français,13.652242263950203
14,ORCsg,3,BERT,Français,8.075898363264239
14,ORCsg,4,BERT,Français,1.2173709501652843
14,ORCsg,5,BERT,Français,13.755757690415066
14,ORCsg,6,BERT,Français,20.699088631843622
14,ORCsg,7,BERT,Français,14.910156133044573
14,ORCsg,8,BERT,Français,0.2867803746338515
15,ORCsg,1,BERT,Français,17.29287492813751
15,ORCsg,2,BERT,Français,10.181208767709279
15,ORCsg,3,BERT,Français,17.714092117297298
15,ORCsg,4,BERT,Français,0.9874642861656957
15,ORCsg,5,BERT,Français,11.901997001230848
15,ORCsg,6,BERT,Français,22.66152746692245
15,ORCsg,7,BERT,Français,15.089701937843309
15,ORCsg,8,BERT,Français,0.10860453304778038
16,ORCsg,1,BERT,Français,10.935086232645244
16,ORCsg,2,BERT,Français,8.463830939051338
16,ORCsg,3,BERT,Français,17.858510551644947
16,ORCsg,4,BERT,Français,3.355914114724372
16,ORCsg,5,BERT,Français,10.125631135817791
16,ORCsg,6,BERT,Français,13.699956957629453
16,ORCsg,7,BERT,Français,18.130076940663578
16,ORCsg,8,BERT,Français,0.13829523089927107
17,ORCsg,1,BERT,Français,13.073651788483854
17,ORCsg,2,BERT,Français,13.728506338359038
17,ORCsg,3,BERT,Français,6.744412222844949
17,ORCsg,4,BERT,Français,2.3413866582807157
17,ORCsg,5,BERT,Français,1.6412161524848916
17,ORCsg,6,BERT,Français,10.036725089786458
17,ORCsg,7,BERT,Français,3.682673097602176
17,ORCsg,8,BERT,Français,4.167677048633845
18,ORCsg,1,BERT,Français,15.243643316819956
18,ORCsg,2,BERT,Français,11.358335074062827
18,ORCsg,3,BERT,Français,18.74258755388144
18,ORCsg,4,BERT,Français,2.923392815112892
18,ORCsg,5,BERT,Français,18.379384931650545
18,ORCsg,6,BERT,Français,14.140195575943867
18,ORCsg,7,BERT,Français,17.384066775993162
18,ORCsg,8,BERT,Français,0.1462133123662024
19,ORCpl,1,BERT,Français,17.1220710220924
19,ORCpl,2,BERT,Français,17.51809145800736
19,ORCpl,3,BERT,Français,14.873945611728596
19,ORCpl,4,BERT,Français,3.684058711907295
19,ORCpl,5,BERT,Français,19.297943598587146
19,ORCpl,6,BERT,Français,14.961065274707927
19,ORCpl,7,BERT,Français,11.154074142055846
19,ORCpl,8,BERT,Français,0.23086697117564892
20,ORCpl,1,BERT,Français,13.040887557311741
20,ORCpl,2,BERT,Français,8.36503068082122
20,ORCpl,3,BERT,Français,16.859133884525697
20,ORCpl,4,BERT,Français,0.7371405397927018
20,ORCpl,5,BERT,Français,15.187055966596143
20,ORCpl,6,BERT,Français,13.776904635728723
20,ORCpl,7,BERT,Français,14.177122200047556
20,ORCpl,8,BERT,Français,0.22690074569812585
21,ORCpl,1,BERT,Français,13.210999958261656
21,ORCpl,2,BERT,Français,23.8607546872041
21,ORCpl,3,BERT,Français,15.864738651321776
21,ORCpl,4,BERT,Français,0.23473909623827918
21,ORCpl,5,BERT,Français,17.48030844384478
21,ORCpl,6,BERT,Français,11.623865599844558
21,ORCpl,7,BERT,Français,17.400221970141434
21,ORCpl,8,BERT,Français,0.1281038780007456
22,ORCpl,1,BERT,Français,13.25077440835643
22,ORCpl,2,BERT,Français,11.40689022506642
22,ORCpl,3,BERT,Français,14.137917089507654
22,ORCpl,4,BERT,Français,2.8327294880401372
22,ORCpl,5,BERT,Français,14.855064394654967
22,ORCpl,6,BERT,Français,16.60968525498854
22,ORCpl,7,BERT,Français,14.650574191182326
22,ORCpl,8,BERT,Français,0.15073646235390567
23,ORCpl,1,BERT,Français,11.304491106578713
23,ORCpl,2,BERT,Français,14.596581835472076
23,ORCpl,3,BERT,Français,10.790875837425377
23,ORCpl,4,BERT,Français,0.4545527004830114
23,ORCpl,5,BERT,Français,12.2533439160629
23,ORCpl,6,BERT,Français,20.394609331044084
23,ORCpl,7,BERT,Français,18.747433885592336
23,ORCpl,8,BERT,Français,0.22362731217585372
24,ORCpl,1,BERT,Français,16.428422667413844
24,ORCpl,2,BERT,Français,9.9574937963189
24,ORCpl,3,BERT,Français,18.87895221131308
24,ORCpl,4,BERT,Français,0.24471151550326317
24,ORCpl,5,BERT,Français,9.369025385331971
24,ORCpl,6,BERT,Français,8.279420263060187
24,ORCpl,7,BERT,Français,17.853360788668624
24,ORCpl,8,BERT,Français,0.19742486692694752
1,ORCpl,1,BERT,Français,14.37877488391737
1,ORCpl,2,BERT,Français,12.200901121714498
1,ORCpl,3,BERT,Français,14.919580767407533
1,ORCpl,4,BERT,Français,2.362744529477375
1,ORCpl,5,BERT,Français,15.093142884069318
1,ORCpl,6,BERT,Français,15.477112732592047
1,ORCpl,7,BERT,Français,14.70062538535938
1,ORCpl,8,BERT,Français,0.524533356182582
2,ORCpl,1,BERT,Français,9.933073379050452
2,ORCpl,2,BERT,Français,7.278448504254531
2,ORCpl,3,BERT,Français,20.374350121630396
2,ORCpl,4,BERT,Français,1.0814933936393638
2,ORCpl,5,BERT,Français,17.124166204366265
2,ORCpl,6,BERT,Français,12.462471602907796
2,ORCpl,7,BERT,Français,17.72740352971294
2,ORCpl,8,BERT,Français,0.12171993758337352
3,ORCpl,1,BERT,Français,16.303211883960834
3,ORCpl,2,BERT,Français,11.31563211037947
3,ORCpl,3,BERT,Français,16.796114356038498
3,ORCpl,4,BERT,Français,3.676365608370094
3,ORCpl,5,BERT,Français,12.004239748658167
3,ORCpl,6,BERT,Français,13.936766718775312
3,ORCpl,7,BERT,Français,8.528246654309761
3,ORCpl,8,BERT,Français,0.0756893710183281
4,ORCpl,1,BERT,Français,14.666460534782482
4,ORCpl,2,BERT,Français,9.127098025845308
4,ORCpl,3,BERT,Français,14.910507653910317
4,ORCpl,4,BERT,Français,5.932213625851956
4,ORCpl,5,BERT,Français,11.150173632338197
4,ORCpl,6,BERT,Français,8.119086815227176
4,ORCpl,7,BERT,Français,10.936771163183687
4,ORCpl,8,BERT,Français,0.19256655771461462
5,ORCpl,1,BERT,Français,10.147493064123173
5,ORCpl,2,BERT,Français,11.875796631972216
5,ORCpl,3,BERT,Français,10.902677031387592
5,ORCpl,4,BERT,Français,5.2833296593201675
5,ORCpl,5,BERT,Français,12.144669544017367
5,ORCpl,6,BERT,Français,17.14085966726028
5,ORCpl,7,BERT,Français,15.903374752989665
5,ORCpl,8,BERT,Français,0.3314585148508659
6,ORCpl,1,BERT,Français,13.755857299622742
6,ORCpl,2,BERT,Français,10.64171246629895
6,ORCpl,3,BERT,Français,19.01002132747727
6,ORCpl,4,BERT,Français,0.5682992647833865
6,ORCpl,5,BERT,Français,16.484160507285473
6,ORCpl,6,BERT,Français,13.063352716403006
6,ORCpl,7,BERT,Français,11.341786010730956
6,ORCpl,8,BERT,Français,0.055478357869370595
7,ORCsg,1,BERT,Français,11.163790692053876
7,ORCsg,2,BERT,Français,21.247182768224373
7,ORCsg,3,BERT,Français,19.241614716020194
7,ORCsg,4,BERT,Français,7.717631390851079
7,ORCsg,5,BERT,Français,8.39776022717145
7,ORCsg,6,BERT,Français,14.325201712301082
7,ORCsg,7,BERT,Français,8.272147665154543
7,ORCsg,8,BERT,Français,0.15003651336878673
8,ORCsg,1,BERT,Français,13.445068336151678
8,ORCsg,2,BERT,Français,13.36762842108237
8,ORCsg,3,BERT,Français,16.91305554688187
8,ORCsg,4,BERT,Français,4.68039733264824
8,ORCsg,5,BERT,Français,15.192447164056079
8,ORCsg,6,BERT,Français,10.59687339226308
8,ORCsg,7,BERT,Français,17.274436008723555
8,ORCsg,8,BERT,Français,0.40203419412632857
9,ORCsg,1,BERT,Français,13.43772251722304
9,ORCsg,2,BERT,Français,16.65565085358792
9,ORCsg,3,BERT,Français,15.633747164181383
9,ORCsg,4,BERT,Français,1.9991109517028154
9,ORCsg,5,BERT,Français,3.4463889851060063
9,ORCsg,6,BERT,Français,8.557343470916562
9,ORCsg,7,BERT,Français,15.448288805167195
9,ORCsg,8,BERT,Français,0.13043100630614943
10,ORCsg,1,BERT,Français,12.447816753061455
10,ORCsg,2,BERT,Français,8.332927016400555
10,ORCsg,3,BERT,Français,10.353883995401478
10,ORCsg,4,BERT,Français,3.475690008687753
10,ORCsg,5,BERT,Français,9.882842829104293
10,ORCsg,6,BERT,Français,16.67666082423302
10,ORCsg,7,BERT,Français,14.921856034677365
10,ORCsg,8,BERT,Français,0.0790553247778942
11,ORCsg,1,BERT,Français,17.46172331158253
11,ORCsg,2,BERT,Français,16.92308819778809
11,ORCsg,3,BERT,Français,12.722049039708185
11,ORCsg,4,BERT,Français,3.246192596395532
11,ORCsg,5,BERT,Français,17.34957392053468
11,ORCsg,6,BERT,Français,18.379730049959818
11,ORCsg,7,BERT,Français,22.01412575911413
11,ORCsg,8,BERT,Français,0.261572571837961
12,ORCsg,1,BERT,Français,13.791059884701422
12,ORCsg,2,BERT,Français,9.96238501647605
12,ORCsg,3,BERT,Français,16.64558783626553
12,ORCsg,4,BERT,Français,1.6972824353057556
12,ORCsg,5,BERT,Français,14.034797172380062
12,ORCsg,6,BERT,Français,10.593802392008634
12,ORCsg,7,BERT,Français,8.300073992880566
12,ORCsg,8,BERT,Français,0.069725747879995
13,CMPpl,1,BERT,Français,15.66777533062786
13,CMPpl,2,BERT,Français,4.71595466539156
13,CMPpl,3,BERT,Français,4.646331400924592
13,CMPpl,4,BERT,Français,0.12067009467657892
13,CMPpl,5,BERT,Français,4.672150945563338
13,CMPpl,6,BERT,Français,7.237247538613866
13,CMPpl,7,BERT,Français,12.024738456584721
13,CMPpl,8,BERT,Français,0.07663714787143952
14,CMPpl,1,BERT,Français,19.04076672153563
14,CMPpl,2,BERT,Français,11.17718286913456
14,CMPpl,3,BERT,Français,5.6782399075475976
14,CMPpl,4,BERT,Français,0.1817613076167811
14,CMPpl,5,BERT,Français,13.16459854704518
14,CMPpl,6,BERT,Français,9.981234239498022
14,CMPpl,7,BERT,Français,16.815315455795233
14,CMPpl,8,BERT,Français,0.285881958230528
15,CMPpl,1,BERT,Français,15.913825539954667
15,CMPpl,2,BERT,Français,6.26774281371143
15,CMPpl,3,BERT,Français,16.717591089276763
15,CMPpl,4,BERT,Français,0.46627258907142444
15,CMPpl,5,BERT,Français,9.352690791865562
15,CMPpl,6,BERT,Français,18.417698229841296
15,CMPpl,7,BERT,Français,16.665983331899177
15,CMPpl,8,BERT,Français,0.0932846997584842
16,CMPpl,1,BERT,Français,15.223463955782265
16,CMPpl,2,BERT,Français,5.023611036056072
16,CMPpl,3,BERT,Français,18.57771793632453
16,CMPpl,4,BERT,Français,0.12148137613207523
16,CMPpl,5,BERT,Français,8.75589578023988
16,CMPpl,6,BERT,Français,6.521339111402532
16,CMPpl,7,BERT,Français,15.49903792322675
16,CMPpl,8,BERT,Français,0.07646041799994781
17,CMPpl,1,BERT,Français,13.83597066983647
17,CMPpl,2,BERT,Français,11.964292064509857
17,CMPpl,3,BERT,Français,6.550027978245643
17,CMPpl,4,BERT,Français,0.2780995653365196
17,CMPpl,5,BERT,Français,1.3996401431015437
17,CMPpl,6,BERT,Français,4.231156321364474
17,CMPpl,7,BERT,Français,5.616916313200978
17,CMPpl,8,BERT,Français,0.11888137045031387
18,CMPpl,1,BERT,Français,14.460775385762046
18,CMPpl,2,BERT,Français,14.783181923616949
18,CMPpl,3,BERT,Français,16.447468209342155
18,CMPpl,4,BERT,Français,2.3227322088457556
18,CMPpl,5,BERT,Français,16.806119454895242
18,CMPpl,6,BERT,Français,17.533367986356428
18,CMPpl,7,BERT,Français,15.251808071917875
18,CMPpl,8,BERT,Français,0.17605410314400513
19,CMPsg,1,BERT,Français,18.12852185058072
19,CMPsg,2,BERT,Français,10.773198888285306
19,CMPsg,3,BERT,Français,15.089728475318987
19,CMPsg,4,BERT,Français,1.3578674176550554
19,CMPsg,5,BERT,Français,19.957036985552865
19,CMPsg,6,BERT,Français,9.215489555130093
19,CMPsg,7,BERT,Français,9.302333082544108
19,CMPsg,8,BERT,Français,0.16846446889626415
20,CMPsg,1,BERT,Français,12.206353730384722
20,CMPsg,2,BERT,Français,2.7476786009344316
20,CMPsg,3,BERT,Français,5.657539650587116
20,CMPsg,4,BERT,Français,0.180368271439671
20,CMPsg,5,BERT,Français,15.630824687812828
20,CMPsg,6,BERT,Français,15.854189411112669
20,CMPsg,7,BERT,Français,14.070984824615474
20,CMPsg,8,BERT,Français,0.4269916424184976
21,CMPsg,1,BERT,Français,14.646625918643466
21,CMPsg,2,BERT,Français,7.859126085352891
21,CMPsg,3,BERT,Français,5.0217201938140725
21,CMPsg,4,BERT,Français,0.10639600235409119
21,CMPsg,5,BERT,Français,14.286402042409012
21,CMPsg,6,BERT,Français,12.683583111443092
21,CMPsg,7,BERT,Français,15.840510183209922
21,CMPsg,8,BERT,Français,0.13679356490241062
22,CMPsg,1,BERT,Français,12.646422388097816
22,CMPsg,2,BERT,Français,6.288718483147834
22,CMPsg,3,BERT,Français,9.11197669769578
22,CMPsg,4,BERT,Français,0.0734727998772687
22,CMPsg,5,BERT,Français,11.812189599471186
22,CMPsg,6,BERT,Français,12.49724029248264
22,CMPsg,7,BERT,Français,12.57630918461931
22,CMPsg,8,BERT,Français,0.2362092604535382
23,CMPsg,1,BERT,Français,12.123138368197528
23,CMPsg,2,BERT,Français,12.01179068116498
23,CMPsg,3,BERT,Français,5.5022186819409145
23,CMPsg,4,BERT,Français,0.21395646135809163
23,CMPsg,5,BERT,Français,13.254774175492058
23,CMPsg,6,BERT,Français,18.3845680375826
23,CMPsg,7,BERT,Français,21.21917942460652
23,CMPsg,8,BERT,Français,0.12093816454548105
24,CMPsg,1,BERT,Français,12.011416285473398
24,CMPsg,2,BERT,Français,5.956107281553529
24,CMPsg,3,BERT,Français,17.406542994107095
24,CMPsg,4,BERT,Français,0.025366864494206623
24,CMPsg,5,BERT,Français,11.600132640664995
24,CMPsg,6,BERT,Français,4.282272020642473
24,CMPsg,7,BERT,Français,16.601866952755884
24,CMPsg,8,BERT,Français,0.18555267887094518
1,CMPpl,1,BERT,Français,14.056252981184901
1,CMPpl,2,BERT,Français,9.628897782876878
1,CMPpl,3,BERT,Français,10.490461640560067
1,CMPpl,4,BERT,Français,0.21947474993138225
1,CMPpl,5,BERT,Français,10.651439592415871
1,CMPpl,6,BERT,Français,16.59694934714923
1,CMPpl,7,BERT,Français,14.75301301316599
1,CMPpl,8,BERT,Français,0.5154320149461161
2,CMPpl,1,BERT,Français,7.270287055625013
2,CMPpl,2,BERT,Français,5.027847117562617
2,CMPpl,3,BERT,Français,14.262717992456798
2,CMPpl,4,BERT,Français,0.08542672503346826
2,CMPpl,5,BERT,Français,19.022774063683272
2,CMPpl,6,BERT,Français,16.37342101128308
2,CMPpl,7,BERT,Français,23.573892038001784
2,CMPpl,8,BERT,Français,0.12230050835270811
3,CMPpl,1,BERT,Français,13.283395277289529
3,CMPpl,2,BERT,Français,13.882179055672655
3,CMPpl,3,BERT,Français,16.030163303981986
3,CMPpl,4,BERT,Français,0.09150787396136922
3,CMPpl,5,BERT,Français,9.54026359776277
3,CMPpl,6,BERT,Français,11.048635237147213
3,CMPpl,7,BERT,Français,7.63442778333179
3,CMPpl,8,BERT,Français,0.10602594407878804
4,CMPpl,1,BERT,Français,12.703787565733787
4,CMPpl,2,BERT,Français,13.055663350097012
4,CMPpl,3,BERT,Français,13.944438198620603
4,CMPpl,4,BERT,Français,0.09720721323951492
4,CMPpl,5,BERT,Français,10.330147274969635
4,CMPpl,6,BERT,Français,8.55885326375155
4,CMPpl,7,BERT,Français,11.013930561795917
4,CMPpl,8,BERT,Français,0.5164845760605898
5,CMPpl,1,BERT,Français,12.188817501912535
5,CMPpl,2,BERT,Français,4.737783832973528
5,CMPpl,3,BERT,Français,16.79071055709417
5,CMPpl,4,BERT,Français,0.1514251946242981
5,CMPpl,5,BERT,Français,9.121846812211178
5,CMPpl,6,BERT,Français,14.324076553264083
5,CMPpl,7,BERT,Français,13.867932883928454
5,CMPpl,8,BERT,Français,0.09721024874713038
6,CMPpl,1,BERT,Français,16.186814282088626
6,CMPpl,2,BERT,Français,7.375168965626728
6,CMPpl,3,BERT,Français,17.54492404715902
6,CMPpl,4,BERT,Français,0.14762184475584386
6,CMPpl,5,BERT,Français,15.715954100404659
6,CMPpl,6,BERT,Français,13.136571592853253
6,CMPpl,7,BERT,Français,6.998522050459228
6,CMPpl,8,BERT,Français,0.09257163462392558
7,CMPsg,1,BERT,Français,12.488946890558354
7,CMPsg,2,BERT,Français,7.521671031931354
7,CMPsg,3,BERT,Français,13.957768687116742
7,CMPsg,4,BERT,Français,0.36066690992975226
7,CMPsg,5,BERT,Français,15.093834298435201
7,CMPsg,6,BERT,Français,14.048762426421534
7,CMPsg,7,BERT,Français,10.826676652305299
7,CMPsg,8,BERT,Français,0.185597469151703
8,CMPsg,1,BERT,Français,13.218945109456484
8,CMPsg,2,BERT,Français,1.9143090607257558
8,CMPsg,3,BERT,Français,17.036451846008045
8,CMPsg,4,BERT,Français,0.21009846089743822
8,CMPsg,5,BERT,Français,13.346190134388873
8,CMPsg,6,BERT,Français,15.844127160009926
8,CMPsg,7,BERT,Français,17.499865894984865
8,CMPsg,8,BERT,Français,0.4002665699222361
9,CMPsg,1,BERT,Français,11.559513257666172
9,CMPsg,2,BERT,Français,5.739129841200459
9,CMPsg,3,BERT,Français,14.82862648550711
9,CMPsg,4,BERT,Français,0.07960407182690658
9,CMPsg,5,BERT,Français,7.433871500254285
9,CMPsg,6,BERT,Français,15.584907639298653
9,CMPsg,7,BERT,Français,13.591802056355203
9,CMPsg,8,BERT,Français,0.09439622489481998
10,CMPsg,1,BERT,Français,13.090772517462652
10,CMPsg,2,BERT,Français,12.951920282468265
10,CMPsg,3,BERT,Français,12.855989870151054
10,CMPsg,4,BERT,Français,0.43191480606028154
10,CMPsg,5,BERT,Français,9.296175298222728
10,CMPsg,6,BERT,Français,15.812877069546223
10,CMPsg,7,BERT,Français,21.30035945518627
10,CMPsg,8,BERT,Français,0.11355600348213794
11,CMPsg,1,BERT,Français,16.57210701679856
11,CMPsg,2,BERT,Français,7.763194259371863
11,CMPsg,3,BERT,Français,14.49832290210969
11,CMPsg,4,BERT,Français,0.20260464281640458
11,CMPsg,5,BERT,Français,17.123748179903167
11,CMPsg,6,BERT,Français,15.137912358636544
11,CMPsg,7,BERT,Français,20.08321665312135
11,CMPsg,8,BERT,Français,0.18318107459618566
12,CMPsg,1,BERT,Français,14.145091108150869
12,CMPsg,2,BERT,Français,2.9040216408137227
12,CMPsg,3,BERT,Français,15.999987617302278
12,CMPsg,4,BERT,Français,0.4554651798280645
12,CMPsg,5,BERT,Français,13.998832366470202
12,CMPsg,6,BERT,Français,15.390285476632172
12,CMPsg,7,BERT,Français,8.328451482905036
12,CMPsg,8,BERT,Français,0.11213561932845269
13,ORCpl,1,BERT,Français,18.07826337115983
13,ORCpl,2,BERT,Français,12.148204835212207
13,ORCpl,3,BERT,Français,6.677902684108971
13,ORCpl,4,BERT,Français,3.4486924712116895
13,ORCpl,5,BERT,Français,4.057321385006183
13,ORCpl,6,BERT,Français,13.197889849987767
13,ORCpl,7,BERT,Français,12.31593725978055
13,ORCpl,8,BERT,Français,0.10647089562961763
14,ORCpl,1,BERT,Français,17.078203454280963
14,ORCpl,2,BERT,Français,15.618979533368568
14,ORCpl,3,BERT,Français,6.201413005056543
14,ORCpl,4,BERT,Français,1.1139563813051265
14,ORCpl,5,BERT,Français,14.570739875471206
14,ORCpl,6,BERT,Français,20.62772754103314
14,ORCpl,7,BERT,Français,15.41896231774293
14,ORCpl,8,BERT,Français,0.3242408355233431
15,ORCpl,1,BERT,Français,17.7437878555114
15,ORCpl,2,BERT,Français,10.469459949156244
15,ORCpl,3,BERT,Français,17.899707251118738
15,ORCpl,4,BERT,Français,0.3893994384970823
15,ORCpl,5,BERT,Français,11.402855150672128
15,ORCpl,6,BERT,Français,22.81757154647975
15,ORCpl,7,BERT,Français,15.08216668379141
15,ORCpl,8,BERT,Français,0.12285940205355347
16,ORCpl,1,BERT,Français,11.85651760089687
16,ORCpl,2,BERT,Français,8.080140937493585
16,ORCpl,3,BERT,Français,18.495983731074855
16,ORCpl,4,BERT,Français,2.7597140908517828
16,ORCpl,5,BERT,Français,9.292820254507436
16,ORCpl,6,BERT,Français,13.728898784358663
16,ORCpl,7,BERT,Français,18.48953340336356
16,ORCpl,8,BERT,Français,0.1614353298279116
17,ORCpl,1,BERT,Français,13.012300462792435
17,ORCpl,2,BERT,Français,11.311901687342438
17,ORCpl,3,BERT,Français,7.666733936573111
17,ORCpl,4,BERT,Français,2.1484691116172465
17,ORCpl,5,BERT,Français,1.7289795953181015
17,ORCpl,6,BERT,Français,11.850628248758346
17,ORCpl,7,BERT,Français,3.5277628305729962
17,ORCpl,8,BERT,Français,0.09842873888219529
18,ORCpl,1,BERT,Français,15.39583603044157
18,ORCpl,2,BERT,Français,11.224366010356361
18,ORCpl,3,BERT,Français,18.182788837617807
18,ORCpl,4,BERT,Français,2.62840931347112
18,ORCpl,5,BERT,Français,18.15718259884076
18,ORCpl,6,BERT,Français,14.11143370815462
18,ORCpl,7,BERT,Français,17.351384475218232
18,ORCpl,8,BERT,Français,0.15444840749825825
19,ORCsg,1,BERT,Français,16.806973579435418
19,ORCsg,2,BERT,Français,17.315499089295457
19,ORCsg,3,BERT,Français,16.55164230383498
19,ORCsg,4,BERT,Français,5.0132070512589815
19,ORCsg,5,BERT,Français,19.068015994324014
19,ORCsg,6,BERT,Français,15.295854348084795
19,ORCsg,7,BERT,Français,10.657510080960261
19,ORCsg,8,BERT,Français,0.20829407458888627
20,ORCsg,1,BERT,Français,13.854417008153305
20,ORCsg,2,BERT,Français,7.785056178915091
20,ORCsg,3,BERT,Français,9.025057876190981
20,ORCsg,4,BERT,Français,0.7593565497957343
20,ORCsg,5,BERT,Français,15.068130209365894
20,ORCsg,6,BERT,Français,13.570804248610774
20,ORCsg,7,BERT,Français,15.099015759273177
20,ORCsg,8,BERT,Français,0.23905097516077323
21,ORCsg,1,BERT,Français,13.553102609809903
21,ORCsg,2,BERT,Français,13.464493823508732
21,ORCsg,3,BERT,Français,7.959558594657333
21,ORCsg,4,BERT,Français,0.3357120155738481
21,ORCsg,5,BERT,Français,15.882926238526833
21,ORCsg,6,BERT,Français,11.616768751778125
21,ORCsg,7,BERT,Français,17.302913339050264
21,ORCsg,8,BERT,Français,0.11483466136761583
22,ORCsg,1,BERT,Français,12.873496224871573
22,ORCsg,2,BERT,Français,10.001456826414111
22,ORCsg,3,BERT,Français,7.621548095650408
22,ORCsg,4,BERT,Français,1.6547543577801902
22,ORCsg,5,BERT,Français,15.020365214696177
22,ORCsg,6,BERT,Français,16.975476278918148
22,ORCsg,7,BERT,Français,13.415159497463959
22,ORCsg,8,BERT,Français,0.1465519429252067
23,ORCsg,1,BERT,Français,10.838126952556207
23,ORCsg,2,BERT,Français,14.21222006555886
23,ORCsg,3,BERT,Français,4.931723739914496
23,ORCsg,4,BERT,Français,0.8669953263686875
23,ORCsg,5,BERT,Français,12.241469641862727
23,ORCsg,6,BERT,Français,20.80547412091821
23,ORCsg,7,BERT,Français,19.142128129026105
23,ORCsg,8,BERT,Français,0.18923138234813167
24,ORCsg,1,BERT,Français,15.915582642877366
24,ORCsg,2,BERT,Français,12.137970738671516
24,ORCsg,3,BERT,Français,17.37110340782721
24,ORCsg,4,BERT,Français,0.5821931869587591
24,ORCsg,5,BERT,Français,9.31998254221342
24,ORCsg,6,BERT,Français,8.957474091700087
24,ORCsg,7,BERT,Français,18.680021027891158
24,ORCsg,8,BERT,Français,0.16966342879551904
1,ORCsg,1,BERT,Français,13.253184744214817
1,ORCsg,2,BERT,Français,11.824786719763456
1,ORCsg,3,BERT,Français,13.11011508720362
1,ORCsg,4,BERT,Français,4.445659410171932
1,ORCsg,5,BERT,Français,13.073505464998785
1,ORCsg,6,BERT,Français,15.24265221294231
1,ORCsg,7,BERT,Français,15.16330488646233
1,ORCsg,8,BERT,Français,0.432364392630554
2,ORCsg,1,BERT,Français,8.708270719137278
2,ORCsg,2,BERT,Français,7.240602043075009
2,ORCsg,3,BERT,Français,15.402445921079426
2,ORCsg,4,BERT,Français,1.041437372871247
2,ORCsg,5,BERT,Français,16.629391738558176
2,ORCsg,6,BERT,Français,12.282729817111022
2,ORCsg,7,BERT,Français,16.892307999915666
2,ORCsg,8,BERT,Français,0.11686237833695345
3,ORCsg,1,BERT,Français,16.31872748201477
3,ORCsg,2,BERT,Français,11.645076202210515
3,ORCsg,3,BERT,Français,13.190084711468376
3,ORCsg,4,BERT,Français,4.062356965517811
3,ORCsg,5,BERT,Français,12.437633535212195
3,ORCsg,6,BERT,Français,14.79132535883003
3,ORCsg,7,BERT,Français,9.064452739285175
3,ORCsg,8,BERT,Français,0.08458850122970148
4,ORCsg,1,BERT,Français,13.60475234993944
4,ORCsg,2,BERT,Français,8.359655756912987
4,ORCsg,3,BERT,Français,10.836128322409277
4,ORCsg,4,BERT,Français,6.507227632126772
4,ORCsg,5,BERT,Français,11.458015660381262
4,ORCsg,6,BERT,Français,8.447995044849941
4,ORCsg,7,BERT,Français,11.249555005369004
4,ORCsg,8,BERT,Français,0.21069750579190827
5,ORCsg,1,BERT,Français,9.36077213880791
5,ORCsg,2,BERT,Français,12.525400848121958
5,ORCsg,3,BERT,Français,12.814766882982902
5,ORCsg,4,BERT,Français,5.240660056421059
5,ORCsg,5,BERT,Français,11.734345468739287
5,ORCsg,6,BERT,Français,17.52640720313821
5,ORCsg,7,BERT,Français,15.227751783604699
5,ORCsg,8,BERT,Français,0.26006862302694755
6,ORCsg,1,BERT,Français,15.363583474457876
6,ORCsg,2,BERT,Français,12.61679130040198
6,ORCsg,3,BERT,Français,15.104903484082254
6,ORCsg,4,BERT,Français,0.8805761302771503
6,ORCsg,5,BERT,Français,15.38038202862952
6,ORCsg,6,BERT,Français,12.687427347766103
6,ORCsg,7,BERT,Français,12.218886961953633
6,ORCsg,8,BERT,Français,0.07285782021599142
7,ORCpl,1,BERT,Français,10.464235181669316
7,ORCpl,2,BERT,Français,21.322706182202037
7,ORCpl,3,BERT,Français,17.410489542822926
7,ORCpl,4,BERT,Français,7.14391770868347
7,ORCpl,5,BERT,Français,7.631053995945121
7,ORCpl,6,BERT,Français,13.512796359927398
7,ORCpl,7,BERT,Français,7.893829267625222
7,ORCpl,8,BERT,Français,0.15488298727097216
8,ORCpl,1,BERT,Français,12.99625135304061
8,ORCpl,2,BERT,Français,12.77814859009658
8,ORCpl,3,BERT,Français,16.91482079051383
8,ORCpl,4,BERT,Français,3.7531827267427254
8,ORCpl,5,BERT,Français,15.168291489452567
8,ORCpl,6,BERT,Français,11.246730806432142
8,ORCpl,7,BERT,Français,17.318751506429138
8,ORCpl,8,BERT,Français,0.4222940093787381
9,ORCpl,1,BERT,Français,11.825008049166648
9,ORCpl,2,BERT,Français,16.564369030618316
9,ORCpl,3,BERT,Français,16.447834346665974
9,ORCpl,4,BERT,Français,1.590836212148646
9,ORCpl,5,BERT,Français,2.5030584748522604
9,ORCpl,6,BERT,Français,8.589276162728487
9,ORCpl,7,BERT,Français,16.479042445948977
9,ORCpl,8,BERT,Français,0.15482583351231285
10,ORCpl,1,BERT,Français,13.793521410660917
10,ORCpl,2,BERT,Français,11.46556376444145
10,ORCpl,3,BERT,Français,14.077559504943542
10,ORCpl,4,BERT,Français,4.666073247396497
10,ORCpl,5,BERT,Français,8.784587275671838
10,ORCpl,6,BERT,Français,17.018030472905675
10,ORCpl,7,BERT,Français,15.425167675400367
10,ORCpl,8,BERT,Français,0.1733175936859451
11,ORCpl,1,BERT,Français,17.699076905062697
11,ORCpl,2,BERT,Français,17.51991601478683
11,ORCpl,3,BERT,Français,8.893703046468293
11,ORCpl,4,BERT,Français,2.695687535922465
11,ORCpl,5,BERT,Français,18.05330616188672
11,ORCpl,6,BERT,Français,18.452118789193555
11,ORCpl,7,BERT,Français,22.15544966914331
11,ORCpl,8,BERT,Français,0.3332292378977112
12,ORCpl,1,BERT,Français,14.123984586390389
12,ORCpl,2,BERT,Français,10.45194798565342
12,ORCpl,3,BERT,Français,15.353918283554787
12,ORCpl,4,BERT,Français,2.139113362283657
12,ORCpl,5,BERT,Français,13.768471904398764
12,ORCpl,6,BERT,Français,10.76208474938074
12,ORCpl,7,BERT,Français,8.77811275557673
12,ORCpl,8,BERT,Français,0.08448501117802429
13,CMPsg,1,BERT,Français,15.926363431359226
13,CMPsg,2,BERT,Français,3.5239221810663994
13,CMPsg,3,BERT,Français,3.85246323705917
13,CMPsg,4,BERT,Français,0.09948315223381937
13,CMPsg,5,BERT,Français,3.306064435275055
13,CMPsg,6,BERT,Français,7.5009159178045195
13,CMPsg,7,BERT,Français,12.104615169603333
13,CMPsg,8,BERT,Français,0.09425944054250694
14,CMPsg,1,BERT,Français,15.927682708672105
14,CMPsg,2,BERT,Français,13.627526791885396
14,CMPsg,3,BERT,Français,5.561251287461342
14,CMPsg,4,BERT,Français,0.20303813779795324
14,CMPsg,5,BERT,Français,12.930207231264385
14,CMPsg,6,BERT,Français,9.40258209070722
14,CMPsg,7,BERT,Français,15.739339129004165
14,CMPsg,8,BERT,Français,0.29557726929716155
15,CMPsg,1,BERT,Français,15.284863409166887
15,CMPsg,2,BERT,Français,6.53616784082436
15,CMPsg,3,BERT,Français,15.232674367131507
15,CMPsg,4,BERT,Français,0.3277547722010209
15,CMPsg,5,BERT,Français,11.003620819095339
15,CMPsg,6,BERT,Français,20.513845402999756
15,CMPsg,7,BERT,Français,17.45610276077067
15,CMPsg,8,BERT,Français,0.14045469253836515
16,CMPsg,1,BERT,Français,13.805722569637537
16,CMPsg,2,BERT,Français,4.854533463420757
16,CMPsg,3,BERT,Français,15.844618293815458
16,CMPsg,4,BERT,Français,0.16434363459311238
16,CMPsg,5,BERT,Français,9.015948150884322
16,CMPsg,6,BERT,Français,6.735938592766469
16,CMPsg,7,BERT,Français,15.420667947848006
16,CMPsg,8,BERT,Français,0.07046363490928785
17,CMPsg,1,BERT,Français,13.265212145130493
17,CMPsg,2,BERT,Français,12.458678832029305
17,CMPsg,3,BERT,Français,7.572645079305683
17,CMPsg,4,BERT,Français,0.27847749939086675
17,CMPsg,5,BERT,Français,1.2751963018824202
17,CMPsg,6,BERT,Français,4.139043667662442
17,CMPsg,7,BERT,Français,5.452568480328779
17,CMPsg,8,BERT,Français,0.11155949555124958
18,CMPsg,1,BERT,Français,13.828902324293606
18,CMPsg,2,BERT,Français,15.473880134274946
18,CMPsg,3,BERT,Français,15.975062251855578
18,CMPsg,4,BERT,Français,2.5528986078060325
18,CMPsg,5,BERT,Français,17.063918982315645
18,CMPsg,6,BERT,Français,17.720252986013616
18,CMPsg,7,BERT,Français,15.251942823104102
18,CMPsg,8,BERT,Français,0.16555219366770205
19,CMPpl,1,BERT,Français,17.804117951568763
19,CMPpl,2,BERT,Français,11.008872639419184
19,CMPpl,3,BERT,Français,14.737963954847727
19,CMPpl,4,BERT,Français,0.3011510190643445
19,CMPpl,5,BERT,Français,20.205864489510727
19,CMPpl,6,BERT,Français,8.26470976692443
19,CMPpl,7,BERT,Français,9.690803867668926
19,CMPpl,8,BERT,Français,0.19837846554842067
20,CMPpl,1,BERT,Français,10.914178442290378
20,CMPpl,2,BERT,Français,3.8992207400852785
20,CMPpl,3,BERT,Français,15.565867867543394
20,CMPpl,4,BERT,Français,0.12435140702230188
20,CMPpl,5,BERT,Français,15.420235914219457
20,CMPpl,6,BERT,Français,15.998851441226401
20,CMPpl,7,BERT,Français,14.10499004515217
20,CMPpl,8,BERT,Français,0.3714581197674781
21,CMPpl,1,BERT,Français,12.937875611491132
21,CMPpl,2,BERT,Français,20.22310066205651
21,CMPpl,3,BERT,Français,12.431189033959038
21,CMPpl,4,BERT,Français,0.06647763197307538
21,CMPpl,5,BERT,Français,14.583326798435674
21,CMPpl,6,BERT,Français,12.404377138932674
21,CMPpl,7,BERT,Français,15.353669053622653
21,CMPpl,8,BERT,Français,0.13161128785143056
22,CMPpl,1,BERT,Français,12.721224448571956
22,CMPpl,2,BERT,Français,6.379437728843442
22,CMPpl,3,BERT,Français,14.12119702499783
22,CMPpl,4,BERT,Français,0.0667133026766786
22,CMPpl,5,BERT,Français,10.92797095531212
22,CMPpl,6,BERT,Français,12.40677052012257
22,CMPpl,7,BERT,Français,12.279807208158346
22,CMPpl,8,BERT,Français,0.22996820607424945
23,CMPpl,1,BERT,Français,12.410840011499458
23,CMPpl,2,BERT,Français,12.416055192848198
23,CMPpl,3,BERT,Français,10.32767642139143
23,CMPpl,4,BERT,Français,0.15568251561501484
23,CMPpl,5,BERT,Français,13.529510296005192
23,CMPpl,6,BERT,Français,18.41127827428286
23,CMPpl,7,BERT,Français,21.495966874362093
23,CMPpl,8,BERT,Français,0.12929655258053188
24,CMPpl,1,BERT,Français,13.76672527139656
24,CMPpl,2,BERT,Français,7.692573754013977
24,CMPpl,3,BERT,Français,18.39161521655358
24,CMPpl,4,BERT,Français,0.057325411464608296
24,CMPpl,5,BERT,Français,11.20016584208198
24,CMPpl,6,BERT,Français,4.410198464783574
24,CMPpl,7,BERT,Français,15.880360673496163
24,CMPpl,8,BERT,Français,0.2139277370140383
