numero,variable,region,model,langue,surprisal
1,CMPsg,1,BERT,Anglais,14.272464752197266
1,CMPsg,2,BERT,Anglais,0.0017610588110983372
1,CMPsg,3,BERT,Anglais,17.00851821899414
1,CMPsg,4,BERT,Anglais,0.016569435596466064
1,CMPsg,5,BERT,Anglais,8.198657989501953
1,CMPsg,6,BERT,Anglais,21.497539520263672
1,CMPsg,7,BERT,Anglais,8.781937599182129
1,CMPsg,8,BERT,Anglais,10.90255069732666
1,ORCpl,1,BERT,Anglais,13.073391914367676
1,ORCpl,2,BERT,Anglais,7.319977760314941
1,ORCpl,3,BERT,Anglais,18.11511993408203
1,ORCpl,4,BERT,Anglais,1.590019702911377
1,ORCpl,5,BERT,Anglais,8.435934066772461
1,ORCpl,6,BERT,Anglais,7.1301398277282715
1,ORCpl,7,BERT,Anglais,16.40351104736328
1,ORCpl,8,BERT,Anglais,8.724682807922363
1,ORCsg,1,BERT,Anglais,14.77307415008545
1,ORCsg,2,BERT,Anglais,7.096548080444336
1,ORCsg,3,BERT,Anglais,18.705137252807617
1,ORCsg,4,BERT,Anglais,2.0658552646636963
1,ORCsg,5,BERT,Anglais,7.157957553863525
1,ORCsg,6,BERT,Anglais,6.150057792663574
1,ORCsg,7,BERT,Anglais,15.152132034301758
1,ORCsg,8,BERT,Anglais,9.20954418182373
1,CMPpl,1,BERT,Anglais,13.555183410644531
1,CMPpl,2,BERT,Anglais,0.005947967525571585
1,CMPpl,3,BERT,Anglais,15.880462646484375
1,CMPpl,4,BERT,Anglais,0.0222989059984684
1,CMPpl,5,BERT,Anglais,10.486067771911621
1,CMPpl,6,BERT,Anglais,21.503204345703125
1,CMPpl,7,BERT,Anglais,7.549068927764893
1,CMPpl,8,BERT,Anglais,10.591523170471191
2,CMPsg,1,BERT,Anglais,13.332174301147461
2,CMPsg,2,BERT,Anglais,0.003385836724191904
2,CMPsg,3,BERT,Anglais,12.421860694885254
2,CMPsg,4,BERT,Anglais,0.021398894488811493
2,CMPsg,5,BERT,Anglais,8.606452941894531
2,CMPsg,6,BERT,Anglais,20.171932220458984
2,CMPsg,7,BERT,Anglais,10.811665534973145
2,CMPsg,8,BERT,Anglais,12.813050270080566
2,ORCpl,1,BERT,Anglais,10.377106666564941
2,ORCpl,2,BERT,Anglais,2.38573956489563
2,ORCpl,3,BERT,Anglais,8.502240180969238
2,ORCpl,4,BERT,Anglais,1.8624998331069946
2,ORCpl,5,BERT,Anglais,9.638955116271973
2,ORCpl,6,BERT,Anglais,6.333439350128174
2,ORCpl,7,BERT,Anglais,13.357704162597656
2,ORCpl,8,BERT,Anglais,7.497695446014404
2,ORCsg,1,BERT,Anglais,9.873297691345215
2,ORCsg,2,BERT,Anglais,4.050417900085449
2,ORCsg,3,BERT,Anglais,11.479642868041992
2,ORCsg,4,BERT,Anglais,2.80892276763916
2,ORCsg,5,BERT,Anglais,10.284080505371094
2,ORCsg,6,BERT,Anglais,5.712080478668213
2,ORCsg,7,BERT,Anglais,12.805188179016113
2,ORCsg,8,BERT,Anglais,7.4913482666015625
2,CMPpl,1,BERT,Anglais,12.599590301513672
2,CMPpl,2,BERT,Anglais,0.005113237537443638
2,CMPpl,3,BERT,Anglais,10.992456436157227
2,CMPpl,4,BERT,Anglais,0.019744735211133957
2,CMPpl,5,BERT,Anglais,10.410844802856445
2,CMPpl,6,BERT,Anglais,20.544700622558594
2,CMPpl,7,BERT,Anglais,11.741061210632324
2,CMPpl,8,BERT,Anglais,12.407846450805664
3,CMPsg,1,BERT,Anglais,9.870362281799316
3,CMPsg,2,BERT,Anglais,0.002131492830812931
3,CMPsg,3,BERT,Anglais,12.828009605407715
3,CMPsg,4,BERT,Anglais,0.1434316188097
3,CMPsg,5,BERT,Anglais,6.84247350692749
3,CMPsg,6,BERT,Anglais,4.673867702484131
3,CMPsg,7,BERT,Anglais,18.784950256347656
3,CMPsg,8,BERT,Anglais,15.61589527130127
3,ORCpl,1,BERT,Anglais,10.676666259765625
3,ORCpl,2,BERT,Anglais,2.3701577186584473
3,ORCpl,3,BERT,Anglais,9.341552734375
3,ORCpl,4,BERT,Anglais,1.260169506072998
3,ORCpl,5,BERT,Anglais,11.717693328857422
3,ORCpl,6,BERT,Anglais,4.850064277648926
3,ORCpl,7,BERT,Anglais,9.103246688842773
3,ORCpl,8,BERT,Anglais,16.401958465576172
3,ORCsg,1,BERT,Anglais,10.65986156463623
3,ORCsg,2,BERT,Anglais,1.270288348197937
3,ORCsg,3,BERT,Anglais,15.4823579788208
3,ORCsg,4,BERT,Anglais,1.6372720003128052
3,ORCsg,5,BERT,Anglais,8.131400108337402
3,ORCsg,6,BERT,Anglais,5.581794738769531
3,ORCsg,7,BERT,Anglais,6.700516223907471
3,ORCsg,8,BERT,Anglais,16.531370162963867
3,CMPpl,1,BERT,Anglais,9.926952362060547
3,CMPpl,2,BERT,Anglais,0.003596681170165539
3,CMPpl,3,BERT,Anglais,10.92576789855957
3,CMPpl,4,BERT,Anglais,0.11894150823354721
3,CMPpl,5,BERT,Anglais,10.528287887573242
3,CMPpl,6,BERT,Anglais,4.6137800216674805
3,CMPpl,7,BERT,Anglais,18.401765823364258
3,CMPpl,8,BERT,Anglais,15.10023307800293
4,CMPsg,1,BERT,Anglais,11.011246681213379
4,CMPsg,2,BERT,Anglais,0.031051931902766228
4,CMPsg,3,BERT,Anglais,7.167116641998291
4,CMPsg,4,BERT,Anglais,0.18780271708965302
4,CMPsg,5,BERT,Anglais,6.789814472198486
4,CMPsg,6,BERT,Anglais,21.050458908081055
4,CMPsg,7,BERT,Anglais,8.518157958984375
4,CMPsg,8,BERT,Anglais,24.7627010345459
4,ORCpl,1,BERT,Anglais,10.92846965789795
4,ORCpl,2,BERT,Anglais,3.095797538757324
4,ORCpl,3,BERT,Anglais,6.414161682128906
4,ORCpl,4,BERT,Anglais,1.5174038410186768
4,ORCpl,5,BERT,Anglais,6.987692356109619
4,ORCpl,6,BERT,Anglais,19.015743255615234
4,ORCpl,7,BERT,Anglais,7.893945693969727
4,ORCpl,8,BERT,Anglais,23.061620712280273
4,ORCsg,1,BERT,Anglais,12.71364974975586
4,ORCsg,2,BERT,Anglais,3.724003553390503
4,ORCsg,3,BERT,Anglais,5.800848960876465
4,ORCsg,4,BERT,Anglais,1.7081812620162964
4,ORCsg,5,BERT,Anglais,6.358351230621338
4,ORCsg,6,BERT,Anglais,18.27994155883789
4,ORCsg,7,BERT,Anglais,7.26507043838501
4,ORCsg,8,BERT,Anglais,29.758604049682617
4,CMPpl,1,BERT,Anglais,9.844290733337402
4,CMPpl,2,BERT,Anglais,0.02419566735625267
4,CMPpl,3,BERT,Anglais,4.891940593719482
4,CMPpl,4,BERT,Anglais,0.14958631992340088
4,CMPpl,5,BERT,Anglais,6.328671455383301
4,CMPpl,6,BERT,Anglais,21.106632232666016
4,CMPpl,7,BERT,Anglais,8.45250415802002
4,CMPpl,8,BERT,Anglais,17.39145851135254
5,CMPsg,1,BERT,Anglais,11.469910621643066
5,CMPsg,2,BERT,Anglais,0.0070543186739087105
5,CMPsg,3,BERT,Anglais,15.968677520751953
5,CMPsg,4,BERT,Anglais,0.057426970452070236
5,CMPsg,5,BERT,Anglais,0.1739935278892517
5,CMPsg,6,BERT,Anglais,18.247241973876953
5,CMPsg,7,BERT,Anglais,15.965548515319824
5,CMPsg,8,BERT,Anglais,21.102964401245117
5,ORCpl,1,BERT,Anglais,11.034597396850586
5,ORCpl,2,BERT,Anglais,2.8324191570281982
5,ORCpl,3,BERT,Anglais,15.032326698303223
5,ORCpl,4,BERT,Anglais,2.9849700927734375
5,ORCpl,5,BERT,Anglais,0.5765962600708008
5,ORCpl,6,BERT,Anglais,7.2585225105285645
5,ORCpl,7,BERT,Anglais,22.015413284301758
5,ORCpl,8,BERT,Anglais,22.008316040039062
5,ORCsg,1,BERT,Anglais,11.302172660827637
5,ORCsg,2,BERT,Anglais,3.0362799167633057
5,ORCsg,3,BERT,Anglais,15.032326698303223
5,ORCsg,4,BERT,Anglais,2.5974111557006836
5,ORCsg,5,BERT,Anglais,0.9965932369232178
5,ORCsg,6,BERT,Anglais,6.996467113494873
5,ORCsg,7,BERT,Anglais,22.464893341064453
5,ORCsg,8,BERT,Anglais,21.87215232849121
5,CMPpl,1,BERT,Anglais,12.20917797088623
5,CMPpl,2,BERT,Anglais,0.008166621439158916
5,CMPpl,3,BERT,Anglais,15.968677520751953
5,CMPpl,4,BERT,Anglais,0.06829086691141129
5,CMPpl,5,BERT,Anglais,0.17299985885620117
5,CMPpl,6,BERT,Anglais,18.28713035583496
5,CMPpl,7,BERT,Anglais,16.007434844970703
5,CMPpl,8,BERT,Anglais,21.493099212646484
6,CMPsg,1,BERT,Anglais,10.123262405395508
6,CMPsg,2,BERT,Anglais,0.030895458534359932
6,CMPsg,3,BERT,Anglais,15.125663757324219
6,CMPsg,4,BERT,Anglais,0.05171859636902809
6,CMPsg,5,BERT,Anglais,1.8300442695617676
6,CMPsg,6,BERT,Anglais,12.420644760131836
6,CMPsg,7,BERT,Anglais,16.15691566467285
6,CMPsg,8,BERT,Anglais,20.775550842285156
6,ORCpl,1,BERT,Anglais,9.961910247802734
6,ORCpl,2,BERT,Anglais,12.321343421936035
6,ORCpl,3,BERT,Anglais,15.793658256530762
6,ORCpl,4,BERT,Anglais,2.824296236038208
6,ORCpl,5,BERT,Anglais,7.342426776885986
6,ORCpl,6,BERT,Anglais,0.6694366335868835
6,ORCpl,7,BERT,Anglais,12.383439064025879
6,ORCpl,8,BERT,Anglais,19.1190242767334
6,ORCsg,1,BERT,Anglais,10.302074432373047
6,ORCsg,2,BERT,Anglais,12.421626091003418
6,ORCsg,3,BERT,Anglais,12.563533782958984
6,ORCsg,4,BERT,Anglais,3.349222183227539
6,ORCsg,5,BERT,Anglais,7.145796775817871
6,ORCsg,6,BERT,Anglais,1.1572232246398926
6,ORCsg,7,BERT,Anglais,12.74534797668457
6,ORCsg,8,BERT,Anglais,19.52245330810547
6,CMPpl,1,BERT,Anglais,9.900177001953125
6,CMPpl,2,BERT,Anglais,0.011848422698676586
6,CMPpl,3,BERT,Anglais,11.742712020874023
6,CMPpl,4,BERT,Anglais,0.028880031779408455
6,CMPpl,5,BERT,Anglais,2.006075143814087
6,CMPpl,6,BERT,Anglais,12.563824653625488
6,CMPpl,7,BERT,Anglais,16.05156135559082
6,CMPpl,8,BERT,Anglais,20.621471405029297
7,CMPsg,1,BERT,Anglais,12.883100509643555
7,CMPsg,2,BERT,Anglais,0.02878800593316555
7,CMPsg,3,BERT,Anglais,12.61211109161377
7,CMPsg,4,BERT,Anglais,0.2605940103530884
7,CMPsg,5,BERT,Anglais,19.764619827270508
7,CMPsg,6,BERT,Anglais,7.467331886291504
7,CMPsg,7,BERT,Anglais,16.037446975708008
7,CMPsg,8,BERT,Anglais,16.38180923461914
7,ORCpl,1,BERT,Anglais,12.869290351867676
7,ORCpl,2,BERT,Anglais,1.6946628093719482
7,ORCpl,3,BERT,Anglais,12.684821128845215
7,ORCpl,4,BERT,Anglais,4.512317657470703
7,ORCpl,5,BERT,Anglais,19.020450592041016
7,ORCpl,6,BERT,Anglais,21.22545623779297
7,ORCpl,7,BERT,Anglais,14.58667278289795
7,ORCpl,8,BERT,Anglais,13.92332935333252
7,ORCsg,1,BERT,Anglais,13.315278053283691
7,ORCsg,2,BERT,Anglais,1.5048905611038208
7,ORCsg,3,BERT,Anglais,16.528549194335938
7,ORCsg,4,BERT,Anglais,5.206960678100586
7,ORCsg,5,BERT,Anglais,16.887943267822266
7,ORCsg,6,BERT,Anglais,22.25724220275879
7,ORCsg,7,BERT,Anglais,14.424115180969238
7,ORCsg,8,BERT,Anglais,17.578720092773438
7,CMPpl,1,BERT,Anglais,13.498779296875
7,CMPpl,2,BERT,Anglais,0.02624833956360817
7,CMPpl,3,BERT,Anglais,5.9505767822265625
7,CMPpl,4,BERT,Anglais,0.14806008338928223
7,CMPpl,5,BERT,Anglais,19.581905364990234
7,CMPpl,6,BERT,Anglais,8.31502914428711
7,CMPpl,7,BERT,Anglais,16.06041145324707
7,CMPpl,8,BERT,Anglais,15.331064224243164
8,CMPsg,1,BERT,Anglais,13.0205078125
8,CMPsg,2,BERT,Anglais,6.941160678863525
8,CMPsg,3,BERT,Anglais,13.885305404663086
8,CMPsg,4,BERT,Anglais,0.02348385937511921
8,CMPsg,5,BERT,Anglais,12.963496208190918
8,CMPsg,6,BERT,Anglais,5.708827972412109
8,CMPsg,7,BERT,Anglais,0.199544295668602
8,CMPsg,8,BERT,Anglais,18.869565963745117
8,ORCpl,1,BERT,Anglais,20.99060821533203
8,ORCpl,2,BERT,Anglais,18.450258255004883
8,ORCpl,3,BERT,Anglais,14.349432945251465
8,ORCpl,4,BERT,Anglais,5.816099643707275
8,ORCpl,5,BERT,Anglais,11.330801010131836
8,ORCpl,6,BERT,Anglais,18.532390594482422
8,ORCpl,7,BERT,Anglais,0.6046830415725708
8,ORCpl,8,BERT,Anglais,17.141021728515625
8,ORCsg,1,BERT,Anglais,17.844266891479492
8,ORCsg,2,BERT,Anglais,18.208833694458008
8,ORCsg,3,BERT,Anglais,16.43144416809082
8,ORCsg,4,BERT,Anglais,2.597275495529175
8,ORCsg,5,BERT,Anglais,10.284778594970703
8,ORCsg,6,BERT,Anglais,19.02875328063965
8,ORCsg,7,BERT,Anglais,0.7526252269744873
8,ORCsg,8,BERT,Anglais,17.39306640625
8,CMPpl,1,BERT,Anglais,13.218969345092773
8,CMPpl,2,BERT,Anglais,6.566425323486328
8,CMPpl,3,BERT,Anglais,10.077045440673828
8,CMPpl,4,BERT,Anglais,0.026929620653390884
8,CMPpl,5,BERT,Anglais,11.894844055175781
8,CMPpl,6,BERT,Anglais,5.316442966461182
8,CMPpl,7,BERT,Anglais,0.11218999326229095
8,CMPpl,8,BERT,Anglais,18.75277328491211
9,CMPsg,1,BERT,Anglais,14.505010604858398
9,CMPsg,2,BERT,Anglais,0.002564561553299427
9,CMPsg,3,BERT,Anglais,6.857775688171387
9,CMPsg,4,BERT,Anglais,0.01680474728345871
9,CMPsg,5,BERT,Anglais,4.93648624420166
9,CMPsg,6,BERT,Anglais,21.256906509399414
9,CMPsg,7,BERT,Anglais,1.3329744338989258
9,CMPsg,8,BERT,Anglais,15.066184043884277
9,ORCpl,1,BERT,Anglais,13.400745391845703
9,ORCpl,2,BERT,Anglais,0.27438753843307495
9,ORCpl,3,BERT,Anglais,9.302526473999023
9,ORCpl,4,BERT,Anglais,0.5872642397880554
9,ORCpl,5,BERT,Anglais,8.85377311706543
9,ORCpl,6,BERT,Anglais,14.069175720214844
9,ORCpl,7,BERT,Anglais,0.013416037894785404
9,ORCpl,8,BERT,Anglais,21.3416805267334
9,ORCsg,1,BERT,Anglais,13.23974609375
9,ORCsg,2,BERT,Anglais,0.3077683746814728
9,ORCsg,3,BERT,Anglais,8.02176570892334
9,ORCsg,4,BERT,Anglais,0.7176898121833801
9,ORCsg,5,BERT,Anglais,10.649482727050781
9,ORCsg,6,BERT,Anglais,14.109402656555176
9,ORCsg,7,BERT,Anglais,0.016138577833771706
9,ORCsg,8,BERT,Anglais,21.655738830566406
9,CMPpl,1,BERT,Anglais,14.813420295715332
9,CMPpl,2,BERT,Anglais,0.0044440762139856815
9,CMPpl,3,BERT,Anglais,8.889589309692383
9,CMPpl,4,BERT,Anglais,0.026433737948536873
9,CMPpl,5,BERT,Anglais,4.949305057525635
9,CMPpl,6,BERT,Anglais,21.13895606994629
9,CMPpl,7,BERT,Anglais,2.434133291244507
9,CMPpl,8,BERT,Anglais,14.96203327178955
10,CMPsg,1,BERT,Anglais,17.684764862060547
10,CMPsg,2,BERT,Anglais,0.22275853157043457
10,CMPsg,3,BERT,Anglais,14.15833568572998
10,CMPsg,4,BERT,Anglais,0.13965171575546265
10,CMPsg,5,BERT,Anglais,7.455657005310059
10,CMPsg,6,BERT,Anglais,6.924783706665039
10,CMPsg,7,BERT,Anglais,15.647896766662598
10,CMPsg,8,BERT,Anglais,17.43408966064453
10,ORCpl,1,BERT,Anglais,21.56308364868164
10,ORCpl,2,BERT,Anglais,0.22037701308727264
10,ORCpl,3,BERT,Anglais,7.09222936630249
10,ORCpl,4,BERT,Anglais,4.69918155670166
10,ORCpl,5,BERT,Anglais,16.965173721313477
10,ORCpl,6,BERT,Anglais,19.66847038269043
10,ORCpl,7,BERT,Anglais,15.034866333007812
10,ORCpl,8,BERT,Anglais,10.171789169311523
10,ORCsg,1,BERT,Anglais,21.646299362182617
10,ORCsg,2,BERT,Anglais,0.45022425055503845
10,ORCsg,3,BERT,Anglais,7.956376075744629
10,ORCsg,4,BERT,Anglais,4.328260898590088
10,ORCsg,5,BERT,Anglais,16.06380271911621
10,ORCsg,6,BERT,Anglais,19.7952880859375
10,ORCsg,7,BERT,Anglais,15.182056427001953
10,ORCsg,8,BERT,Anglais,10.364858627319336
10,CMPpl,1,BERT,Anglais,17.119266510009766
10,CMPpl,2,BERT,Anglais,0.35330450534820557
10,CMPpl,3,BERT,Anglais,13.484006881713867
10,CMPpl,4,BERT,Anglais,0.14243201911449432
10,CMPpl,5,BERT,Anglais,7.72175407409668
10,CMPpl,6,BERT,Anglais,7.336225986480713
10,CMPpl,7,BERT,Anglais,15.769593238830566
10,CMPpl,8,BERT,Anglais,16.716825485229492
11,CMPsg,1,BERT,Anglais,12.433252334594727
11,CMPsg,2,BERT,Anglais,0.2766950726509094
11,CMPsg,3,BERT,Anglais,7.284828186035156
11,CMPsg,4,BERT,Anglais,0.032085124403238297
11,CMPsg,5,BERT,Anglais,20.862802505493164
11,CMPsg,6,BERT,Anglais,12.917859077453613
11,CMPsg,7,BERT,Anglais,20.470935821533203
11,CMPsg,8,BERT,Anglais,10.765117645263672
11,ORCpl,1,BERT,Anglais,12.619336128234863
11,ORCpl,2,BERT,Anglais,1.2670639753341675
11,ORCpl,3,BERT,Anglais,9.196276664733887
11,ORCpl,4,BERT,Anglais,0.4377073645591736
11,ORCpl,5,BERT,Anglais,23.330598831176758
11,ORCpl,6,BERT,Anglais,12.111991882324219
11,ORCpl,7,BERT,Anglais,15.492166519165039
11,ORCpl,8,BERT,Anglais,11.246939659118652
11,ORCsg,1,BERT,Anglais,12.6696138381958
11,ORCsg,2,BERT,Anglais,1.6085987091064453
11,ORCsg,3,BERT,Anglais,6.1122331619262695
11,ORCsg,4,BERT,Anglais,1.3515280485153198
11,ORCsg,5,BERT,Anglais,24.614479064941406
11,ORCsg,6,BERT,Anglais,12.585205078125
11,ORCsg,7,BERT,Anglais,15.963945388793945
11,ORCsg,8,BERT,Anglais,10.965381622314453
11,CMPpl,1,BERT,Anglais,11.652241706848145
11,CMPpl,2,BERT,Anglais,0.4351980984210968
11,CMPpl,3,BERT,Anglais,7.0682525634765625
11,CMPpl,4,BERT,Anglais,0.031162204220891
11,CMPpl,5,BERT,Anglais,21.045988082885742
11,CMPpl,6,BERT,Anglais,13.14501667022705
11,CMPpl,7,BERT,Anglais,20.15757942199707
11,CMPpl,8,BERT,Anglais,9.883438110351562
12,CMPsg,1,BERT,Anglais,10.62040901184082
12,CMPsg,2,BERT,Anglais,5.0495171546936035
12,CMPsg,3,BERT,Anglais,7.431408405303955
12,CMPsg,4,BERT,Anglais,0.05194304510951042
12,CMPsg,5,BERT,Anglais,1.0422335863113403
12,CMPsg,6,BERT,Anglais,7.036965370178223
12,CMPsg,7,BERT,Anglais,10.683236122131348
12,CMPsg,8,BERT,Anglais,28.625295639038086
12,ORCpl,1,BERT,Anglais,11.16373348236084
12,ORCpl,2,BERT,Anglais,0.6687498092651367
12,ORCpl,3,BERT,Anglais,9.158002853393555
12,ORCpl,4,BERT,Anglais,3.0451414585113525
12,ORCpl,5,BERT,Anglais,0.23204916715621948
12,ORCpl,6,BERT,Anglais,21.290607452392578
12,ORCpl,7,BERT,Anglais,13.79525089263916
12,ORCpl,8,BERT,Anglais,26.07164764404297
12,ORCsg,1,BERT,Anglais,10.74179458618164
12,ORCsg,2,BERT,Anglais,1.5967024564743042
12,ORCsg,3,BERT,Anglais,8.438277244567871
12,ORCsg,4,BERT,Anglais,3.2966651916503906
12,ORCsg,5,BERT,Anglais,0.17417582869529724
12,ORCsg,6,BERT,Anglais,20.852340698242188
12,ORCsg,7,BERT,Anglais,13.644646644592285
12,ORCsg,8,BERT,Anglais,27.344045639038086
12,CMPpl,1,BERT,Anglais,10.866704940795898
12,CMPpl,2,BERT,Anglais,5.2326884269714355
12,CMPpl,3,BERT,Anglais,6.545948505401611
12,CMPpl,4,BERT,Anglais,0.052749305963516235
12,CMPpl,5,BERT,Anglais,0.33071276545524597
12,CMPpl,6,BERT,Anglais,7.286194801330566
12,CMPpl,7,BERT,Anglais,10.806458473205566
12,CMPpl,8,BERT,Anglais,27.960901260375977
13,CMPsg,1,BERT,Anglais,12.222789764404297
13,CMPsg,2,BERT,Anglais,6.14546012878418
13,CMPsg,3,BERT,Anglais,15.060358047485352
13,CMPsg,4,BERT,Anglais,0.042391687631607056
13,CMPsg,5,BERT,Anglais,14.54023551940918
13,CMPsg,6,BERT,Anglais,25.072195053100586
13,CMPsg,7,BERT,Anglais,16.23457908630371
13,CMPsg,8,BERT,Anglais,10.220109939575195
13,ORCpl,1,BERT,Anglais,9.267329216003418
13,ORCpl,2,BERT,Anglais,0.1004008799791336
13,ORCpl,3,BERT,Anglais,11.245641708374023
13,ORCpl,4,BERT,Anglais,0.5031083226203918
13,ORCpl,5,BERT,Anglais,13.853321075439453
13,ORCpl,6,BERT,Anglais,20.314239501953125
13,ORCpl,7,BERT,Anglais,16.049701690673828
13,ORCpl,8,BERT,Anglais,9.540759086608887
13,ORCsg,1,BERT,Anglais,10.075591087341309
13,ORCsg,2,BERT,Anglais,0.1891186386346817
13,ORCsg,3,BERT,Anglais,12.849289894104004
13,ORCsg,4,BERT,Anglais,0.5765465497970581
13,ORCsg,5,BERT,Anglais,13.10651683807373
13,ORCsg,6,BERT,Anglais,20.40479850769043
13,ORCsg,7,BERT,Anglais,16.04942512512207
13,ORCsg,8,BERT,Anglais,10.701643943786621
13,CMPpl,1,BERT,Anglais,10.45322322845459
13,CMPpl,2,BERT,Anglais,5.478412628173828
13,CMPpl,3,BERT,Anglais,13.281281471252441
13,CMPpl,4,BERT,Anglais,0.04549703747034073
13,CMPpl,5,BERT,Anglais,16.609163284301758
13,CMPpl,6,BERT,Anglais,25.458602905273438
13,CMPpl,7,BERT,Anglais,17.443368911743164
13,CMPpl,8,BERT,Anglais,9.459878921508789
14,CMPsg,1,BERT,Anglais,10.33702564239502
14,CMPsg,2,BERT,Anglais,3.7165465354919434
14,CMPsg,3,BERT,Anglais,6.614001274108887
14,CMPsg,4,BERT,Anglais,0.0866227000951767
14,CMPsg,5,BERT,Anglais,13.288758277893066
14,CMPsg,6,BERT,Anglais,11.392288208007812
14,CMPsg,7,BERT,Anglais,15.279807090759277
14,CMPsg,8,BERT,Anglais,14.737852096557617
14,ORCpl,1,BERT,Anglais,10.795607566833496
14,ORCpl,2,BERT,Anglais,14.245383262634277
14,ORCpl,3,BERT,Anglais,10.446789741516113
14,ORCpl,4,BERT,Anglais,10.430572509765625
14,ORCpl,5,BERT,Anglais,16.478776931762695
14,ORCpl,6,BERT,Anglais,24.041837692260742
14,ORCpl,7,BERT,Anglais,20.932071685791016
14,ORCpl,8,BERT,Anglais,13.701298713684082
14,ORCsg,1,BERT,Anglais,10.840392112731934
14,ORCsg,2,BERT,Anglais,13.912389755249023
14,ORCsg,3,BERT,Anglais,8.885824203491211
14,ORCsg,4,BERT,Anglais,11.246442794799805
14,ORCsg,5,BERT,Anglais,16.818256378173828
14,ORCsg,6,BERT,Anglais,23.500120162963867
14,ORCsg,7,BERT,Anglais,20.822521209716797
14,ORCsg,8,BERT,Anglais,13.85632610321045
14,CMPpl,1,BERT,Anglais,11.340106964111328
14,CMPpl,2,BERT,Anglais,3.05904221534729
14,CMPpl,3,BERT,Anglais,7.615197658538818
14,CMPpl,4,BERT,Anglais,0.05846194922924042
14,CMPpl,5,BERT,Anglais,13.581514358520508
14,CMPpl,6,BERT,Anglais,11.361017227172852
14,CMPpl,7,BERT,Anglais,15.055083274841309
14,CMPpl,8,BERT,Anglais,14.248819351196289
15,CMPsg,1,BERT,Anglais,11.758584022521973
15,CMPsg,2,BERT,Anglais,0.0010918149491772056
15,CMPsg,3,BERT,Anglais,9.503121376037598
15,CMPsg,4,BERT,Anglais,0.014411134645342827
15,CMPsg,5,BERT,Anglais,19.02583885192871
15,CMPsg,6,BERT,Anglais,5.942404270172119
15,CMPsg,7,BERT,Anglais,15.308015823364258
15,CMPsg,8,BERT,Anglais,5.865733623504639
15,ORCpl,1,BERT,Anglais,13.478979110717773
15,ORCpl,2,BERT,Anglais,4.603564262390137
15,ORCpl,3,BERT,Anglais,17.242584228515625
15,ORCpl,4,BERT,Anglais,1.1287693977355957
15,ORCpl,5,BERT,Anglais,17.904743194580078
15,ORCpl,6,BERT,Anglais,12.525751113891602
15,ORCpl,7,BERT,Anglais,17.04281997680664
15,ORCpl,8,BERT,Anglais,6.6173553466796875
15,ORCsg,1,BERT,Anglais,13.656810760498047
15,ORCsg,2,BERT,Anglais,3.836329698562622
15,ORCsg,3,BERT,Anglais,17.03977394104004
15,ORCsg,4,BERT,Anglais,2.152904510498047
15,ORCsg,5,BERT,Anglais,17.928590774536133
15,ORCsg,6,BERT,Anglais,13.045005798339844
15,ORCsg,7,BERT,Anglais,17.069711685180664
15,ORCsg,8,BERT,Anglais,6.679056167602539
15,CMPpl,1,BERT,Anglais,11.935656547546387
15,CMPpl,2,BERT,Anglais,0.00133089954033494
15,CMPpl,3,BERT,Anglais,8.512527465820312
15,CMPpl,4,BERT,Anglais,0.019409144297242165
15,CMPpl,5,BERT,Anglais,19.122644424438477
15,CMPpl,6,BERT,Anglais,5.99575662612915
15,CMPpl,7,BERT,Anglais,15.541672706604004
15,CMPpl,8,BERT,Anglais,5.65704345703125
16,CMPsg,1,BERT,Anglais,12.679104804992676
16,CMPsg,2,BERT,Anglais,0.001043882337398827
16,CMPsg,3,BERT,Anglais,9.383813858032227
16,CMPsg,4,BERT,Anglais,4.0447916984558105
16,CMPsg,5,BERT,Anglais,15.041479110717773
16,CMPsg,6,BERT,Anglais,4.067734718322754
16,CMPsg,7,BERT,Anglais,17.370603561401367
16,CMPsg,8,BERT,Anglais,10.955192565917969
16,ORCpl,1,BERT,Anglais,14.004544258117676
16,ORCpl,2,BERT,Anglais,0.708358108997345
16,ORCpl,3,BERT,Anglais,5.734673023223877
16,ORCpl,4,BERT,Anglais,4.1684041023254395
16,ORCpl,5,BERT,Anglais,12.113871574401855
16,ORCpl,6,BERT,Anglais,0.8117250800132751
16,ORCpl,7,BERT,Anglais,18.476436614990234
16,ORCpl,8,BERT,Anglais,7.9578728675842285
16,ORCsg,1,BERT,Anglais,13.746241569519043
16,ORCsg,2,BERT,Anglais,0.5956218838691711
16,ORCsg,3,BERT,Anglais,6.303207874298096
16,ORCsg,4,BERT,Anglais,3.623323917388916
16,ORCsg,5,BERT,Anglais,11.951056480407715
16,ORCsg,6,BERT,Anglais,1.0084418058395386
16,ORCsg,7,BERT,Anglais,19.096242904663086
16,ORCsg,8,BERT,Anglais,8.330986022949219
16,CMPpl,1,BERT,Anglais,12.491071701049805
16,CMPpl,2,BERT,Anglais,0.002820174442604184
16,CMPpl,3,BERT,Anglais,7.990579128265381
16,CMPpl,4,BERT,Anglais,3.6185054779052734
16,CMPpl,5,BERT,Anglais,14.642949104309082
16,CMPpl,6,BERT,Anglais,3.9685158729553223
16,CMPpl,7,BERT,Anglais,17.045181274414062
16,CMPpl,8,BERT,Anglais,10.865411758422852
17,CMPsg,1,BERT,Anglais,12.79528522491455
17,CMPsg,2,BERT,Anglais,7.643247604370117
17,CMPsg,3,BERT,Anglais,11.665160179138184
17,CMPsg,4,BERT,Anglais,0.011380488984286785
17,CMPsg,5,BERT,Anglais,16.192779541015625
17,CMPsg,6,BERT,Anglais,6.275306224822998
17,CMPsg,7,BERT,Anglais,10.61148738861084
17,CMPsg,8,BERT,Anglais,15.299911499023438
17,ORCpl,1,BERT,Anglais,13.989821434020996
17,ORCpl,2,BERT,Anglais,0.8784070611000061
17,ORCpl,3,BERT,Anglais,12.998324394226074
17,ORCpl,4,BERT,Anglais,1.7448782920837402
17,ORCpl,5,BERT,Anglais,15.895336151123047
17,ORCpl,6,BERT,Anglais,12.639880180358887
17,ORCpl,7,BERT,Anglais,11.917661666870117
17,ORCpl,8,BERT,Anglais,15.24477481842041
17,ORCsg,1,BERT,Anglais,14.133296966552734
17,ORCsg,2,BERT,Anglais,0.832343578338623
17,ORCsg,3,BERT,Anglais,12.998324394226074
17,ORCsg,4,BERT,Anglais,1.889826774597168
17,ORCsg,5,BERT,Anglais,16.038909912109375
17,ORCsg,6,BERT,Anglais,12.510504722595215
17,ORCsg,7,BERT,Anglais,9.404808044433594
17,ORCsg,8,BERT,Anglais,11.94593334197998
17,CMPpl,1,BERT,Anglais,12.697845458984375
17,CMPpl,2,BERT,Anglais,7.667047500610352
17,CMPpl,3,BERT,Anglais,11.665160179138184
17,CMPpl,4,BERT,Anglais,0.010056483559310436
17,CMPpl,5,BERT,Anglais,16.4291934967041
17,CMPpl,6,BERT,Anglais,6.249718189239502
17,CMPpl,7,BERT,Anglais,10.581099510192871
17,CMPpl,8,BERT,Anglais,15.033363342285156
18,CMPsg,1,BERT,Anglais,12.807463645935059
18,CMPsg,2,BERT,Anglais,1.3630070686340332
18,CMPsg,3,BERT,Anglais,8.574905395507812
18,CMPsg,4,BERT,Anglais,0.06327445805072784
18,CMPsg,5,BERT,Anglais,6.388599872589111
18,CMPsg,6,BERT,Anglais,22.956695556640625
18,CMPsg,7,BERT,Anglais,12.589542388916016
18,CMPsg,8,BERT,Anglais,25.810335159301758
18,ORCpl,1,BERT,Anglais,11.811461448669434
18,ORCpl,2,BERT,Anglais,3.215094804763794
18,ORCpl,3,BERT,Anglais,7.053229331970215
18,ORCpl,4,BERT,Anglais,1.6466970443725586
18,ORCpl,5,BERT,Anglais,3.1036264896392822
18,ORCpl,6,BERT,Anglais,13.776742935180664
18,ORCpl,7,BERT,Anglais,11.94519329071045
18,ORCpl,8,BERT,Anglais,24.576900482177734
18,ORCsg,1,BERT,Anglais,12.115364074707031
18,ORCsg,2,BERT,Anglais,6.37986946105957
18,ORCsg,3,BERT,Anglais,8.20996379852295
18,ORCsg,4,BERT,Anglais,1.6415505409240723
18,ORCsg,5,BERT,Anglais,2.2056162357330322
18,ORCsg,6,BERT,Anglais,12.047154426574707
18,ORCsg,7,BERT,Anglais,10.44714069366455
18,ORCsg,8,BERT,Anglais,24.58188819885254
18,CMPpl,1,BERT,Anglais,11.735018730163574
18,CMPpl,2,BERT,Anglais,0.523177444934845
18,CMPpl,3,BERT,Anglais,4.950705528259277
18,CMPpl,4,BERT,Anglais,0.08775559812784195
18,CMPpl,5,BERT,Anglais,5.878389835357666
18,CMPpl,6,BERT,Anglais,22.762794494628906
18,CMPpl,7,BERT,Anglais,11.825194358825684
18,CMPpl,8,BERT,Anglais,26.479175567626953
19,CMPsg,1,BERT,Anglais,10.253304481506348
19,CMPsg,2,BERT,Anglais,0.0026138368993997574
19,CMPsg,3,BERT,Anglais,13.480692863464355
19,CMPsg,4,BERT,Anglais,0.06168890744447708
19,CMPsg,5,BERT,Anglais,9.717275619506836
19,CMPsg,6,BERT,Anglais,4.438940048217773
19,CMPsg,7,BERT,Anglais,0.011085573583841324
19,CMPsg,8,BERT,Anglais,19.10308837890625
19,ORCpl,1,BERT,Anglais,10.938011169433594
19,ORCpl,2,BERT,Anglais,4.283006191253662
19,ORCpl,3,BERT,Anglais,15.0755615234375
19,ORCpl,4,BERT,Anglais,2.6269314289093018
19,ORCpl,5,BERT,Anglais,9.4629545211792
19,ORCpl,6,BERT,Anglais,25.434938430786133
19,ORCpl,7,BERT,Anglais,0.02441377192735672
19,ORCpl,8,BERT,Anglais,14.566031455993652
19,ORCsg,1,BERT,Anglais,11.030425071716309
19,ORCsg,2,BERT,Anglais,4.138672828674316
19,ORCsg,3,BERT,Anglais,15.334954261779785
19,ORCsg,4,BERT,Anglais,2.360978364944458
19,ORCsg,5,BERT,Anglais,11.4302339553833
19,ORCsg,6,BERT,Anglais,24.78568458557129
19,ORCsg,7,BERT,Anglais,0.02980904094874859
19,ORCsg,8,BERT,Anglais,14.987974166870117
19,CMPpl,1,BERT,Anglais,10.399239540100098
19,CMPpl,2,BERT,Anglais,0.005516817327588797
19,CMPpl,3,BERT,Anglais,13.411723136901855
19,CMPpl,4,BERT,Anglais,0.09757087379693985
19,CMPpl,5,BERT,Anglais,8.788225173950195
19,CMPpl,6,BERT,Anglais,4.549918174743652
19,CMPpl,7,BERT,Anglais,0.009676564484834671
19,CMPpl,8,BERT,Anglais,19.845489501953125
20,CMPsg,1,BERT,Anglais,13.190141677856445
20,CMPsg,2,BERT,Anglais,7.2562103271484375
20,CMPsg,3,BERT,Anglais,8.992562294006348
20,CMPsg,4,BERT,Anglais,0.008432396687567234
20,CMPsg,5,BERT,Anglais,15.2708158493042
20,CMPsg,6,BERT,Anglais,6.952943801879883
20,CMPsg,7,BERT,Anglais,11.226092338562012
20,CMPsg,8,BERT,Anglais,27.587364196777344
20,ORCpl,1,BERT,Anglais,12.907022476196289
20,ORCpl,2,BERT,Anglais,2.066601276397705
20,ORCpl,3,BERT,Anglais,5.047791004180908
20,ORCpl,4,BERT,Anglais,3.7432758808135986
20,ORCpl,5,BERT,Anglais,3.9195003509521484
20,ORCpl,6,BERT,Anglais,2.3877787590026855
20,ORCpl,7,BERT,Anglais,9.431557655334473
20,ORCpl,8,BERT,Anglais,27.894216537475586
20,ORCsg,1,BERT,Anglais,12.85332202911377
20,ORCsg,2,BERT,Anglais,1.730591058731079
20,ORCsg,3,BERT,Anglais,2.9345550537109375
20,ORCsg,4,BERT,Anglais,0.027201680466532707
20,ORCsg,5,BERT,Anglais,6.730602741241455
20,ORCsg,6,BERT,Anglais,2.7484335899353027
20,ORCsg,7,BERT,Anglais,8.111750602722168
20,ORCsg,8,BERT,Anglais,28.08960723876953
20,CMPpl,1,BERT,Anglais,12.538196563720703
20,CMPpl,2,BERT,Anglais,7.294283390045166
20,CMPpl,3,BERT,Anglais,9.023436546325684
20,CMPpl,4,BERT,Anglais,0.014226059429347515
20,CMPpl,5,BERT,Anglais,13.819011688232422
20,CMPpl,6,BERT,Anglais,7.159575462341309
20,CMPpl,7,BERT,Anglais,11.448281288146973
20,CMPpl,8,BERT,Anglais,27.695480346679688
21,CMPsg,1,BERT,Anglais,14.690227508544922
21,CMPsg,2,BERT,Anglais,5.0221123695373535
21,CMPsg,3,BERT,Anglais,14.559708595275879
21,CMPsg,4,BERT,Anglais,0.014011312276124954
21,CMPsg,5,BERT,Anglais,10.573565483093262
21,CMPsg,6,BERT,Anglais,11.58293628692627
21,CMPsg,7,BERT,Anglais,14.163653373718262
21,CMPsg,8,BERT,Anglais,13.138657569885254
21,ORCpl,1,BERT,Anglais,14.21784496307373
21,ORCpl,2,BERT,Anglais,0.08990885317325592
21,ORCpl,3,BERT,Anglais,9.930402755737305
21,ORCpl,4,BERT,Anglais,0.3591722249984741
21,ORCpl,5,BERT,Anglais,12.451555252075195
21,ORCpl,6,BERT,Anglais,16.882169723510742
21,ORCpl,7,BERT,Anglais,15.90696907043457
21,ORCpl,8,BERT,Anglais,26.393653869628906
21,ORCsg,1,BERT,Anglais,13.853194236755371
21,ORCsg,2,BERT,Anglais,0.12785297632217407
21,ORCsg,3,BERT,Anglais,13.5453519821167
21,ORCsg,4,BERT,Anglais,0.3006950616836548
21,ORCsg,5,BERT,Anglais,12.194482803344727
21,ORCsg,6,BERT,Anglais,17.01996612548828
21,ORCsg,7,BERT,Anglais,16.456573486328125
21,ORCsg,8,BERT,Anglais,26.176225662231445
21,CMPpl,1,BERT,Anglais,14.43578052520752
21,CMPpl,2,BERT,Anglais,4.623009204864502
21,CMPpl,3,BERT,Anglais,9.973094940185547
21,CMPpl,4,BERT,Anglais,0.00812580343335867
21,CMPpl,5,BERT,Anglais,10.769342422485352
21,CMPpl,6,BERT,Anglais,12.062901496887207
21,CMPpl,7,BERT,Anglais,13.979270935058594
21,CMPpl,8,BERT,Anglais,12.679627418518066
22,CMPsg,1,BERT,Anglais,7.548849582672119
22,CMPsg,2,BERT,Anglais,11.196115493774414
22,CMPsg,3,BERT,Anglais,19.677127838134766
22,CMPsg,4,BERT,Anglais,0.733135998249054
22,CMPsg,5,BERT,Anglais,17.42071533203125
22,CMPsg,6,BERT,Anglais,5.316196441650391
22,CMPsg,7,BERT,Anglais,11.851863861083984
22,CMPsg,8,BERT,Anglais,31.2215576171875
22,ORCpl,1,BERT,Anglais,9.268363952636719
22,ORCpl,2,BERT,Anglais,1.8960747718811035
22,ORCpl,3,BERT,Anglais,21.179466247558594
22,ORCpl,4,BERT,Anglais,1.2652091979980469
22,ORCpl,5,BERT,Anglais,15.266095161437988
22,ORCpl,6,BERT,Anglais,16.074081420898438
22,ORCpl,7,BERT,Anglais,20.568504333496094
22,ORCpl,8,BERT,Anglais,31.67905044555664
22,ORCsg,1,BERT,Anglais,9.2664794921875
22,ORCsg,2,BERT,Anglais,2.1033170223236084
22,ORCsg,3,BERT,Anglais,20.807662963867188
22,ORCsg,4,BERT,Anglais,5.435619831085205
22,ORCsg,5,BERT,Anglais,21.333202362060547
22,ORCsg,6,BERT,Anglais,14.026152610778809
22,ORCsg,7,BERT,Anglais,21.462621688842773
22,ORCsg,8,BERT,Anglais,31.596189498901367
22,CMPpl,1,BERT,Anglais,7.769586563110352
22,CMPpl,2,BERT,Anglais,11.612016677856445
22,CMPpl,3,BERT,Anglais,19.799358367919922
22,CMPpl,4,BERT,Anglais,0.22491754591464996
22,CMPpl,5,BERT,Anglais,11.89406967163086
22,CMPpl,6,BERT,Anglais,5.6009840965271
22,CMPpl,7,BERT,Anglais,11.29455852508545
22,CMPpl,8,BERT,Anglais,31.71108055114746
23,CMPsg,1,BERT,Anglais,12.973422050476074
23,CMPsg,2,BERT,Anglais,0.06735657155513763
23,CMPsg,3,BERT,Anglais,4.275256633758545
23,CMPsg,4,BERT,Anglais,0.03437836095690727
23,CMPsg,5,BERT,Anglais,5.515736103057861
23,CMPsg,6,BERT,Anglais,1.8166427612304688
23,CMPsg,7,BERT,Anglais,0.38906022906303406
23,CMPsg,8,BERT,Anglais,22.377737045288086
23,ORCpl,1,BERT,Anglais,12.703134536743164
23,ORCpl,2,BERT,Anglais,1.0746893882751465
23,ORCpl,3,BERT,Anglais,16.2926025390625
23,ORCpl,4,BERT,Anglais,3.4645769596099854
23,ORCpl,5,BERT,Anglais,9.728982925415039
23,ORCpl,6,BERT,Anglais,19.886869430541992
23,ORCpl,7,BERT,Anglais,2.1556828022003174
23,ORCpl,8,BERT,Anglais,21.222396850585938
23,ORCsg,1,BERT,Anglais,12.448556900024414
23,ORCsg,2,BERT,Anglais,1.6914173364639282
23,ORCsg,3,BERT,Anglais,13.903169631958008
23,ORCsg,4,BERT,Anglais,4.411518096923828
23,ORCsg,5,BERT,Anglais,9.558207511901855
23,ORCsg,6,BERT,Anglais,19.487117767333984
23,ORCsg,7,BERT,Anglais,2.2049615383148193
23,ORCsg,8,BERT,Anglais,22.8690128326416
23,CMPpl,1,BERT,Anglais,13.785327911376953
23,CMPpl,2,BERT,Anglais,0.09421546757221222
23,CMPpl,3,BERT,Anglais,10.902169227600098
23,CMPpl,4,BERT,Anglais,0.05197112634778023
23,CMPpl,5,BERT,Anglais,5.280272483825684
23,CMPpl,6,BERT,Anglais,1.6892118453979492
23,CMPpl,7,BERT,Anglais,0.4778293967247009
23,CMPpl,8,BERT,Anglais,20.212312698364258
24,CMPsg,1,BERT,Anglais,13.245610237121582
24,CMPsg,2,BERT,Anglais,5.284348011016846
24,CMPsg,3,BERT,Anglais,19.087434768676758
24,CMPsg,4,BERT,Anglais,0.12296774238348007
24,CMPsg,5,BERT,Anglais,5.987185955047607
24,CMPsg,6,BERT,Anglais,18.420413970947266
24,CMPsg,7,BERT,Anglais,17.649137496948242
24,CMPsg,8,BERT,Anglais,11.375456809997559
24,ORCpl,1,BERT,Anglais,14.580262184143066
24,ORCpl,2,BERT,Anglais,13.87738037109375
24,ORCpl,3,BERT,Anglais,20.203277587890625
24,ORCpl,4,BERT,Anglais,7.5757575035095215
24,ORCpl,5,BERT,Anglais,6.403985977172852
24,ORCpl,6,BERT,Anglais,16.395883560180664
24,ORCpl,7,BERT,Anglais,12.746129989624023
24,ORCpl,8,BERT,Anglais,10.201824188232422
24,ORCsg,1,BERT,Anglais,14.475107192993164
24,ORCsg,2,BERT,Anglais,13.027027130126953
24,ORCsg,3,BERT,Anglais,20.203277587890625
24,ORCsg,4,BERT,Anglais,6.996271133422852
24,ORCsg,5,BERT,Anglais,8.114099502563477
24,ORCsg,6,BERT,Anglais,16.5299015045166
24,ORCsg,7,BERT,Anglais,12.457464218139648
24,ORCsg,8,BERT,Anglais,9.733240127563477
24,CMPpl,1,BERT,Anglais,12.99712085723877
24,CMPpl,2,BERT,Anglais,6.355506896972656
24,CMPpl,3,BERT,Anglais,19.087434768676758
24,CMPpl,4,BERT,Anglais,0.12703651189804077
24,CMPpl,5,BERT,Anglais,4.486104488372803
24,CMPpl,6,BERT,Anglais,18.277170181274414
24,CMPpl,7,BERT,Anglais,17.23214340209961
24,CMPpl,8,BERT,Anglais,11.289572715759277
