numero,variable,region,model,langue,surprisal
12,CMPsg,1,BERT,Italien,14.954275131225586
12,CMPsg,2,BERT,Italien,8.837838172912598
12,CMPsg,3,BERT,Italien,20.65007209777832
12,CMPsg,4,BERT,Italien,0.14471593499183655
12,CMPsg,5,BERT,Italien,0.5717381238937378
12,CMPsg,6,BERT,Italien,5.314614295959473
12,CMPsg,7,BERT,Italien,26.95265007019043
12,CMPsg,8,BERT,Italien,0.03290903940796852
1,CMPsg,1,BERT,Italien,13.110018730163574
1,CMPsg,2,BERT,Italien,0.9554869532585144
1,CMPsg,3,BERT,Italien,26.061540603637695
1,CMPsg,4,BERT,Italien,0.004799583461135626
1,CMPsg,5,BERT,Italien,3.202810287475586
1,CMPsg,6,BERT,Italien,15.96766185760498
1,CMPsg,7,BERT,Italien,12.834268569946289
1,CMPsg,8,BERT,Italien,0.01891409605741501
1,CMPpl,1,BERT,Italien,13.14782428741455
1,CMPpl,2,BERT,Italien,1.4321396350860596
1,CMPpl,3,BERT,Italien,28.42916488647461
1,CMPpl,4,BERT,Italien,0.005219990387558937
1,CMPpl,5,BERT,Italien,4.598568439483643
1,CMPpl,6,BERT,Italien,16.790084838867188
1,CMPpl,7,BERT,Italien,13.153865814208984
1,CMPpl,8,BERT,Italien,0.01881207525730133
1,ORCsg,1,BERT,Italien,14.85387897491455
1,ORCsg,2,BERT,Italien,22.87226104736328
1,ORCsg,3,BERT,Italien,30.316974639892578
1,ORCsg,4,BERT,Italien,3.506120443344116
1,ORCsg,5,BERT,Italien,4.173364639282227
1,ORCsg,6,BERT,Italien,19.382896423339844
1,ORCsg,7,BERT,Italien,8.861804962158203
1,ORCsg,8,BERT,Italien,0.05066537857055664
1,ORCpl,1,BERT,Italien,15.462248802185059
1,ORCpl,2,BERT,Italien,22.795665740966797
1,ORCpl,3,BERT,Italien,27.071245193481445
1,ORCpl,4,BERT,Italien,3.678723096847534
1,ORCpl,5,BERT,Italien,6.322503566741943
1,ORCpl,6,BERT,Italien,20.62331199645996
1,ORCpl,7,BERT,Italien,8.127702713012695
1,ORCpl,8,BERT,Italien,0.052904512733221054
2,CMPsg,1,BERT,Italien,13.538379669189453
2,CMPsg,2,BERT,Italien,0.4827893376350403
2,CMPsg,3,BERT,Italien,4.75599479675293
2,CMPsg,4,BERT,Italien,0.013230829499661922
2,CMPsg,5,BERT,Italien,13.098494529724121
2,CMPsg,6,BERT,Italien,22.486616134643555
2,CMPsg,7,BERT,Italien,24.954681396484375
2,CMPsg,8,BERT,Italien,0.047258395701646805
2,CMPpl,1,BERT,Italien,13.62220573425293
2,CMPpl,2,BERT,Italien,0.5771351456642151
2,CMPpl,3,BERT,Italien,3.0549612045288086
2,CMPpl,4,BERT,Italien,0.019090451300144196
2,CMPpl,5,BERT,Italien,15.31214714050293
2,CMPpl,6,BERT,Italien,22.42345428466797
2,CMPpl,7,BERT,Italien,24.481050491333008
2,CMPpl,8,BERT,Italien,0.04393373057246208
2,ORCsg,1,BERT,Italien,10.79584789276123
2,ORCsg,2,BERT,Italien,20.12318992614746
2,ORCsg,3,BERT,Italien,5.291295051574707
2,ORCsg,4,BERT,Italien,0.3412639796733856
2,ORCsg,5,BERT,Italien,11.010941505432129
2,ORCsg,6,BERT,Italien,12.692849159240723
2,ORCsg,7,BERT,Italien,12.846148490905762
2,ORCsg,8,BERT,Italien,0.057262957096099854
2,ORCpl,1,BERT,Italien,11.847674369812012
2,ORCpl,2,BERT,Italien,20.075632095336914
2,ORCpl,3,BERT,Italien,5.495870113372803
2,ORCpl,4,BERT,Italien,1.4307725429534912
2,ORCpl,5,BERT,Italien,8.461743354797363
2,ORCpl,6,BERT,Italien,22.886568069458008
2,ORCpl,7,BERT,Italien,14.153239250183105
2,ORCpl,8,BERT,Italien,0.05791572108864784
3,CMPsg,1,BERT,Italien,15.026142120361328
3,CMPsg,2,BERT,Italien,3.7018940448760986
3,CMPsg,3,BERT,Italien,18.762435913085938
3,CMPsg,4,BERT,Italien,0.13218039274215698
3,CMPsg,5,BERT,Italien,7.179737091064453
3,CMPsg,6,BERT,Italien,7.431166648864746
3,CMPsg,7,BERT,Italien,7.774911880493164
3,CMPsg,8,BERT,Italien,0.027170835062861443
3,CMPpl,1,BERT,Italien,14.358284950256348
3,CMPpl,2,BERT,Italien,3.5419652462005615
3,CMPpl,3,BERT,Italien,2.8285648822784424
3,CMPpl,4,BERT,Italien,0.1680731177330017
3,CMPpl,5,BERT,Italien,8.5712308883667
3,CMPpl,6,BERT,Italien,8.650091171264648
3,CMPpl,7,BERT,Italien,7.573793888092041
3,CMPpl,8,BERT,Italien,0.051795609295368195
3,ORCsg,1,BERT,Italien,17.790122985839844
3,ORCsg,2,BERT,Italien,13.669561386108398
3,ORCsg,3,BERT,Italien,18.797901153564453
3,ORCsg,4,BERT,Italien,1.3631731271743774
3,ORCsg,5,BERT,Italien,8.260379791259766
3,ORCsg,6,BERT,Italien,8.043161392211914
3,ORCsg,7,BERT,Italien,19.198612213134766
3,ORCsg,8,BERT,Italien,0.06857579946517944
3,ORCpl,1,BERT,Italien,16.98856544494629
3,ORCpl,2,BERT,Italien,14.390731811523438
3,ORCpl,3,BERT,Italien,0.20224566757678986
3,ORCpl,4,BERT,Italien,0.6897035837173462
3,ORCpl,5,BERT,Italien,9.612914085388184
3,ORCpl,6,BERT,Italien,3.9317750930786133
3,ORCpl,7,BERT,Italien,4.2690253257751465
3,ORCpl,8,BERT,Italien,0.061436913907527924
4,CMPsg,1,BERT,Italien,13.251462936401367
4,CMPsg,2,BERT,Italien,9.383885383605957
4,CMPsg,3,BERT,Italien,2.6235318183898926
4,CMPsg,4,BERT,Italien,0.05584505945444107
4,CMPsg,5,BERT,Italien,6.120058059692383
4,CMPsg,6,BERT,Italien,22.485183715820312
4,CMPsg,7,BERT,Italien,12.123348236083984
4,CMPsg,8,BERT,Italien,0.14533750712871552
4,CMPpl,1,BERT,Italien,13.970853805541992
4,CMPpl,2,BERT,Italien,8.243945121765137
4,CMPpl,3,BERT,Italien,1.8960120677947998
4,CMPpl,4,BERT,Italien,0.05776606500148773
4,CMPpl,5,BERT,Italien,6.0410075187683105
4,CMPpl,6,BERT,Italien,22.60585594177246
4,CMPpl,7,BERT,Italien,12.423129081726074
4,CMPpl,8,BERT,Italien,0.14493374526500702
4,ORCsg,1,BERT,Italien,12.194031715393066
4,ORCsg,2,BERT,Italien,19.771007537841797
4,ORCsg,3,BERT,Italien,2.0144524574279785
4,ORCsg,4,BERT,Italien,1.2592785358428955
4,ORCsg,5,BERT,Italien,8.698712348937988
4,ORCsg,6,BERT,Italien,9.260543823242188
4,ORCsg,7,BERT,Italien,10.816449165344238
4,ORCsg,8,BERT,Italien,0.22235658764839172
4,ORCpl,1,BERT,Italien,12.22028636932373
4,ORCpl,2,BERT,Italien,20.626466751098633
4,ORCpl,3,BERT,Italien,2.8655996322631836
4,ORCpl,4,BERT,Italien,2.3199989795684814
4,ORCpl,5,BERT,Italien,7.47706413269043
4,ORCpl,6,BERT,Italien,9.548186302185059
4,ORCpl,7,BERT,Italien,10.353845596313477
4,ORCpl,8,BERT,Italien,0.2233627587556839
5,CMPsg,1,BERT,Italien,9.564329147338867
5,CMPsg,2,BERT,Italien,1.0666111707687378
5,CMPsg,3,BERT,Italien,3.8826498985290527
5,CMPsg,4,BERT,Italien,0.02657107077538967
5,CMPsg,5,BERT,Italien,3.4333274364471436
5,CMPsg,6,BERT,Italien,14.862737655639648
5,CMPsg,7,BERT,Italien,19.61018943786621
5,CMPsg,8,BERT,Italien,0.08473367244005203
5,CMPpl,1,BERT,Italien,10.597476959228516
5,CMPpl,2,BERT,Italien,1.3796637058258057
5,CMPpl,3,BERT,Italien,4.651072978973389
5,CMPpl,4,BERT,Italien,0.030232323333621025
5,CMPpl,5,BERT,Italien,3.241002082824707
5,CMPpl,6,BERT,Italien,14.702043533325195
5,CMPpl,7,BERT,Italien,20.2515811920166
5,CMPpl,8,BERT,Italien,0.10031458735466003
5,ORCsg,1,BERT,Italien,8.578896522521973
5,ORCsg,2,BERT,Italien,20.577350616455078
5,ORCsg,3,BERT,Italien,2.861598253250122
5,ORCsg,4,BERT,Italien,0.2939295172691345
5,ORCsg,5,BERT,Italien,6.289589881896973
5,ORCsg,6,BERT,Italien,8.463424682617188
5,ORCsg,7,BERT,Italien,23.37948989868164
5,ORCsg,8,BERT,Italien,0.08569452911615372
5,ORCpl,1,BERT,Italien,8.82186508178711
5,ORCpl,2,BERT,Italien,20.88507843017578
5,ORCpl,3,BERT,Italien,3.217529535293579
5,ORCpl,4,BERT,Italien,0.7072440385818481
5,ORCpl,5,BERT,Italien,6.6796064376831055
5,ORCpl,6,BERT,Italien,8.691987037658691
5,ORCpl,7,BERT,Italien,24.541955947875977
5,ORCpl,8,BERT,Italien,0.09236424416303635
6,CMPsg,1,BERT,Italien,12.570086479187012
6,CMPsg,2,BERT,Italien,4.764061450958252
6,CMPsg,3,BERT,Italien,8.418869018554688
6,CMPsg,4,BERT,Italien,0.016975710168480873
6,CMPsg,5,BERT,Italien,2.8995513916015625
6,CMPsg,6,BERT,Italien,12.452705383300781
6,CMPsg,7,BERT,Italien,17.071046829223633
6,CMPsg,8,BERT,Italien,0.03486597165465355
6,CMPpl,1,BERT,Italien,12.467711448669434
6,CMPpl,2,BERT,Italien,5.473195552825928
6,CMPpl,3,BERT,Italien,6.263175964355469
6,CMPpl,4,BERT,Italien,0.020793847739696503
6,CMPpl,5,BERT,Italien,2.3788604736328125
6,CMPpl,6,BERT,Italien,12.440698623657227
6,CMPpl,7,BERT,Italien,17.151817321777344
6,CMPpl,8,BERT,Italien,0.03525152802467346
6,ORCsg,1,BERT,Italien,12.165818214416504
6,ORCsg,2,BERT,Italien,10.058356285095215
6,ORCsg,3,BERT,Italien,6.799842357635498
6,ORCsg,4,BERT,Italien,2.5986499786376953
6,ORCsg,5,BERT,Italien,4.156553745269775
6,ORCsg,6,BERT,Italien,19.565372467041016
6,ORCsg,7,BERT,Italien,17.17080307006836
6,ORCsg,8,BERT,Italien,0.03093666210770607
6,ORCpl,1,BERT,Italien,11.147567749023438
6,ORCpl,2,BERT,Italien,7.810669422149658
6,ORCpl,3,BERT,Italien,3.5879852771759033
6,ORCpl,4,BERT,Italien,3.122955083847046
6,ORCpl,5,BERT,Italien,2.7768657207489014
6,ORCpl,6,BERT,Italien,20.21514892578125
6,ORCpl,7,BERT,Italien,17.225954055786133
6,ORCpl,8,BERT,Italien,0.026724711060523987
7,CMPsg,1,BERT,Italien,15.319168090820312
7,CMPsg,2,BERT,Italien,5.972548961639404
7,CMPsg,3,BERT,Italien,9.235899925231934
7,CMPsg,4,BERT,Italien,0.02945864014327526
7,CMPsg,5,BERT,Italien,13.062456130981445
7,CMPsg,6,BERT,Italien,7.67441987991333
7,CMPsg,7,BERT,Italien,15.7360200881958
7,CMPsg,8,BERT,Italien,0.024047017097473145
7,CMPpl,1,BERT,Italien,15.598326683044434
7,CMPpl,2,BERT,Italien,7.131895542144775
7,CMPpl,3,BERT,Italien,12.847085952758789
7,CMPpl,4,BERT,Italien,0.03975408151745796
7,CMPpl,5,BERT,Italien,12.519277572631836
7,CMPpl,6,BERT,Italien,7.580388069152832
7,CMPpl,7,BERT,Italien,15.633292198181152
7,CMPpl,8,BERT,Italien,0.024527736008167267
7,ORCsg,1,BERT,Italien,13.798949241638184
7,ORCsg,2,BERT,Italien,4.080447196960449
7,ORCsg,3,BERT,Italien,8.938759803771973
7,ORCsg,4,BERT,Italien,0.2164667695760727
7,ORCsg,5,BERT,Italien,13.026557922363281
7,ORCsg,6,BERT,Italien,14.615026473999023
7,ORCsg,7,BERT,Italien,12.392298698425293
7,ORCsg,8,BERT,Italien,0.029581254348158836
7,ORCpl,1,BERT,Italien,12.943113327026367
7,ORCpl,2,BERT,Italien,8.25011920928955
7,ORCpl,3,BERT,Italien,8.944738388061523
7,ORCpl,4,BERT,Italien,0.6263105273246765
7,ORCpl,5,BERT,Italien,12.764936447143555
7,ORCpl,6,BERT,Italien,14.24251937866211
7,ORCpl,7,BERT,Italien,10.973601341247559
7,ORCpl,8,BERT,Italien,0.026535773649811745
8,CMPsg,1,BERT,Italien,15.023908615112305
8,CMPsg,2,BERT,Italien,6.504876136779785
8,CMPsg,3,BERT,Italien,20.556777954101562
8,CMPsg,4,BERT,Italien,0.010523641481995583
8,CMPsg,5,BERT,Italien,16.913843154907227
8,CMPsg,6,BERT,Italien,14.850289344787598
8,CMPsg,7,BERT,Italien,6.7912116050720215
8,CMPsg,8,BERT,Italien,0.01567942276597023
8,CMPpl,1,BERT,Italien,15.383865356445312
8,CMPpl,2,BERT,Italien,6.212911605834961
8,CMPpl,3,BERT,Italien,1.3244162797927856
8,CMPpl,4,BERT,Italien,0.012812940403819084
8,CMPpl,5,BERT,Italien,16.119911193847656
8,CMPpl,6,BERT,Italien,16.310256958007812
8,CMPpl,7,BERT,Italien,6.292461395263672
8,CMPpl,8,BERT,Italien,0.015295064076781273
8,ORCsg,1,BERT,Italien,16.924823760986328
8,ORCsg,2,BERT,Italien,12.4747953414917
8,ORCsg,3,BERT,Italien,15.673235893249512
8,ORCsg,4,BERT,Italien,3.9232423305511475
8,ORCsg,5,BERT,Italien,19.117143630981445
8,ORCsg,6,BERT,Italien,23.768558502197266
8,ORCsg,7,BERT,Italien,9.530067443847656
8,ORCsg,8,BERT,Italien,0.047017887234687805
8,ORCpl,1,BERT,Italien,16.05387306213379
8,ORCpl,2,BERT,Italien,14.879775047302246
8,ORCpl,3,BERT,Italien,6.0648393630981445
8,ORCpl,4,BERT,Italien,5.702413558959961
8,ORCpl,5,BERT,Italien,19.52055549621582
8,ORCpl,6,BERT,Italien,23.528676986694336
8,ORCpl,7,BERT,Italien,8.860851287841797
8,ORCpl,8,BERT,Italien,0.06139528006315231
9,CMPsg,1,BERT,Italien,17.64127540588379
9,CMPsg,2,BERT,Italien,2.787172794342041
9,CMPsg,3,BERT,Italien,6.584474086761475
9,CMPsg,4,BERT,Italien,0.017834311351180077
9,CMPsg,5,BERT,Italien,5.308079719543457
9,CMPsg,6,BERT,Italien,9.6327543258667
9,CMPsg,7,BERT,Italien,8.474593162536621
9,CMPsg,8,BERT,Italien,0.057106923311948776
9,CMPpl,1,BERT,Italien,17.284320831298828
9,CMPpl,2,BERT,Italien,2.8406693935394287
9,CMPpl,3,BERT,Italien,4.0443549156188965
9,CMPpl,4,BERT,Italien,0.015583975240588188
9,CMPpl,5,BERT,Italien,5.129387378692627
9,CMPpl,6,BERT,Italien,9.439188957214355
9,CMPpl,7,BERT,Italien,8.804445266723633
9,CMPpl,8,BERT,Italien,0.049055181443691254
9,ORCsg,1,BERT,Italien,17.79234504699707
9,ORCsg,2,BERT,Italien,4.621753215789795
9,ORCsg,3,BERT,Italien,6.523715019226074
9,ORCsg,4,BERT,Italien,1.8297436237335205
9,ORCsg,5,BERT,Italien,6.216492176055908
9,ORCsg,6,BERT,Italien,10.001670837402344
9,ORCsg,7,BERT,Italien,0.3116985559463501
9,ORCsg,8,BERT,Italien,0.06282107532024384
9,ORCpl,1,BERT,Italien,16.842012405395508
9,ORCpl,2,BERT,Italien,5.33643102645874
9,ORCpl,3,BERT,Italien,5.450133800506592
9,ORCpl,4,BERT,Italien,2.413356065750122
9,ORCpl,5,BERT,Italien,7.156398773193359
9,ORCpl,6,BERT,Italien,13.033585548400879
9,ORCpl,7,BERT,Italien,0.3495023846626282
9,ORCpl,8,BERT,Italien,0.052836183458566666
10,CMPsg,1,BERT,Italien,19.213939666748047
10,CMPsg,2,BERT,Italien,15.134034156799316
10,CMPsg,3,BERT,Italien,23.31290054321289
10,CMPsg,4,BERT,Italien,0.09343304485082626
10,CMPsg,5,BERT,Italien,8.278854370117188
10,CMPsg,6,BERT,Italien,3.4336869716644287
10,CMPsg,7,BERT,Italien,8.579360961914062
10,CMPsg,8,BERT,Italien,0.035107020288705826
10,CMPpl,1,BERT,Italien,16.29654312133789
10,CMPpl,2,BERT,Italien,15.10153579711914
10,CMPpl,3,BERT,Italien,1.292293906211853
10,CMPpl,4,BERT,Italien,0.1716807335615158
10,CMPpl,5,BERT,Italien,8.220958709716797
10,CMPpl,6,BERT,Italien,4.472468852996826
10,CMPpl,7,BERT,Italien,9.020896911621094
10,CMPpl,8,BERT,Italien,0.028015974909067154
10,ORCsg,1,BERT,Italien,21.15852928161621
10,ORCsg,2,BERT,Italien,10.268256187438965
10,ORCsg,3,BERT,Italien,20.570842742919922
10,ORCsg,4,BERT,Italien,6.377537727355957
10,ORCsg,5,BERT,Italien,7.561395645141602
10,ORCsg,6,BERT,Italien,18.376224517822266
10,ORCsg,7,BERT,Italien,9.108583450317383
10,ORCsg,8,BERT,Italien,0.05203031748533249
10,ORCpl,1,BERT,Italien,20.88844108581543
10,ORCpl,2,BERT,Italien,8.24877643585205
10,ORCpl,3,BERT,Italien,1.4950202703475952
10,ORCpl,4,BERT,Italien,7.773358345031738
10,ORCpl,5,BERT,Italien,5.166018009185791
10,ORCpl,6,BERT,Italien,16.901657104492188
10,ORCpl,7,BERT,Italien,9.307219505310059
10,ORCpl,8,BERT,Italien,0.04893944412469864
11,CMPsg,1,BERT,Italien,10.271368980407715
11,CMPsg,2,BERT,Italien,1.7545692920684814
11,CMPsg,3,BERT,Italien,0.9087565541267395
11,CMPsg,4,BERT,Italien,0.007200104650110006
11,CMPsg,5,BERT,Italien,21.072723388671875
11,CMPsg,6,BERT,Italien,17.119979858398438
11,CMPsg,7,BERT,Italien,28.178340911865234
11,CMPsg,8,BERT,Italien,0.04617246612906456
11,CMPpl,1,BERT,Italien,11.283812522888184
11,CMPpl,2,BERT,Italien,2.5745372772216797
11,CMPpl,3,BERT,Italien,0.7971794009208679
11,CMPpl,4,BERT,Italien,0.0102767925709486
11,CMPpl,5,BERT,Italien,20.759239196777344
11,CMPpl,6,BERT,Italien,16.9201717376709
11,CMPpl,7,BERT,Italien,28.07614517211914
11,CMPpl,8,BERT,Italien,0.04853393882513046
11,ORCsg,1,BERT,Italien,12.485854148864746
11,ORCsg,2,BERT,Italien,10.695917129516602
11,ORCsg,3,BERT,Italien,0.9373879432678223
11,ORCsg,4,BERT,Italien,0.009237807244062424
11,ORCsg,5,BERT,Italien,21.078950881958008
11,ORCsg,6,BERT,Italien,14.269320487976074
11,ORCsg,7,BERT,Italien,23.6544132232666
11,ORCsg,8,BERT,Italien,0.03206806629896164
11,ORCpl,1,BERT,Italien,14.2333345413208
11,ORCpl,2,BERT,Italien,10.033226013183594
11,ORCpl,3,BERT,Italien,1.4191001653671265
11,ORCpl,4,BERT,Italien,0.025693513453006744
11,ORCpl,5,BERT,Italien,19.961217880249023
11,ORCpl,6,BERT,Italien,13.390361785888672
11,ORCpl,7,BERT,Italien,23.021535873413086
11,ORCpl,8,BERT,Italien,0.03235657140612602
12,CMPpl,1,BERT,Italien,15.140894889831543
12,CMPpl,2,BERT,Italien,10.5682373046875
12,CMPpl,3,BERT,Italien,3.4310755729675293
12,CMPpl,4,BERT,Italien,0.14132165908813477
12,CMPpl,5,BERT,Italien,0.2198864072561264
12,CMPpl,6,BERT,Italien,5.4300642013549805
12,CMPpl,7,BERT,Italien,26.735477447509766
12,CMPpl,8,BERT,Italien,0.02816038578748703
12,ORCsg,1,BERT,Italien,13.385126113891602
12,ORCsg,2,BERT,Italien,7.548251152038574
12,ORCsg,3,BERT,Italien,14.732735633850098
12,ORCsg,4,BERT,Italien,1.8795479536056519
12,ORCsg,5,BERT,Italien,0.06239387020468712
12,ORCsg,6,BERT,Italien,17.746028900146484
12,ORCsg,7,BERT,Italien,26.20143699645996
12,ORCsg,8,BERT,Italien,0.030959241092205048
12,ORCpl,1,BERT,Italien,12.581205368041992
12,ORCpl,2,BERT,Italien,9.507014274597168
12,ORCpl,3,BERT,Italien,1.2629175186157227
12,ORCpl,4,BERT,Italien,3.5075314044952393
12,ORCpl,5,BERT,Italien,0.060380615293979645
12,ORCpl,6,BERT,Italien,17.626327514648438
12,ORCpl,7,BERT,Italien,26.447126388549805
12,ORCpl,8,BERT,Italien,0.027257762849330902
13,CMPsg,1,BERT,Italien,14.082083702087402
13,CMPsg,2,BERT,Italien,4.810067653656006
13,CMPsg,3,BERT,Italien,9.515186309814453
13,CMPsg,4,BERT,Italien,0.04225089028477669
13,CMPsg,5,BERT,Italien,11.7849760055542
13,CMPsg,6,BERT,Italien,28.266624450683594
13,CMPsg,7,BERT,Italien,15.107283592224121
13,CMPsg,8,BERT,Italien,0.029304884374141693
13,CMPpl,1,BERT,Italien,13.230643272399902
13,CMPpl,2,BERT,Italien,4.158130645751953
13,CMPpl,3,BERT,Italien,9.1805419921875
13,CMPpl,4,BERT,Italien,0.02731121890246868
13,CMPpl,5,BERT,Italien,11.97725772857666
13,CMPpl,6,BERT,Italien,28.81654930114746
13,CMPpl,7,BERT,Italien,15.086618423461914
13,CMPpl,8,BERT,Italien,0.026377860456705093
13,ORCsg,1,BERT,Italien,12.724061012268066
13,ORCsg,2,BERT,Italien,8.26587963104248
13,ORCsg,3,BERT,Italien,8.016804695129395
13,ORCsg,4,BERT,Italien,2.6166701316833496
13,ORCsg,5,BERT,Italien,9.389859199523926
13,ORCsg,6,BERT,Italien,22.683650970458984
13,ORCsg,7,BERT,Italien,19.583112716674805
13,ORCsg,8,BERT,Italien,0.042234331369400024
13,ORCpl,1,BERT,Italien,12.403321266174316
13,ORCpl,2,BERT,Italien,10.169670104980469
13,ORCpl,3,BERT,Italien,8.361342430114746
13,ORCpl,4,BERT,Italien,2.9961018562316895
13,ORCpl,5,BERT,Italien,9.554444313049316
13,ORCpl,6,BERT,Italien,24.727802276611328
13,ORCpl,7,BERT,Italien,19.773624420166016
13,ORCpl,8,BERT,Italien,0.04044203832745552
14,CMPsg,1,BERT,Italien,15.82955551147461
14,CMPsg,2,BERT,Italien,4.781910419464111
14,CMPsg,3,BERT,Italien,18.472999572753906
14,CMPsg,4,BERT,Italien,0.020521335303783417
14,CMPsg,5,BERT,Italien,11.387261390686035
14,CMPsg,6,BERT,Italien,8.632349967956543
14,CMPsg,7,BERT,Italien,13.007486343383789
14,CMPsg,8,BERT,Italien,0.015062605030834675
14,CMPpl,1,BERT,Italien,17.572397232055664
14,CMPpl,2,BERT,Italien,2.7243897914886475
14,CMPpl,3,BERT,Italien,2.1500158309936523
14,CMPpl,4,BERT,Italien,0.029794204980134964
14,CMPpl,5,BERT,Italien,11.60987663269043
14,CMPpl,6,BERT,Italien,8.817623138427734
14,CMPpl,7,BERT,Italien,13.06507396697998
14,CMPpl,8,BERT,Italien,0.013985870406031609
14,ORCsg,1,BERT,Italien,15.059757232666016
14,ORCsg,2,BERT,Italien,9.147192001342773
14,ORCsg,3,BERT,Italien,13.638839721679688
14,ORCsg,4,BERT,Italien,5.977184295654297
14,ORCsg,5,BERT,Italien,10.466466903686523
14,ORCsg,6,BERT,Italien,19.011638641357422
14,ORCsg,7,BERT,Italien,14.682846069335938
14,ORCsg,8,BERT,Italien,0.027833616361021996
14,ORCpl,1,BERT,Italien,16.29366683959961
14,ORCpl,2,BERT,Italien,9.63847541809082
14,ORCpl,3,BERT,Italien,3.6137280464172363
14,ORCpl,4,BERT,Italien,6.411370277404785
14,ORCpl,5,BERT,Italien,7.718082427978516
14,ORCpl,6,BERT,Italien,19.815561294555664
14,ORCpl,7,BERT,Italien,14.834017753601074
14,ORCpl,8,BERT,Italien,0.02867317944765091
15,CMPsg,1,BERT,Italien,13.380416870117188
15,CMPsg,2,BERT,Italien,7.156693935394287
15,CMPsg,3,BERT,Italien,3.9347333908081055
15,CMPsg,4,BERT,Italien,0.009972751140594482
15,CMPsg,5,BERT,Italien,24.5411376953125
15,CMPsg,6,BERT,Italien,4.261757850646973
15,CMPsg,7,BERT,Italien,23.969188690185547
15,CMPsg,8,BERT,Italien,0.03407316282391548
15,CMPpl,1,BERT,Italien,14.545273780822754
15,CMPpl,2,BERT,Italien,8.181529998779297
15,CMPpl,3,BERT,Italien,4.069762229919434
15,CMPpl,4,BERT,Italien,0.012873412109911442
15,CMPpl,5,BERT,Italien,24.32878303527832
15,CMPpl,6,BERT,Italien,3.6616933345794678
15,CMPpl,7,BERT,Italien,24.216997146606445
15,CMPpl,8,BERT,Italien,0.0367782786488533
15,ORCsg,1,BERT,Italien,12.164237022399902
15,ORCsg,2,BERT,Italien,21.865882873535156
15,ORCsg,3,BERT,Italien,7.931532382965088
15,ORCsg,4,BERT,Italien,2.088930606842041
15,ORCsg,5,BERT,Italien,24.25384521484375
15,ORCsg,6,BERT,Italien,30.117958068847656
15,ORCsg,7,BERT,Italien,22.11335563659668
15,ORCsg,8,BERT,Italien,0.07051916420459747
15,ORCpl,1,BERT,Italien,11.964755058288574
15,ORCpl,2,BERT,Italien,22.362964630126953
15,ORCpl,3,BERT,Italien,5.750546455383301
15,ORCpl,4,BERT,Italien,2.0805275440216064
15,ORCpl,5,BERT,Italien,24.201444625854492
15,ORCpl,6,BERT,Italien,31.29094123840332
15,ORCpl,7,BERT,Italien,22.666263580322266
15,ORCpl,8,BERT,Italien,0.06674356013536453
16,CMPsg,1,BERT,Italien,17.599048614501953
16,CMPsg,2,BERT,Italien,0.527510941028595
16,CMPsg,3,BERT,Italien,7.893870830535889
16,CMPsg,4,BERT,Italien,0.01873166672885418
16,CMPsg,5,BERT,Italien,11.247758865356445
16,CMPsg,6,BERT,Italien,2.7029616832733154
16,CMPsg,7,BERT,Italien,5.78469181060791
16,CMPsg,8,BERT,Italien,0.014132184907793999
16,CMPpl,1,BERT,Italien,18.12633514404297
16,CMPpl,2,BERT,Italien,0.5626810789108276
16,CMPpl,3,BERT,Italien,7.644139766693115
16,CMPpl,4,BERT,Italien,0.022377941757440567
16,CMPpl,5,BERT,Italien,11.767136573791504
16,CMPpl,6,BERT,Italien,2.6488335132598877
16,CMPpl,7,BERT,Italien,5.2413506507873535
16,CMPpl,8,BERT,Italien,0.014824535697698593
16,ORCsg,1,BERT,Italien,17.982206344604492
16,ORCsg,2,BERT,Italien,1.9985437393188477
16,ORCsg,3,BERT,Italien,6.303757667541504
16,ORCsg,4,BERT,Italien,3.4342117309570312
16,ORCsg,5,BERT,Italien,12.69139575958252
16,ORCsg,6,BERT,Italien,9.581061363220215
16,ORCsg,7,BERT,Italien,9.927905082702637
16,ORCsg,8,BERT,Italien,0.018175369128584862
16,ORCpl,1,BERT,Italien,17.314422607421875
16,ORCpl,2,BERT,Italien,2.170741558074951
16,ORCpl,3,BERT,Italien,5.286499500274658
16,ORCpl,4,BERT,Italien,1.816730260848999
16,ORCpl,5,BERT,Italien,14.293444633483887
16,ORCpl,6,BERT,Italien,5.87044095993042
16,ORCpl,7,BERT,Italien,10.026826858520508
16,ORCpl,8,BERT,Italien,0.011443068273365498
17,CMPsg,1,BERT,Italien,12.251105308532715
17,CMPsg,2,BERT,Italien,3.629014492034912
17,CMPsg,3,BERT,Italien,22.26251220703125
17,CMPsg,4,BERT,Italien,0.010961836203932762
17,CMPsg,5,BERT,Italien,11.38759708404541
17,CMPsg,6,BERT,Italien,8.372940063476562
17,CMPsg,7,BERT,Italien,10.390984535217285
17,CMPsg,8,BERT,Italien,0.013533302582800388
17,CMPpl,1,BERT,Italien,13.15475845336914
17,CMPpl,2,BERT,Italien,2.04803729057312
17,CMPpl,3,BERT,Italien,4.149465560913086
17,CMPpl,4,BERT,Italien,0.016405565664172173
17,CMPpl,5,BERT,Italien,11.24014949798584
17,CMPpl,6,BERT,Italien,8.812146186828613
17,CMPpl,7,BERT,Italien,10.200270652770996
17,CMPpl,8,BERT,Italien,0.016386518254876137
17,ORCsg,1,BERT,Italien,16.307756423950195
17,ORCsg,2,BERT,Italien,10.275126457214355
17,ORCsg,3,BERT,Italien,19.600543975830078
17,ORCsg,4,BERT,Italien,0.11389980465173721
17,ORCsg,5,BERT,Italien,13.666265487670898
17,ORCsg,6,BERT,Italien,7.322168350219727
17,ORCsg,7,BERT,Italien,13.06065559387207
17,ORCsg,8,BERT,Italien,0.016220321878790855
17,ORCpl,1,BERT,Italien,16.986597061157227
17,ORCpl,2,BERT,Italien,7.958740711212158
17,ORCpl,3,BERT,Italien,4.144623756408691
17,ORCpl,4,BERT,Italien,0.21913808584213257
17,ORCpl,5,BERT,Italien,12.1160888671875
17,ORCpl,6,BERT,Italien,9.31682014465332
17,ORCpl,7,BERT,Italien,12.933429718017578
17,ORCpl,8,BERT,Italien,0.03249843046069145
18,CMPsg,1,BERT,Italien,13.82161808013916
18,CMPsg,2,BERT,Italien,2.3603515625
18,CMPsg,3,BERT,Italien,6.402565956115723
18,CMPsg,4,BERT,Italien,0.0329919159412384
18,CMPsg,5,BERT,Italien,13.308588981628418
18,CMPsg,6,BERT,Italien,7.7217864990234375
18,CMPsg,7,BERT,Italien,13.640746116638184
18,CMPsg,8,BERT,Italien,0.028338488191366196
18,CMPpl,1,BERT,Italien,17.030715942382812
18,CMPpl,2,BERT,Italien,4.121181011199951
18,CMPpl,3,BERT,Italien,4.088550090789795
18,CMPpl,4,BERT,Italien,0.6208755373954773
18,CMPpl,5,BERT,Italien,12.324485778808594
18,CMPpl,6,BERT,Italien,8.695243835449219
18,CMPpl,7,BERT,Italien,13.085708618164062
18,CMPpl,8,BERT,Italien,0.026153765618801117
18,ORCsg,1,BERT,Italien,17.805814743041992
18,ORCsg,2,BERT,Italien,14.51771068572998
18,ORCsg,3,BERT,Italien,4.230533123016357
18,ORCsg,4,BERT,Italien,0.14012014865875244
18,ORCsg,5,BERT,Italien,5.902045249938965
18,ORCsg,6,BERT,Italien,15.767410278320312
18,ORCsg,7,BERT,Italien,12.461771965026855
18,ORCsg,8,BERT,Italien,0.05251394584774971
18,ORCpl,1,BERT,Italien,18.948928833007812
18,ORCpl,2,BERT,Italien,14.825528144836426
18,ORCpl,3,BERT,Italien,2.479447841644287
18,ORCpl,4,BERT,Italien,0.23339860141277313
18,ORCpl,5,BERT,Italien,7.174515247344971
18,ORCpl,6,BERT,Italien,15.909911155700684
18,ORCpl,7,BERT,Italien,12.804931640625
18,ORCpl,8,BERT,Italien,0.045621734112501144
19,CMPsg,1,BERT,Italien,10.722039222717285
19,CMPsg,2,BERT,Italien,4.052130222320557
19,CMPsg,3,BERT,Italien,10.059011459350586
19,CMPsg,4,BERT,Italien,0.03445859253406525
19,CMPsg,5,BERT,Italien,6.563056945800781
19,CMPsg,6,BERT,Italien,3.8442513942718506
19,CMPsg,7,BERT,Italien,4.491474628448486
19,CMPsg,8,BERT,Italien,1.194788932800293
19,CMPpl,1,BERT,Italien,10.604483604431152
19,CMPpl,2,BERT,Italien,4.323611736297607
19,CMPpl,3,BERT,Italien,6.417176246643066
19,CMPpl,4,BERT,Italien,0.03912874311208725
19,CMPpl,5,BERT,Italien,7.465721130371094
19,CMPpl,6,BERT,Italien,4.2343339920043945
19,CMPpl,7,BERT,Italien,4.195957660675049
19,CMPpl,8,BERT,Italien,1.1661721467971802
19,ORCsg,1,BERT,Italien,11.258190155029297
19,ORCsg,2,BERT,Italien,20.600252151489258
19,ORCsg,3,BERT,Italien,11.70206356048584
19,ORCsg,4,BERT,Italien,1.3700437545776367
19,ORCsg,5,BERT,Italien,10.325284004211426
19,ORCsg,6,BERT,Italien,17.302520751953125
19,ORCsg,7,BERT,Italien,8.812697410583496
19,ORCsg,8,BERT,Italien,1.206760048866272
19,ORCpl,1,BERT,Italien,11.211543083190918
19,ORCpl,2,BERT,Italien,19.297548294067383
19,ORCpl,3,BERT,Italien,8.440253257751465
19,ORCpl,4,BERT,Italien,1.4955589771270752
19,ORCpl,5,BERT,Italien,9.23427677154541
19,ORCpl,6,BERT,Italien,17.231582641601562
19,ORCpl,7,BERT,Italien,9.0852689743042
19,ORCpl,8,BERT,Italien,1.1334221363067627
20,CMPsg,1,BERT,Italien,16.66267967224121
20,CMPsg,2,BERT,Italien,7.497135162353516
20,CMPsg,3,BERT,Italien,3.8812220096588135
20,CMPsg,4,BERT,Italien,0.028637215495109558
20,CMPsg,5,BERT,Italien,8.066400527954102
20,CMPsg,6,BERT,Italien,6.871452808380127
20,CMPsg,7,BERT,Italien,19.3243408203125
20,CMPsg,8,BERT,Italien,0.05611708387732506
20,CMPpl,1,BERT,Italien,17.171703338623047
20,CMPpl,2,BERT,Italien,7.455202579498291
20,CMPpl,3,BERT,Italien,1.4419625997543335
20,CMPpl,4,BERT,Italien,0.0479029156267643
20,CMPpl,5,BERT,Italien,6.592535972595215
20,CMPpl,6,BERT,Italien,6.657108783721924
20,CMPpl,7,BERT,Italien,19.1370792388916
20,CMPpl,8,BERT,Italien,0.05842586234211922
20,ORCsg,1,BERT,Italien,15.332225799560547
20,ORCsg,2,BERT,Italien,2.560762405395508
20,ORCsg,3,BERT,Italien,1.9966514110565186
20,ORCsg,4,BERT,Italien,0.02578875608742237
20,ORCsg,5,BERT,Italien,7.983847618103027
20,ORCsg,6,BERT,Italien,10.41589069366455
20,ORCsg,7,BERT,Italien,18.290782928466797
20,ORCsg,8,BERT,Italien,0.06366156786680222
20,ORCpl,1,BERT,Italien,15.629481315612793
20,ORCpl,2,BERT,Italien,3.961808204650879
20,ORCpl,3,BERT,Italien,1.8747020959854126
20,ORCpl,4,BERT,Italien,0.030138542875647545
20,ORCpl,5,BERT,Italien,7.493838310241699
20,ORCpl,6,BERT,Italien,9.965147972106934
20,ORCpl,7,BERT,Italien,19.465730667114258
20,ORCpl,8,BERT,Italien,0.048194520175457
21,CMPsg,1,BERT,Italien,16.55707359313965
21,CMPsg,2,BERT,Italien,3.1843409538269043
21,CMPsg,3,BERT,Italien,18.396345138549805
21,CMPsg,4,BERT,Italien,0.041733868420124054
21,CMPsg,5,BERT,Italien,1.9037941694259644
21,CMPsg,6,BERT,Italien,24.123292922973633
21,CMPsg,7,BERT,Italien,12.466233253479004
21,CMPsg,8,BERT,Italien,0.014368576928973198
21,CMPpl,1,BERT,Italien,16.371065139770508
21,CMPpl,2,BERT,Italien,2.4710941314697266
21,CMPpl,3,BERT,Italien,7.2331647872924805
21,CMPpl,4,BERT,Italien,0.07174938172101974
21,CMPpl,5,BERT,Italien,1.9240281581878662
21,CMPpl,6,BERT,Italien,24.679533004760742
21,CMPpl,7,BERT,Italien,11.348433494567871
21,CMPpl,8,BERT,Italien,0.01153252087533474
21,ORCsg,1,BERT,Italien,14.306090354919434
21,ORCsg,2,BERT,Italien,2.640533208847046
21,ORCsg,3,BERT,Italien,19.748945236206055
21,ORCsg,4,BERT,Italien,0.04873049631714821
21,ORCsg,5,BERT,Italien,3.652738332748413
21,ORCsg,6,BERT,Italien,20.493850708007812
21,ORCsg,7,BERT,Italien,12.997539520263672
21,ORCsg,8,BERT,Italien,0.01795985922217369
21,ORCpl,1,BERT,Italien,14.474828720092773
21,ORCpl,2,BERT,Italien,3.4195501804351807
21,ORCpl,3,BERT,Italien,6.792454719543457
21,ORCpl,4,BERT,Italien,0.056868523359298706
21,ORCpl,5,BERT,Italien,3.925727605819702
21,ORCpl,6,BERT,Italien,19.972789764404297
21,ORCpl,7,BERT,Italien,13.080345153808594
21,ORCpl,8,BERT,Italien,0.014758595265448093
22,CMPsg,1,BERT,Italien,7.724864959716797
22,CMPsg,2,BERT,Italien,1.092044472694397
22,CMPsg,3,BERT,Italien,9.943277359008789
22,CMPsg,4,BERT,Italien,0.10183928161859512
22,CMPsg,5,BERT,Italien,2.4245221614837646
22,CMPsg,6,BERT,Italien,5.1601972579956055
22,CMPsg,7,BERT,Italien,16.129966735839844
22,CMPsg,8,BERT,Italien,0.026795756071805954
22,CMPpl,1,BERT,Italien,8.943005561828613
22,CMPpl,2,BERT,Italien,1.3316456079483032
22,CMPpl,3,BERT,Italien,11.024855613708496
22,CMPpl,4,BERT,Italien,0.1415669322013855
22,CMPpl,5,BERT,Italien,2.9301669597625732
22,CMPpl,6,BERT,Italien,4.968854904174805
22,CMPpl,7,BERT,Italien,16.177061080932617
22,CMPpl,8,BERT,Italien,0.02859344705939293
22,ORCsg,1,BERT,Italien,15.388806343078613
22,ORCsg,2,BERT,Italien,14.81836223602295
22,ORCsg,3,BERT,Italien,19.64232063293457
22,ORCsg,4,BERT,Italien,1.0295042991638184
22,ORCsg,5,BERT,Italien,5.8439812660217285
22,ORCsg,6,BERT,Italien,19.07965087890625
22,ORCsg,7,BERT,Italien,14.10179328918457
22,ORCsg,8,BERT,Italien,0.05211688578128815
22,ORCpl,1,BERT,Italien,17.50746726989746
22,ORCpl,2,BERT,Italien,14.063232421875
22,ORCpl,3,BERT,Italien,14.033044815063477
22,ORCpl,4,BERT,Italien,1.0628248453140259
22,ORCpl,5,BERT,Italien,6.327811241149902
22,ORCpl,6,BERT,Italien,19.03542709350586
22,ORCpl,7,BERT,Italien,14.14026165008545
22,ORCpl,8,BERT,Italien,0.07252763956785202
23,CMPsg,1,BERT,Italien,9.823556900024414
23,CMPsg,2,BERT,Italien,8.188472747802734
23,CMPsg,3,BERT,Italien,6.35069465637207
23,CMPsg,4,BERT,Italien,0.021712511777877808
23,CMPsg,5,BERT,Italien,0.8639731407165527
23,CMPsg,6,BERT,Italien,8.13614559173584
23,CMPsg,7,BERT,Italien,1.2464922666549683
23,CMPsg,8,BERT,Italien,0.026390735059976578
23,CMPpl,1,BERT,Italien,13.795723915100098
23,CMPpl,2,BERT,Italien,9.472501754760742
23,CMPpl,3,BERT,Italien,4.667866230010986
23,CMPpl,4,BERT,Italien,0.027083737775683403
23,CMPpl,5,BERT,Italien,0.8702285289764404
23,CMPpl,6,BERT,Italien,7.737570285797119
23,CMPpl,7,BERT,Italien,1.124976634979248
23,CMPpl,8,BERT,Italien,0.04366780444979668
23,ORCsg,1,BERT,Italien,15.22262954711914
23,ORCsg,2,BERT,Italien,10.690666198730469
23,ORCsg,3,BERT,Italien,4.36951208114624
23,ORCsg,4,BERT,Italien,1.5322664976119995
23,ORCsg,5,BERT,Italien,9.261190414428711
23,ORCsg,6,BERT,Italien,8.408371925354004
23,ORCsg,7,BERT,Italien,2.5621418952941895
23,ORCsg,8,BERT,Italien,0.03269334137439728
23,ORCpl,1,BERT,Italien,16.383798599243164
23,ORCpl,2,BERT,Italien,10.129988670349121
23,ORCpl,3,BERT,Italien,5.110049724578857
23,ORCpl,4,BERT,Italien,1.3538421392440796
23,ORCpl,5,BERT,Italien,10.591621398925781
23,ORCpl,6,BERT,Italien,12.298273086547852
23,ORCpl,7,BERT,Italien,2.6564486026763916
23,ORCpl,8,BERT,Italien,0.04737257957458496
24,CMPsg,1,BERT,Italien,15.172365188598633
24,CMPsg,2,BERT,Italien,6.066824913024902
24,CMPsg,3,BERT,Italien,3.575026750564575
24,CMPsg,4,BERT,Italien,0.011174657382071018
24,CMPsg,5,BERT,Italien,10.894693374633789
24,CMPsg,6,BERT,Italien,2.2816104888916016
24,CMPsg,7,BERT,Italien,9.20531177520752
24,CMPsg,8,BERT,Italien,0.04319307208061218
24,CMPpl,1,BERT,Italien,15.591778755187988
24,CMPpl,2,BERT,Italien,4.5998005867004395
24,CMPpl,3,BERT,Italien,3.362818956375122
24,CMPpl,4,BERT,Italien,0.012349378317594528
24,CMPpl,5,BERT,Italien,10.750186920166016
24,CMPpl,6,BERT,Italien,2.237355947494507
24,CMPpl,7,BERT,Italien,8.767818450927734
24,CMPpl,8,BERT,Italien,0.051678579300642014
24,ORCsg,1,BERT,Italien,16.65265464782715
24,ORCsg,2,BERT,Italien,6.316829681396484
24,ORCsg,3,BERT,Italien,2.405045509338379
24,ORCsg,4,BERT,Italien,0.03920552507042885
24,ORCsg,5,BERT,Italien,8.046849250793457
24,ORCsg,6,BERT,Italien,9.444982528686523
24,ORCsg,7,BERT,Italien,11.382953643798828
24,ORCsg,8,BERT,Italien,0.0690687894821167
24,ORCpl,1,BERT,Italien,16.243968963623047
24,ORCpl,2,BERT,Italien,4.4800825119018555
24,ORCpl,3,BERT,Italien,2.621926784515381
24,ORCpl,4,BERT,Italien,0.040092844516038895
24,ORCpl,5,BERT,Italien,7.732048511505127
24,ORCpl,6,BERT,Italien,9.470850944519043
24,ORCpl,7,BERT,Italien,11.237997055053711
24,ORCpl,8,BERT,Italien,0.07505306601524353
