numero,variable,region,model,langue,surprisal
1,1,1,BERT,Français,3.84335520901666
1,1,2,BERT,Français,6.277672110268361
1,1,3,BERT,Français,2.8932520957648142
1,1,4,BERT,Français,13.592256246045128
1,1,8,BERT,Français,11.767516125401832
1,2,1,BERT,Français,4.073908818040357
1,2,2,BERT,Français,7.337979390554321
1,2,3,BERT,Français,2.0597803313700243
1,2,8,BERT,Français,8.839838356853148
1,3,1,BERT,Français,3.8016676735006927
1,3,2,BERT,Français,10.072415609430902
1,3,3,BERT,Français,8.280143194494128
1,3,4,BERT,Français,16.072927103143467
1,3,8,BERT,Français,8.398651416623798
1,4,1,BERT,Français,4.834721724885878
1,4,2,BERT,Français,6.276814141954251
1,4,3,BERT,Français,4.6735713358229525
1,4,8,BERT,Français,9.532491338673658
1,5,1,BERT,Français,3.554399081304041
1,5,2,BERT,Français,8.577998131710578
1,5,3,BERT,Français,2.726020193843771
1,5,4,BERT,Français,12.51005908868309
1,5,5,BERT,Français,2.5971906344878493
1,5,6,BERT,Français,22.78832614228233
1,5,7,BERT,Français,11.72470184509229
1,5,8,BERT,Français,11.75984163915233
1,6,1,BERT,Français,5.410408167625785
1,6,2,BERT,Français,9.913404535731967
1,6,3,BERT,Français,3.60294586802778
1,6,4,BERT,Français,13.277368381374819
1,6,5,BERT,Français,2.6789576812511777
1,6,6,BERT,Français,14.360858381418252
1,6,8,BERT,Français,13.892858926838093
1,7,1,BERT,Français,3.546315026304501
1,7,2,BERT,Français,8.847732954531628
1,7,3,BERT,Français,5.218479094578505
1,7,4,BERT,Français,14.568146903458445
1,7,5,BERT,Français,6.018065302433742
1,7,6,BERT,Français,21.536739566774973
1,7,7,BERT,Français,14.133860864422054
1,7,8,BERT,Français,12.941730591673737
1,8,1,BERT,Français,4.260112904108516
1,8,2,BERT,Français,11.775016801031407
1,8,3,BERT,Français,4.547636455504258
1,8,4,BERT,Français,13.92967379931221
1,8,5,BERT,Français,5.917189072488441
1,8,6,BERT,Français,16.83140209182477
1,8,8,BERT,Français,13.098734880500485
2,1,1,BERT,Français,2.6480180187164737
2,1,2,BERT,Français,1.577955514885956
2,1,3,BERT,Français,0.9238079352920654
2,1,4,BERT,Français,14.218893567231834
2,1,8,BERT,Français,12.77109707256791
2,2,1,BERT,Français,2.5555345609542766
2,2,2,BERT,Français,1.4897124585819213
2,2,3,BERT,Français,8.73001771312699
2,2,8,BERT,Français,11.684772337595163
2,3,1,BERT,Français,2.6206144933423032
2,3,2,BERT,Français,3.873816548370037
2,3,3,BERT,Français,2.192022045640048
2,3,4,BERT,Français,13.623538198568692
2,3,8,BERT,Français,10.896768227750831
2,4,1,BERT,Français,2.545199952357378
2,4,2,BERT,Français,2.996813072414411
2,4,3,BERT,Français,9.244173345168257
2,4,8,BERT,Français,10.821617500017046
2,5,1,BERT,Français,1.6519879439773975
2,5,2,BERT,Français,1.2488873937724876
2,5,3,BERT,Français,0.7515061773844587
2,5,4,BERT,Français,9.188694007777663
2,5,5,BERT,Français,0.059787412107175836
2,5,6,BERT,Français,4.766921627324996
2,5,7,BERT,Français,13.789039775184364
2,5,8,BERT,Français,16.407799280640535
2,6,1,BERT,Français,2.023383962144401
2,6,2,BERT,Français,1.9002318017135609
2,6,3,BERT,Français,0.6300137461259655
2,6,4,BERT,Français,11.226018427253859
2,6,5,BERT,Français,0.09360369840446803
2,6,6,BERT,Français,5.183581035727222
2,6,8,BERT,Français,14.027534267015291
2,7,1,BERT,Français,1.9173053475528792
2,7,2,BERT,Français,3.1107053973658974
2,7,3,BERT,Français,11.307025405813773
2,7,4,BERT,Français,9.172669798968247
2,7,5,BERT,Français,0.08589137828445258
2,7,6,BERT,Français,6.091277828671867
2,7,7,BERT,Français,16.28448872131156
2,7,8,BERT,Français,14.532240237332536
2,8,1,BERT,Français,2.2332620388300755
2,8,2,BERT,Français,3.885646981573728
2,8,3,BERT,Français,11.984841393711836
2,8,4,BERT,Français,11.344150392067503
2,8,5,BERT,Français,0.06701891242689638
2,8,6,BERT,Français,5.5947951593513165
2,8,8,BERT,Français,12.531811140516966
3,1,1,BERT,Français,8.685777318549487
3,1,2,BERT,Français,8.303457004322532
3,1,3,BERT,Français,0.3588207462800517
3,1,4,BERT,Français,5.968647610874995
3,1,8,BERT,Français,15.957900138834122
3,2,1,BERT,Français,11.245119326200903
3,2,2,BERT,Français,8.626436511814495
3,2,3,BERT,Français,8.975943025983083
3,2,8,BERT,Français,13.523785561579636
3,3,1,BERT,Français,8.984787616233774
3,3,2,BERT,Français,8.163325205345156
3,3,3,BERT,Français,3.071215360519745
3,3,4,BERT,Français,8.864599918328764
3,3,8,BERT,Français,16.243915180236147
3,4,1,BERT,Français,11.002666129309876
3,4,2,BERT,Français,9.663141943557438
3,4,3,BERT,Français,5.617560274333346
3,4,8,BERT,Français,16.580614801655205
3,5,1,BERT,Français,7.277000531863858
3,5,2,BERT,Français,4.867804671173021
3,5,3,BERT,Français,4.084011057777108
3,5,4,BERT,Français,10.46502477776991
3,5,5,BERT,Français,4.530290249029716
3,5,6,BERT,Français,13.099681614353733
3,5,7,BERT,Français,5.942457378670678
3,5,8,BERT,Français,18.56629995804263
3,6,1,BERT,Français,9.172604764115198
3,6,2,BERT,Français,6.0293840417532945
3,6,3,BERT,Français,5.368059187849927
3,6,4,BERT,Français,11.531652763799293
3,6,5,BERT,Français,5.109553314742137
3,6,6,BERT,Français,11.097697484506226
3,6,8,BERT,Français,11.467105142506865
3,7,1,BERT,Français,10.634489989251499
3,7,2,BERT,Français,5.234085080441101
3,7,3,BERT,Français,4.796422280330478
3,7,4,BERT,Français,13.637161767257389
3,7,5,BERT,Français,3.497496907751027
3,7,6,BERT,Français,12.166558298573724
3,7,7,BERT,Français,6.19442388505943
3,7,8,BERT,Français,20.532919518123897
3,8,1,BERT,Français,10.65274427882653
3,8,2,BERT,Français,7.544426447093782
3,8,3,BERT,Français,4.644198212440311
3,8,4,BERT,Français,13.706129737568716
3,8,5,BERT,Français,3.8121595527817194
3,8,6,BERT,Français,11.788714853153083
3,8,8,BERT,Français,13.152404289202229
4,1,1,BERT,Français,1.6050781311268356
4,1,2,BERT,Français,9.013356584637538
4,1,3,BERT,Français,0.3466811385968872
4,1,4,BERT,Français,6.878836614569175
4,1,8,BERT,Français,13.80511317246261
4,2,1,BERT,Français,1.9332482483805176
4,2,2,BERT,Français,10.882305857663667
4,2,3,BERT,Français,3.4699724865715202
4,2,8,BERT,Français,10.19487008626395
4,3,1,BERT,Français,3.1906669635094054
4,3,2,BERT,Français,7.659031125537221
4,3,3,BERT,Français,1.9847329898985948
4,3,4,BERT,Français,9.479036812714892
4,3,8,BERT,Français,12.089053659989336
4,4,1,BERT,Français,2.6044395855215576
4,4,2,BERT,Français,9.960880138493438
4,4,3,BERT,Français,9.501551022061232
4,4,8,BERT,Français,13.337454178944029
4,5,1,BERT,Français,2.5462734607488517
4,5,2,BERT,Français,9.579616062901776
4,5,3,BERT,Français,2.044783959953735
4,5,4,BERT,Français,9.437547935970123
4,5,5,BERT,Français,7.198676767130642
4,5,6,BERT,Français,10.060527675286242
4,5,7,BERT,Français,9.237023344272883
4,5,8,BERT,Français,13.324070524913154
4,6,1,BERT,Français,2.2483552224480436
4,6,2,BERT,Français,10.485188083411343
4,6,3,BERT,Français,0.8825035324953571
4,6,4,BERT,Français,9.798038392083855
4,6,5,BERT,Français,5.858919578595612
4,6,6,BERT,Français,12.96073000477801
4,6,8,BERT,Français,12.109388276501981
4,7,1,BERT,Français,8.014528914750512
4,7,2,BERT,Français,14.67492297096668
4,7,3,BERT,Français,2.91922816746056
4,7,4,BERT,Français,12.328938754193372
4,7,5,BERT,Français,4.120382818718778
4,7,6,BERT,Français,10.063470786208377
4,7,7,BERT,Français,15.299900583050688
4,7,8,BERT,Français,13.746461931034945
4,8,1,BERT,Français,7.933158594414218
4,8,2,BERT,Français,15.21930785866659
4,8,3,BERT,Français,5.8596309347743425
4,8,4,BERT,Français,12.02361453246959
4,8,5,BERT,Français,5.645592948141553
4,8,6,BERT,Français,12.304417513366893
4,8,8,BERT,Français,13.651929572923848
5,1,1,BERT,Français,4.619189795353455
5,1,2,BERT,Français,12.647396417964789
5,1,3,BERT,Français,1.6250425258942987
5,1,4,BERT,Français,10.622953407098585
5,1,8,BERT,Français,10.460147684846923
5,2,1,BERT,Français,9.089116590372504
5,2,2,BERT,Français,15.79732089295973
5,2,3,BERT,Français,8.08437186447159
5,2,8,BERT,Français,15.64863853933062
5,3,1,BERT,Français,7.427252942595211
5,3,2,BERT,Français,14.1142381918365
5,3,3,BERT,Français,2.5291359888558804
5,3,4,BERT,Français,11.815119815581365
5,3,8,BERT,Français,11.248909874133357
5,4,1,BERT,Français,5.701829028544646
5,4,2,BERT,Français,14.836107444350581
5,4,3,BERT,Français,10.578933451508757
5,4,8,BERT,Français,15.235351600703838
5,5,1,BERT,Français,3.458428674294998
5,5,2,BERT,Français,11.921347829528923
5,5,3,BERT,Français,1.383008368632417
5,5,4,BERT,Français,10.738901927155432
5,5,5,BERT,Français,1.0669259526545865
5,5,6,BERT,Français,3.044107939053865
5,5,7,BERT,Français,16.384742723157256
5,5,8,BERT,Français,12.230677365746963
5,6,1,BERT,Français,4.405660245662345
5,6,2,BERT,Français,11.128918787548447
5,6,3,BERT,Français,1.338399871509455
5,6,4,BERT,Français,13.175274862299375
5,6,5,BERT,Français,1.5112425470127457
5,6,6,BERT,Français,10.18230576540888
5,6,8,BERT,Français,12.479313226691803
5,7,1,BERT,Français,2.4745383336138347
5,7,2,BERT,Français,12.247716344952451
5,7,3,BERT,Français,1.5472800353763845
5,7,4,BERT,Français,10.162581778354456
5,7,5,BERT,Français,0.5149960910123522
5,7,6,BERT,Français,3.0186468185309354
5,7,7,BERT,Français,15.819031752900152
5,7,8,BERT,Français,12.356396110196124
5,8,1,BERT,Français,4.739256300228105
5,8,2,BERT,Français,8.456848731903344
5,8,3,BERT,Français,1.2893972212675662
5,8,4,BERT,Français,12.497958055935607
5,8,5,BERT,Français,0.9244838009198528
5,8,6,BERT,Français,9.870453627948102
5,8,8,BERT,Français,12.84245692016203
6,1,1,BERT,Français,7.952758741320774
6,1,2,BERT,Français,4.885330056830406
6,1,3,BERT,Français,3.1445300005316366
6,1,4,BERT,Français,12.113130717944195
6,1,8,BERT,Français,15.826869747684503
6,2,1,BERT,Français,9.22777907263853
6,2,2,BERT,Français,5.6920938104085295
6,2,3,BERT,Français,2.2270065192796538
6,2,8,BERT,Français,12.632363961418315
6,3,1,BERT,Français,10.132342880320303
6,3,2,BERT,Français,8.921889595549095
6,3,3,BERT,Français,5.105172709751794
6,3,4,BERT,Français,16.42154058069895
6,3,8,BERT,Français,15.497205943003856
6,4,1,BERT,Français,9.97339365466077
6,4,2,BERT,Français,8.620818249868599
6,4,3,BERT,Français,3.8946349465848167
6,4,8,BERT,Français,13.941554856386393
6,5,1,BERT,Français,5.762739118460253
6,5,2,BERT,Français,3.4024542181932094
6,5,3,BERT,Français,2.123525208096349
6,5,4,BERT,Français,6.554909229120201
6,5,5,BERT,Français,5.508745925108985
6,5,6,BERT,Français,0.21307354894474892
6,5,7,BERT,Français,13.814196292092005
6,5,8,BERT,Français,10.253914434650552
6,6,1,BERT,Français,7.878754706204247
6,6,2,BERT,Français,4.418421727158886
6,6,3,BERT,Français,2.0281980923153133
6,6,4,BERT,Français,8.708561716646834
6,6,5,BERT,Français,5.469985826407481
6,6,6,BERT,Français,2.743033502135095
6,6,8,BERT,Français,13.580395814419784
6,7,1,BERT,Français,9.144881071289225
6,7,2,BERT,Français,9.726440988293474
6,7,3,BERT,Français,5.4748313348696165
6,7,4,BERT,Français,9.009126170585123
6,7,5,BERT,Français,2.3683650859315564
6,7,6,BERT,Français,0.09062453884132705
6,7,7,BERT,Français,14.342262436230536
6,7,8,BERT,Français,13.241218058693354
6,8,1,BERT,Français,12.188972864707507
6,8,2,BERT,Français,10.468541076858832
6,8,3,BERT,Français,4.997855079800177
6,8,4,BERT,Français,14.423483822234907
6,8,5,BERT,Français,3.46798563343407
6,8,6,BERT,Français,1.9643110235687715
6,8,8,BERT,Français,14.650597274412052
7,1,1,BERT,Français,4.766956160639025
7,1,2,BERT,Français,10.099736256118423
7,1,3,BERT,Français,1.2178320068631865
7,1,4,BERT,Français,6.39090604981449
7,1,8,BERT,Français,15.313942915573936
7,2,1,BERT,Français,6.1832962864035
7,2,2,BERT,Français,9.511228452511782
7,2,3,BERT,Français,6.3565022390735
7,2,8,BERT,Français,17.399570947620386
7,3,1,BERT,Français,8.396856567614169
7,3,2,BERT,Français,12.673669269660232
7,3,3,BERT,Français,1.8052148960897554
7,3,4,BERT,Français,8.008313384357029
7,3,8,BERT,Français,15.65729293910294
7,4,1,BERT,Français,9.213391953306262
7,4,2,BERT,Français,12.09469820620401
7,4,3,BERT,Français,6.375101045447274
7,4,8,BERT,Français,16.660114530906874
7,5,1,BERT,Français,7.509270043484575
7,5,2,BERT,Français,11.057338027773776
7,5,3,BERT,Français,3.801978584586372
7,5,4,BERT,Français,9.66777724313635
7,5,5,BERT,Français,4.060186499189092
7,5,6,BERT,Français,17.731466423318984
7,5,7,BERT,Français,16.18477200619801
7,5,8,BERT,Français,16.053375672211335
7,6,1,BERT,Français,7.903561340948677
7,6,2,BERT,Français,11.484634136169237
7,6,3,BERT,Français,2.655449567513962
7,6,4,BERT,Français,8.445168665845125
7,6,5,BERT,Français,5.065123519413744
7,6,6,BERT,Français,15.443151705276545
7,6,8,BERT,Français,17.114963632497908
7,7,1,BERT,Français,8.620921395226134
7,7,2,BERT,Français,13.734250623855432
7,7,3,BERT,Français,5.564287142631971
7,7,4,BERT,Français,12.931833318172473
7,7,5,BERT,Français,7.0750487166088725
7,7,6,BERT,Français,15.410380167390427
7,7,7,BERT,Français,17.280629249794202
7,7,8,BERT,Français,16.222151952304845
7,8,1,BERT,Français,8.567724710794073
7,8,2,BERT,Français,16.782339990194956
7,8,3,BERT,Français,4.8035628127283365
7,8,4,BERT,Français,13.383658465199916
7,8,5,BERT,Français,6.626107066744234
7,8,6,BERT,Français,13.928634861424944
7,8,8,BERT,Français,17.501771876976544
8,1,1,BERT,Français,3.7902792214856666
8,1,2,BERT,Français,5.819693502144567
8,1,3,BERT,Français,0.7090066867751904
8,1,4,BERT,Français,10.633711407190713
8,1,8,BERT,Français,16.200003836481155
8,2,1,BERT,Français,5.193620106738454
8,2,2,BERT,Français,9.900552659442729
8,2,3,BERT,Français,3.884094318362681
8,2,8,BERT,Français,16.612469334092886
8,3,1,BERT,Français,5.718194599404462
8,3,2,BERT,Français,9.061362708977091
8,3,3,BERT,Français,3.643936841143359
8,3,4,BERT,Français,11.843859353328481
8,3,8,BERT,Français,17.94099211898563
8,4,1,BERT,Français,4.353803663207862
8,4,2,BERT,Français,9.876618351368382
8,4,3,BERT,Français,4.251157429490957
8,4,8,BERT,Français,13.112795563704067
8,5,1,BERT,Français,2.9344359501709074
8,5,2,BERT,Français,7.854229828730133
8,5,3,BERT,Français,4.544632139444514
8,5,4,BERT,Français,12.72974460190693
8,5,5,BERT,Français,5.517361148545181
8,5,6,BERT,Français,7.594975818578832
8,5,7,BERT,Français,12.672960976556867
8,5,8,BERT,Français,19.98342529827075
8,6,1,BERT,Français,4.425214323209644
8,6,2,BERT,Français,7.209910371723068
8,6,3,BERT,Français,4.460581426012439
8,6,4,BERT,Français,12.565033970387523
8,6,5,BERT,Français,7.102648438669075
8,6,6,BERT,Français,7.507991714873213
8,6,8,BERT,Français,18.175454313600174
8,7,1,BERT,Français,2.885997983496807
8,7,2,BERT,Français,11.100603337566065
8,7,3,BERT,Français,6.996929938898846
8,7,4,BERT,Français,16.752510366520102
8,7,5,BERT,Français,5.947958054210679
8,7,6,BERT,Français,7.337285234685345
8,7,7,BERT,Français,11.845065415722788
8,7,8,BERT,Français,17.93033980069682
8,8,1,BERT,Français,3.1033736161986134
8,8,2,BERT,Français,11.8960285655724
8,8,3,BERT,Français,6.593353034679761
8,8,4,BERT,Français,12.775832238084531
8,8,5,BERT,Français,6.670083933682102
8,8,6,BERT,Français,7.684337265835772
8,8,8,BERT,Français,20.417141463277588
9,1,1,BERT,Français,6.561202691567442
9,1,2,BERT,Français,7.846388905313395
9,1,3,BERT,Français,3.840646772798937
9,1,4,BERT,Français,15.521901532649494
9,1,8,BERT,Français,14.248069244858483
9,2,1,BERT,Français,8.297424199029303
9,2,2,BERT,Français,8.03671891521093
9,2,3,BERT,Français,7.016338770506111
9,2,8,BERT,Français,15.591116246883633
9,3,1,BERT,Français,6.658889375904293
9,3,2,BERT,Français,9.728966197773717
9,3,3,BERT,Français,6.412566277161909
9,3,4,BERT,Français,15.618879035794222
9,3,8,BERT,Français,14.689044745386868
9,4,1,BERT,Français,6.207739225569298
9,4,2,BERT,Français,10.03885362863207
9,4,3,BERT,Français,3.164537344672894
9,4,8,BERT,Français,12.604421935704805
9,5,1,BERT,Français,7.25033512860767
9,5,2,BERT,Français,9.237299639394383
9,5,3,BERT,Français,3.762937559170548
9,5,4,BERT,Français,8.081460001239128
9,5,5,BERT,Français,7.367723285253874
9,5,6,BERT,Français,12.288946864942254
9,5,7,BERT,Français,8.689956152697285
9,5,8,BERT,Français,15.900900563329907
9,6,1,BERT,Français,7.066015047686234
9,6,2,BERT,Français,9.493657185175085
9,6,3,BERT,Français,4.4657963982074875
9,6,4,BERT,Français,14.38834803077675
9,6,5,BERT,Français,8.863981732227122
9,6,6,BERT,Français,13.844273509968335
9,6,8,BERT,Français,15.109258318696233
9,7,1,BERT,Français,9.370163048070065
9,7,2,BERT,Français,11.042021925450005
9,7,3,BERT,Français,2.7958702435724287
9,7,4,BERT,Français,9.970147982636396
9,7,5,BERT,Français,5.968539912191944
9,7,6,BERT,Français,12.137230613097522
9,7,7,BERT,Français,10.519987530869289
9,7,8,BERT,Français,13.784684303173998
9,8,1,BERT,Français,7.33365971494064
9,8,2,BERT,Français,10.549303725075307
9,8,3,BERT,Français,3.0972350849584362
9,8,4,BERT,Français,16.052150942833833
9,8,5,BERT,Français,6.059921235611267
9,8,6,BERT,Français,13.046379979865868
9,8,8,BERT,Français,16.0410831628775
10,1,1,BERT,Français,4.735855815779636
10,1,2,BERT,Français,10.055488187777469
10,1,3,BERT,Français,3.5679638361534605
10,1,4,BERT,Français,9.3208293078082
10,1,8,BERT,Français,11.163772774826638
10,2,1,BERT,Français,7.12963847900346
10,2,2,BERT,Français,10.685224409431068
10,2,3,BERT,Français,4.729715511121557
10,2,8,BERT,Français,10.011937033097663
10,3,1,BERT,Français,5.6519022798619
10,3,2,BERT,Français,13.687230440903177
10,3,3,BERT,Français,3.306730112567266
10,3,4,BERT,Français,9.487783623608708
10,3,8,BERT,Français,11.373170394376906
10,4,1,BERT,Français,6.741571122967316
10,4,2,BERT,Français,14.209704605786756
10,4,3,BERT,Français,4.639236620831496
10,4,8,BERT,Français,11.103304887868326
10,5,1,BERT,Français,5.284805581263393
10,5,2,BERT,Français,12.185620647201041
10,5,3,BERT,Français,5.337068297986083
10,5,4,BERT,Français,9.476775229158953
10,5,5,BERT,Français,4.943505495246216
10,5,6,BERT,Français,12.221601374733309
10,5,7,BERT,Français,11.713147717392069
10,5,8,BERT,Français,9.357364770657158
10,6,1,BERT,Français,4.517747309631697
10,6,2,BERT,Français,11.156934266257748
10,6,3,BERT,Français,5.662168250842089
10,6,4,BERT,Français,11.248689275194103
10,6,5,BERT,Français,5.277891243362645
10,6,6,BERT,Français,17.166380915369828
10,6,8,BERT,Français,11.035503303339038
10,7,1,BERT,Français,7.215433543541079
10,7,2,BERT,Français,16.384574997657207
10,7,3,BERT,Français,7.824205149347669
10,7,4,BERT,Français,8.332105813685684
10,7,5,BERT,Français,5.578925616136526
10,7,6,BERT,Français,12.172816259275361
10,7,7,BERT,Français,14.33696978017138
10,7,8,BERT,Français,9.264186495949234
10,8,1,BERT,Français,4.90309089604407
10,8,2,BERT,Français,13.912981387505985
10,8,3,BERT,Français,12.780834138923025
10,8,4,BERT,Français,9.21160903653006
10,8,5,BERT,Français,5.347706762244974
10,8,6,BERT,Français,13.90222583874885
10,8,8,BERT,Français,13.64029587522531
11,1,1,BERT,Français,9.637297652910997
11,1,2,BERT,Français,9.777622664077796
11,1,3,BERT,Français,1.568032419929521
11,1,4,BERT,Français,19.4525449451347
11,1,8,BERT,Français,16.05746625510388
11,2,1,BERT,Français,8.385788359811434
11,2,2,BERT,Français,10.659911398349957
11,2,3,BERT,Français,4.236945208772678
11,2,8,BERT,Français,16.951900986512875
11,3,1,BERT,Français,11.359263451304408
11,3,2,BERT,Français,12.488458814635075
11,3,3,BERT,Français,4.2143326235174685
11,3,4,BERT,Français,19.37796628335897
11,3,8,BERT,Français,15.105524045728774
11,4,1,BERT,Français,8.640435675575043
11,4,2,BERT,Français,10.716710250853929
11,4,3,BERT,Français,9.269087530114273
11,4,8,BERT,Français,17.084767050418208
11,5,1,BERT,Français,9.239746033242412
11,5,2,BERT,Français,12.685603872019296
11,5,3,BERT,Français,4.454013923858113
11,5,4,BERT,Français,13.93471092011189
11,5,5,BERT,Français,6.713027895992521
11,5,6,BERT,Français,7.0104798982249825
11,5,7,BERT,Français,12.83060984907712
11,5,8,BERT,Français,15.862963218848236
11,6,1,BERT,Français,12.26576380537454
11,6,2,BERT,Français,11.639247871155229
11,6,3,BERT,Français,3.293308176665799
11,6,4,BERT,Français,15.15642852867544
11,6,5,BERT,Français,5.337975912422544
11,6,6,BERT,Français,10.686679604483212
11,6,8,BERT,Français,16.319255682407114
11,7,1,BERT,Français,9.202608502128545
11,7,2,BERT,Français,13.52152351598381
11,7,3,BERT,Français,7.581838038037632
11,7,4,BERT,Français,13.678174685605851
11,7,5,BERT,Français,6.442763845627078
11,7,6,BERT,Français,6.993526671039891
11,7,7,BERT,Français,12.372864589343749
11,7,8,BERT,Français,15.951763094481846
11,8,1,BERT,Français,11.582851067703528
11,8,2,BERT,Français,14.377917227490553
11,8,3,BERT,Français,4.904016491593373
11,8,4,BERT,Français,16.600466767583608
11,8,5,BERT,Français,4.73579208932828
11,8,6,BERT,Français,12.153282772229698
11,8,8,BERT,Français,14.81448874277268
12,1,1,BERT,Français,11.887462339362646
12,1,2,BERT,Français,3.8133676510274297
12,1,3,BERT,Français,3.562251482898201
12,1,4,BERT,Français,8.51701594378689
12,1,8,BERT,Français,18.52754167970478
12,2,1,BERT,Français,13.306909983210618
12,2,2,BERT,Français,8.72078717403761
12,2,3,BERT,Français,5.455072935127318
12,2,8,BERT,Français,19.308863518035405
12,3,1,BERT,Français,12.521143130229348
12,3,2,BERT,Français,8.851707297934128
12,3,3,BERT,Français,5.6187555693833104
12,3,4,BERT,Français,8.749023760323336
12,3,8,BERT,Français,18.283531546147643
12,4,1,BERT,Français,15.185883553420867
12,4,2,BERT,Français,9.176929514835209
12,4,3,BERT,Français,6.463240198922327
12,4,8,BERT,Français,19.34370597051767
12,5,1,BERT,Français,12.190766482062271
12,5,2,BERT,Français,3.4063834281295544
12,5,3,BERT,Français,0.9843581490715234
12,5,4,BERT,Français,3.1917625364206965
12,5,5,BERT,Français,0.36041187492464627
12,5,6,BERT,Français,19.43527297475347
12,5,7,BERT,Français,1.5031734011256013
12,5,8,BERT,Français,21.711182635002675
12,6,1,BERT,Français,11.471166771452388
12,6,2,BERT,Français,4.66477976800844
12,6,3,BERT,Français,1.5486554279417692
12,6,4,BERT,Français,10.010839668673475
12,6,5,BERT,Français,4.431161439093663
12,6,6,BERT,Français,19.712533632200135
12,6,8,BERT,Français,17.795113384282637
12,7,1,BERT,Français,13.033147210051716
12,7,2,BERT,Français,7.537509459811917
12,7,3,BERT,Français,5.0250770383665255
12,7,4,BERT,Français,3.66997174036923
12,7,5,BERT,Français,0.7067166821268436
12,7,6,BERT,Français,19.336225954326512
12,7,7,BERT,Français,1.830580945567787
12,7,8,BERT,Français,14.469939018418879
12,8,1,BERT,Français,13.382573115737959
12,8,2,BERT,Français,9.097885670004427
12,8,3,BERT,Français,5.685095547611153
12,8,4,BERT,Français,10.250471788178649
12,8,5,BERT,Français,3.921302067274835
12,8,6,BERT,Français,18.519763253512703
12,8,8,BERT,Français,18.50941374122112
13,1,1,BERT,Français,2.9787532931634986
13,1,2,BERT,Français,8.050611227358239
13,1,3,BERT,Français,4.617086706738086
13,1,4,BERT,Français,16.612721646864948
13,1,8,BERT,Français,9.619998770838574
13,2,1,BERT,Français,4.354967983219977
13,2,2,BERT,Français,14.54050271675404
13,2,3,BERT,Français,8.275243443261367
13,2,8,BERT,Français,10.805273048563985
13,3,1,BERT,Français,3.0212395362278603
13,3,2,BERT,Français,13.171797645494784
13,3,3,BERT,Français,5.498614942690273
13,3,4,BERT,Français,17.467456561009925
13,3,8,BERT,Français,11.707789037204016
13,4,1,BERT,Français,4.612509170018101
13,4,2,BERT,Français,14.669128107266191
13,4,3,BERT,Français,15.806508779119822
13,4,8,BERT,Français,10.611887434278863
13,5,1,BERT,Français,3.589137998727704
13,5,2,BERT,Français,13.354345525130077
13,5,3,BERT,Français,3.8676457157316184
13,5,4,BERT,Français,11.668451013702494
13,5,5,BERT,Français,7.473377071113038
13,5,6,BERT,Français,9.825810633958946
13,5,7,BERT,Français,1.0156745540445726
13,5,8,BERT,Français,15.660083957288965
13,6,1,BERT,Français,4.111175757529053
13,6,2,BERT,Français,11.344853211116051
13,6,3,BERT,Français,3.1751069867838653
13,6,4,BERT,Français,17.090135566464223
13,6,5,BERT,Français,7.764401902972145
13,6,6,BERT,Français,17.87273406845746
13,6,8,BERT,Français,13.454577918225723
13,7,1,BERT,Français,3.9452494691035724
13,7,2,BERT,Français,12.46092806308827
13,7,3,BERT,Français,5.474296998808759
13,7,4,BERT,Français,12.638661230200439
13,7,5,BERT,Français,8.694780157184145
13,7,6,BERT,Français,11.288357075081942
13,7,7,BERT,Français,1.1783420997765803
13,7,8,BERT,Français,15.494822776150464
13,8,1,BERT,Français,6.93736453231914
13,8,2,BERT,Français,15.040598842066002
13,8,3,BERT,Français,4.485035464942677
13,8,4,BERT,Français,14.343557460338571
13,8,5,BERT,Français,9.387180423047948
13,8,6,BERT,Français,18.24075647955976
13,8,8,BERT,Français,13.38754630981072
14,1,1,BERT,Français,1.438821617976445
14,1,2,BERT,Français,0.9197759704867584
14,1,3,BERT,Français,4.009123141792893
14,1,4,BERT,Français,21.200322925858273
14,1,8,BERT,Français,11.062508179101803
14,2,1,BERT,Français,2.5065615599398945
14,2,2,BERT,Français,1.7341693740721085
14,2,3,BERT,Français,7.661746743525667
14,2,8,BERT,Français,9.99793545034333
14,3,1,BERT,Français,2.22908915050247
14,3,2,BERT,Français,3.2738153165552974
14,3,3,BERT,Français,5.973951440978318
14,3,4,BERT,Français,20.824287063646945
14,3,8,BERT,Français,11.078884746949857
14,4,1,BERT,Français,2.707087942945742
14,4,2,BERT,Français,3.3883975551718475
14,4,3,BERT,Français,9.230204722015069
14,4,8,BERT,Français,10.792543386133175
14,5,1,BERT,Français,1.5481487437139383
14,5,2,BERT,Français,0.7379575010481905
14,5,3,BERT,Français,1.2815462450602864
14,5,4,BERT,Français,14.117090944236764
14,5,5,BERT,Français,2.11394595872156
14,5,6,BERT,Français,11.518209681759782
14,5,7,BERT,Français,8.07516838167544
14,5,8,BERT,Français,9.062551103660338
14,6,1,BERT,Français,2.383118155619521
14,6,2,BERT,Français,0.9895780934325993
14,6,3,BERT,Français,3.0628166716324863
14,6,4,BERT,Français,11.942554884206054
14,6,5,BERT,Français,4.330672968887883
14,6,6,BERT,Français,14.421474242526848
14,6,8,BERT,Français,9.998452298683803
14,7,1,BERT,Français,1.7729794878498242
14,7,2,BERT,Français,4.538213454148451
14,7,3,BERT,Français,3.651780007878004
14,7,4,BERT,Français,14.48475783220673
14,7,5,BERT,Français,1.1323653126383184
14,7,6,BERT,Français,11.055158028884355
14,7,7,BERT,Français,8.204400436711277
14,7,8,BERT,Français,8.995500905155073
14,8,1,BERT,Français,2.6314385217449447
14,8,2,BERT,Français,4.3127035630045825
14,8,3,BERT,Français,3.7174741503795596
14,8,4,BERT,Français,11.581730184814049
14,8,5,BERT,Français,4.6682559964343024
14,8,6,BERT,Français,14.3170166642786
14,8,8,BERT,Français,10.56601184089658
15,1,1,BERT,Français,7.77637503884353
15,1,2,BERT,Français,12.251216585287304
15,1,3,BERT,Français,3.688747261997554
15,1,4,BERT,Français,7.463843273418281
15,1,8,BERT,Français,13.12865054697931
15,2,1,BERT,Français,7.888081440837651
15,2,2,BERT,Français,11.965913880753707
15,2,3,BERT,Français,4.7808004537395385
15,2,8,BERT,Français,14.21202124107717
15,3,1,BERT,Français,8.336433426881388
15,3,2,BERT,Français,14.791641342665228
15,3,3,BERT,Français,4.325037859200269
15,3,4,BERT,Français,7.873389886262595
15,3,8,BERT,Français,13.014625768787528
15,4,1,BERT,Français,8.985378427531492
15,4,2,BERT,Français,11.115261101577302
15,4,3,BERT,Français,4.010953257992755
15,4,8,BERT,Français,14.775116277329666
15,5,1,BERT,Français,9.261445473526916
15,5,2,BERT,Français,12.398324182785394
15,5,3,BERT,Français,2.746759869773281
15,5,4,BERT,Français,4.594069633289317
15,5,5,BERT,Français,0.6778244089118767
15,5,6,BERT,Français,15.962384011137122
15,5,7,BERT,Français,14.021842238426819
15,5,8,BERT,Français,14.446529483528266
15,6,1,BERT,Français,8.97813503544688
15,6,2,BERT,Français,13.062915924157084
15,6,3,BERT,Français,2.7594123005705065
15,6,4,BERT,Français,7.625732318215491
15,6,5,BERT,Français,4.516688045000647
15,6,6,BERT,Français,15.522904213257819
15,6,8,BERT,Français,14.42392017526238
15,7,1,BERT,Français,9.522729021222707
15,7,2,BERT,Français,15.20680760697051
15,7,3,BERT,Français,4.171587849225084
15,7,4,BERT,Français,12.196416620101296
15,7,5,BERT,Français,1.7302139858047334
15,7,6,BERT,Français,16.208111882583644
15,7,7,BERT,Français,17.181824805726162
15,7,8,BERT,Français,15.320132402638675
15,8,1,BERT,Français,8.690610663059688
15,8,2,BERT,Français,13.622163023962075
15,8,3,BERT,Français,4.511933591533711
15,8,4,BERT,Français,11.336835428791263
15,8,5,BERT,Français,4.440807317660439
15,8,6,BERT,Français,15.51693436200264
15,8,8,BERT,Français,15.070190968139874
16,1,1,BERT,Français,10.205211335828297
16,1,2,BERT,Français,1.8392008422252484
16,1,3,BERT,Français,2.4736061920629133
16,1,4,BERT,Français,0.850441095082503
16,1,8,BERT,Français,15.45167053182457
16,2,1,BERT,Français,11.174472653922697
16,2,2,BERT,Français,2.487447231565016
16,2,3,BERT,Français,2.3977392686338397
16,2,8,BERT,Français,14.507257698774378
16,3,1,BERT,Français,11.631441452366236
16,3,2,BERT,Français,5.953170744737161
16,3,3,BERT,Français,6.765786585339783
16,3,4,BERT,Français,1.6558109814091926
16,3,8,BERT,Français,17.561020122666505
16,4,1,BERT,Français,9.769035388707803
16,4,2,BERT,Français,5.334873825396427
16,4,3,BERT,Français,6.165682596534231
16,4,8,BERT,Français,15.54635872793842
16,5,1,BERT,Français,9.839044699480569
16,5,2,BERT,Français,3.6315825288591324
16,5,3,BERT,Français,2.8557550219915178
16,5,4,BERT,Français,0.6034490457989835
16,5,5,BERT,Français,0.2599126202779406
16,5,6,BERT,Français,9.128107731028964
16,5,7,BERT,Français,6.708323125267809
16,5,8,BERT,Français,13.755522779316186
16,6,1,BERT,Français,10.4591661555937
16,6,2,BERT,Français,4.040367133266307
16,6,3,BERT,Français,3.5445931308977534
16,6,4,BERT,Français,1.5983465116185387
16,6,5,BERT,Français,4.482700178351983
16,6,6,BERT,Français,15.040934266678244
16,6,8,BERT,Français,16.967254543373297
16,7,1,BERT,Français,10.235580293869694
16,7,2,BERT,Français,5.984602133352081
16,7,3,BERT,Français,4.228143848696186
16,7,4,BERT,Français,6.5818500079258655
16,7,5,BERT,Français,0.9192528856810953
16,7,6,BERT,Français,9.895795108910777
16,7,7,BERT,Français,5.962400766877389
16,7,8,BERT,Français,13.017014430338557
16,8,1,BERT,Français,11.066862721813735
16,8,2,BERT,Français,5.182406172557538
16,8,3,BERT,Français,5.2378343386206545
16,8,4,BERT,Français,7.109649897309006
16,8,5,BERT,Français,3.3819470393565045
16,8,6,BERT,Français,15.391089398257863
16,8,8,BERT,Français,16.554528906220312
17,1,1,BERT,Français,6.836305030432606
17,1,2,BERT,Français,2.8648581352349067
17,1,3,BERT,Français,6.700148623878034
17,1,4,BERT,Français,12.777445187043085
17,1,8,BERT,Français,14.504703048020948
17,2,1,BERT,Français,6.420546518826294
17,2,2,BERT,Français,4.901795994846689
17,2,3,BERT,Français,6.174229477979075
17,2,8,BERT,Français,15.632886307346674
17,3,1,BERT,Français,7.534676109650758
17,3,2,BERT,Français,10.684684842804279
17,3,3,BERT,Français,4.562393444985182
17,3,4,BERT,Français,12.972121668521472
17,3,8,BERT,Français,14.405947447105659
17,4,1,BERT,Français,7.77079626651163
17,4,2,BERT,Français,16.256248168239313
17,4,3,BERT,Français,8.231985130686905
17,4,8,BERT,Français,12.932171291565828
17,5,1,BERT,Français,6.555324149306782
17,5,2,BERT,Français,3.0669991849977833
17,5,3,BERT,Français,5.253581835383691
17,5,4,BERT,Français,13.865798848957452
17,5,5,BERT,Français,0.8153295283879218
17,5,6,BERT,Français,13.006214285022002
17,5,7,BERT,Français,7.01928939768663
17,5,8,BERT,Français,12.351863532829695
17,6,1,BERT,Français,7.110434487513766
17,6,2,BERT,Français,7.581982326855433
17,6,3,BERT,Français,5.540820686337558
17,6,4,BERT,Français,12.06354123733136
17,6,5,BERT,Français,5.04627209104489
17,6,6,BERT,Français,15.80346555782187
17,6,8,BERT,Français,12.551545128672604
17,7,1,BERT,Français,7.250317331083345
17,7,2,BERT,Français,8.664727147786172
17,7,3,BERT,Français,5.700592124317392
17,7,4,BERT,Français,15.763300367679843
17,7,5,BERT,Français,1.7820754248440098
17,7,6,BERT,Français,13.674072322286978
17,7,7,BERT,Français,7.498316099872253
17,7,8,BERT,Français,14.057547062967027
17,8,1,BERT,Français,8.974122721105216
17,8,2,BERT,Français,10.165663691246126
17,8,3,BERT,Français,7.369498339650165
17,8,4,BERT,Français,12.406016379402766
17,8,5,BERT,Français,4.638299268153287
17,8,6,BERT,Français,14.67653478660742
17,8,8,BERT,Français,15.810023162053481
18,1,1,BERT,Français,12.092163763935957
18,1,2,BERT,Français,6.549606145298642
18,1,3,BERT,Français,0.11323935289609752
18,1,4,BERT,Français,9.117840401989667
18,1,8,BERT,Français,12.959354924595546
18,2,1,BERT,Français,14.50139678457281
18,2,2,BERT,Français,4.342206076622662
18,2,3,BERT,Français,3.3952871833825338
18,2,8,BERT,Français,15.799794331427293
18,3,1,BERT,Français,12.85875411377273
18,3,2,BERT,Français,7.182127996518224
18,3,3,BERT,Français,3.1853907413362683
18,3,4,BERT,Français,8.394688802501003
18,3,8,BERT,Français,13.252540344343908
18,4,1,BERT,Français,14.902876070354361
18,4,2,BERT,Français,7.165822078918131
18,4,3,BERT,Français,5.53684710250901
18,4,8,BERT,Français,16.39285043634538
18,5,1,BERT,Français,12.432707332830002
18,5,2,BERT,Français,6.004051489403869
18,5,3,BERT,Français,0.6942735988703603
18,5,4,BERT,Français,4.390001150529023
18,5,5,BERT,Français,0.028203353640643466
18,5,6,BERT,Français,4.53860249001494
18,5,7,BERT,Français,11.46311406657411
18,5,8,BERT,Français,18.285513503991034
18,6,1,BERT,Français,12.279535177112214
18,6,2,BERT,Français,4.977934484764208
18,6,3,BERT,Français,0.9682540448395354
18,6,4,BERT,Français,7.202206298587
18,6,5,BERT,Français,0.12750048921846177
18,6,6,BERT,Français,7.19748955124817
18,6,8,BERT,Français,16.696754927003894
18,7,1,BERT,Français,13.776238951321748
18,7,2,BERT,Français,7.4670881443911625
18,7,3,BERT,Français,8.342353793618067
18,7,4,BERT,Français,10.394897958834814
18,7,5,BERT,Français,0.03371036748201527
18,7,6,BERT,Français,4.50907593962585
18,7,7,BERT,Français,12.0871885818648
18,7,8,BERT,Français,18.21034188926699
18,8,1,BERT,Français,14.863417002123352
18,8,2,BERT,Français,8.200599592963288
18,8,3,BERT,Français,8.878207557454708
18,8,4,BERT,Français,12.441292610556836
18,8,5,BERT,Français,0.45364138672265414
18,8,6,BERT,Français,9.8212167846752
18,8,8,BERT,Français,17.428286466920962
19,1,1,BERT,Français,11.345099830302416
19,1,2,BERT,Français,4.234682838214016
19,1,3,BERT,Français,2.0800689439062245
19,1,4,BERT,Français,5.337863638485265
19,1,8,BERT,Français,13.53402376742198
19,2,1,BERT,Français,12.595830197659446
19,2,2,BERT,Français,5.257252565197834
19,2,3,BERT,Français,5.181659579912102
19,2,8,BERT,Français,15.140405689965181
19,3,1,BERT,Français,15.045989664775497
19,3,2,BERT,Français,6.528373030697172
19,3,3,BERT,Français,4.231726007202239
19,3,4,BERT,Français,4.162698436968802
19,3,8,BERT,Français,14.68400690349254
19,4,1,BERT,Français,13.186222428831213
19,4,2,BERT,Français,6.878679917492531
19,4,3,BERT,Français,8.198650319113204
19,4,8,BERT,Français,13.884012745746173
19,5,1,BERT,Français,13.59099370880774
19,5,2,BERT,Français,6.901067240138506
19,5,3,BERT,Français,2.4476662778626923
19,5,4,BERT,Français,3.504556280845634
19,5,5,BERT,Français,1.5570036214437704
19,5,6,BERT,Français,11.124922348206589
19,5,7,BERT,Français,0.48086193240878733
19,5,8,BERT,Français,13.599968669104454
19,6,1,BERT,Français,12.384315813665513
19,6,2,BERT,Français,5.771075500485076
19,6,3,BERT,Français,4.827423705717908
19,6,4,BERT,Français,4.411496940927183
19,6,5,BERT,Français,5.790326067214309
19,6,6,BERT,Français,15.348638068366014
19,6,8,BERT,Français,16.573057712781196
19,7,1,BERT,Français,13.266300680161935
19,7,2,BERT,Français,7.10544929410077
19,7,3,BERT,Français,6.122061476554257
19,7,4,BERT,Français,5.781710969039713
19,7,5,BERT,Français,6.144276043210483
19,7,6,BERT,Français,13.97285549314303
19,7,7,BERT,Français,0.7273099942682336
19,7,8,BERT,Français,15.287815290147407
19,8,1,BERT,Français,13.86947593984359
19,8,2,BERT,Français,7.209018997474988
19,8,3,BERT,Français,6.167993317718531
19,8,4,BERT,Français,5.221376189886933
19,8,5,BERT,Français,5.467594013183567
19,8,6,BERT,Français,17.350822229854664
19,8,8,BERT,Français,15.2997453999851
20,1,1,BERT,Français,10.209502150407578
20,1,2,BERT,Français,1.9378042834175773
20,1,3,BERT,Français,2.362879877967938
20,1,4,BERT,Français,8.943459851602137
20,1,8,BERT,Français,14.745141209283954
20,2,1,BERT,Français,7.79010464159652
20,2,2,BERT,Français,6.046554039745105
20,2,3,BERT,Français,4.099422071198365
20,2,8,BERT,Français,15.315244960021534
20,3,1,BERT,Français,10.603295931598073
20,3,2,BERT,Français,6.0848863386954015
20,3,3,BERT,Français,2.4708944165578575
20,3,4,BERT,Français,9.673021712943468
20,3,8,BERT,Français,17.430014516217174
20,4,1,BERT,Français,11.596481585800332
20,4,2,BERT,Français,6.6085356012352845
20,4,3,BERT,Français,8.036974476516637
20,4,8,BERT,Français,16.16262624611964
20,5,1,BERT,Français,9.003216993882882
20,5,2,BERT,Français,6.911273700371922
20,5,3,BERT,Français,4.84520181934891
20,5,4,BERT,Français,4.622850116365381
20,5,5,BERT,Français,0.30994883403642914
20,5,6,BERT,Français,6.517952064945321
20,5,7,BERT,Français,14.393659177984594
20,5,8,BERT,Français,14.34446054232724
20,6,1,BERT,Français,9.571313970703809
20,6,2,BERT,Français,5.427547829277291
20,6,3,BERT,Français,4.896233251257362
20,6,4,BERT,Français,9.802118471455941
20,6,5,BERT,Français,3.8191584344333385
20,6,6,BERT,Français,12.28753943599953
20,6,8,BERT,Français,16.07016966257633
20,7,1,BERT,Français,10.077692355523002
20,7,2,BERT,Français,6.730932834207555
20,7,3,BERT,Français,11.936164381214796
20,7,4,BERT,Français,11.88433969882159
20,7,5,BERT,Français,0.04648876482940952
20,7,6,BERT,Français,10.667117031926205
20,7,7,BERT,Français,13.491121165319944
20,7,8,BERT,Français,15.861538975774506
20,8,1,BERT,Français,9.851017054003142
20,8,2,BERT,Français,5.747205955070421
20,8,3,BERT,Français,11.950610573198958
20,8,4,BERT,Français,11.974288953216245
20,8,5,BERT,Français,3.0259529952271382
20,8,6,BERT,Français,18.993308562549686
20,8,8,BERT,Français,16.71777634441591
21,1,1,BERT,Français,9.123275014802054
21,1,2,BERT,Français,6.057567109029093
21,1,3,BERT,Français,0.6530605270332144
21,1,4,BERT,Français,9.393955299153143
21,1,8,BERT,Français,10.345746504769686
21,2,1,BERT,Français,9.756977432776527
21,2,2,BERT,Français,4.698657735248573
21,2,3,BERT,Français,1.996284631477755
21,2,8,BERT,Français,11.234038253561724
21,3,1,BERT,Français,10.070407833343316
21,3,2,BERT,Français,9.328937566053469
21,3,3,BERT,Français,6.651028364205072
21,3,4,BERT,Français,11.883328447458974
21,3,8,BERT,Français,12.549153985718204
21,4,1,BERT,Français,9.646547168300579
21,4,2,BERT,Français,7.635269125282164
21,4,3,BERT,Français,10.893165531912613
21,4,8,BERT,Français,11.324087748839785
21,5,1,BERT,Français,9.394341895963489
21,5,2,BERT,Français,7.4321224686387355
21,5,3,BERT,Français,1.922513872320399
21,5,4,BERT,Français,8.808134127863013
21,5,5,BERT,Français,2.5843128965372126
21,5,6,BERT,Français,23.257065728949307
21,5,7,BERT,Français,13.144349697636295
21,5,8,BERT,Français,9.972832202101559
21,6,1,BERT,Français,10.47346816591367
21,6,2,BERT,Français,7.009450893994884
21,6,3,BERT,Français,1.2760254030961429
21,6,4,BERT,Français,9.158847050683905
21,6,5,BERT,Français,6.88457257903159
21,6,6,BERT,Français,15.685215836720857
21,6,8,BERT,Français,10.534239189565227
21,7,1,BERT,Français,10.902846325306376
21,7,2,BERT,Français,10.712536168622222
21,7,3,BERT,Français,6.356293181450297
21,7,4,BERT,Français,10.359940234165162
21,7,5,BERT,Français,2.95272345599327
21,7,6,BERT,Français,21.93070594569618
21,7,7,BERT,Français,12.61163066856804
21,7,8,BERT,Français,14.066280803947503
21,8,1,BERT,Français,11.628700859552772
21,8,2,BERT,Français,10.36084060243012
21,8,3,BERT,Français,4.860824023562594
21,8,4,BERT,Français,10.527359107029591
21,8,5,BERT,Français,7.197956626563242
21,8,6,BERT,Français,14.304865077566618
21,8,8,BERT,Français,14.611123184815545
